{"v":"4.8.0","meta":{"g":"LottieFiles AE 3.4.3","a":"","k":"","d":"","tc":""},"fr":60,"ip":0,"op":360,"w":5000,"h":5000,"nm":"Women reading","ddd":0,"assets":[{"id":"comp_0","layers":[{"ddd":0,"ind":1,"ty":4,"nm":"Layer 16 Outlines","sr":1,"ks":{"o":{"a":0,"k":100,"ix":11},"r":{"a":0,"k":0,"ix":10},"p":{"a":0,"k":[3336.038,3391.187,0],"ix":2},"a":{"a":0,"k":[611.6,940.972,0],"ix":1},"s":{"a":0,"k":[100,100,100],"ix":6}},"ao":0,"shapes":[{"ty":"gr","it":[{"ind":0,"ty":"sh","ix":1,"ks":{"a":0,"k":{"i":[[37.333,-3.74],[16.981,7.201],[0,0],[-22.884,53.96],[-53.96,-22.884],[0,0],[22.883,-53.96]],"o":[[-17.143,1.717],[0,0],[-53.96,-22.884],[22.884,-53.96],[0,0],[53.96,22.884],[-15.683,36.979]],"v":[[233.998,207.038],[182.077,199.116],[-264.946,9.535],[-321.214,-129.604],[-182.075,-185.871],[264.948,3.709],[321.215,142.849]],"c":true},"ix":2},"nm":"Path 1","mn":"ADBE Vector Shape - Group","hd":false},{"ty":"fl","c":{"a":0,"k":[0.301960784314,0.529411764706,0.494117676978,1],"ix":4},"o":{"a":0,"k":100,"ix":5},"r":1,"bm":0,"nm":"Fill 1","mn":"ADBE Vector Graphic - Fill","hd":false},{"ty":"tr","p":{"a":0,"k":[703.067,772.528],"ix":2},"a":{"a":0,"k":[0,0],"ix":1},"s":{"a":0,"k":[100,100],"ix":3},"r":{"a":0,"k":0,"ix":6},"o":{"a":0,"k":100,"ix":7},"sk":{"a":0,"k":0,"ix":4},"sa":{"a":0,"k":0,"ix":5},"nm":"Transform"}],"nm":"Group 1","np":2,"cix":2,"bm":0,"ix":1,"mn":"ADBE Vector Group","hd":false},{"ty":"gr","it":[{"ind":0,"ty":"sh","ix":1,"ks":{"a":0,"k":{"i":[[37.333,-3.74],[16.981,7.201],[0,0],[-22.884,53.96],[-53.96,-22.884],[0,0],[22.883,-53.96]],"o":[[-17.143,1.717],[0,0],[-53.96,-22.884],[22.884,-53.96],[0,0],[53.959,22.884],[-15.683,36.979]],"v":[[233.998,207.038],[182.077,199.116],[-264.946,9.535],[-321.214,-129.604],[-182.075,-185.871],[264.948,3.709],[321.215,142.849]],"c":true},"ix":2},"nm":"Path 1","mn":"ADBE Vector Shape - Group","hd":false},{"ty":"fl","c":{"a":0,"k":[0.282352941176,0.627450980392,0.494117676978,1],"ix":4},"o":{"a":0,"k":100,"ix":5},"r":1,"bm":0,"nm":"Fill 1","mn":"ADBE Vector Graphic - Fill","hd":false},{"ty":"tr","p":{"a":0,"k":[708.068,766.414],"ix":2},"a":{"a":0,"k":[0,0],"ix":1},"s":{"a":0,"k":[100,100],"ix":3},"r":{"a":0,"k":0,"ix":6},"o":{"a":0,"k":100,"ix":7},"sk":{"a":0,"k":0,"ix":4},"sa":{"a":0,"k":0,"ix":5},"nm":"Transform"}],"nm":"Group 2","np":2,"cix":2,"bm":0,"ix":2,"mn":"ADBE Vector Group","hd":false},{"ty":"gr","it":[{"ind":0,"ty":"sh","ix":1,"ks":{"a":0,"k":{"i":[[37.333,-3.74],[16.981,7.201],[0,0],[-22.884,53.96],[-53.96,-22.884],[0,0],[22.883,-53.96]],"o":[[-17.143,1.717],[0,0],[-53.96,-22.884],[22.884,-53.96],[0,0],[53.96,22.884],[-15.683,36.979]],"v":[[233.998,207.038],[182.077,199.116],[-264.946,9.535],[-321.214,-129.604],[-182.075,-185.871],[264.948,3.709],[321.215,142.849]],"c":true},"ix":2},"nm":"Path 1","mn":"ADBE Vector Shape - Group","hd":false},{"ty":"fl","c":{"a":0,"k":[0.243137269862,0.407843167174,0.396078461292,1],"ix":4},"o":{"a":0,"k":100,"ix":5},"r":1,"bm":0,"nm":"Fill 1","mn":"ADBE Vector Graphic - Fill","hd":false},{"ty":"tr","p":{"a":0,"k":[706.681,780.586],"ix":2},"a":{"a":0,"k":[0,0],"ix":1},"s":{"a":0,"k":[100,100],"ix":3},"r":{"a":0,"k":0,"ix":6},"o":{"a":0,"k":100,"ix":7},"sk":{"a":0,"k":0,"ix":4},"sa":{"a":0,"k":0,"ix":5},"nm":"Transform"}],"nm":"Group 3","np":2,"cix":2,"bm":0,"ix":3,"mn":"ADBE Vector Group","hd":false},{"ty":"gr","it":[{"ind":0,"ty":"sh","ix":1,"ks":{"a":0,"k":{"i":[[-5.76,-27.533],[4.346,-13.301],[0,0],[43.953,12.366],[-13.808,42.266],[0,0],[-43.952,-12.366]],"o":[[2.645,12.643],[0,0],[-13.808,42.265],[-43.953,-12.366],[0,0],[13.808,-42.265],[30.122,8.474]],"v":[[154.733,-232.916],[152.475,-193.478],[15.598,238.26],[-88.988,292.397],[-143.57,193.478],[-6.693,-238.26],[97.893,-292.397]],"c":true},"ix":2},"nm":"Path 1","mn":"ADBE Vector Shape - Group","hd":false},{"ty":"fl","c":{"a":0,"k":[0.243137269862,0.407843167174,0.396078461292,1],"ix":4},"o":{"a":0,"k":100,"ix":5},"r":1,"bm":0,"nm":"Fill 1","mn":"ADBE Vector Graphic - Fill","hd":false},{"ty":"tr","p":{"a":0,"k":[388.102,1103.024],"ix":2},"a":{"a":0,"k":[0,0],"ix":1},"s":{"a":0,"k":[100,100],"ix":3},"r":{"a":0,"k":0,"ix":6},"o":{"a":0,"k":100,"ix":7},"sk":{"a":0,"k":0,"ix":4},"sa":{"a":0,"k":0,"ix":5},"nm":"Transform"}],"nm":"Group 4","np":2,"cix":2,"bm":0,"ix":4,"mn":"ADBE Vector Group","hd":false},{"ty":"gr","it":[{"ind":0,"ty":"sh","ix":1,"ks":{"a":0,"k":{"i":[[-5.76,-27.533],[4.346,-13.301],[0,0],[43.953,12.366],[-13.808,42.266],[0,0],[-43.953,-12.366]],"o":[[2.645,12.643],[0,0],[-13.808,42.265],[-43.953,-12.366],[0,0],[13.809,-42.265],[30.121,8.474]],"v":[[154.733,-232.916],[152.475,-193.478],[15.598,238.26],[-88.988,292.397],[-143.57,193.478],[-6.693,-238.26],[97.894,-292.397]],"c":true},"ix":2},"nm":"Path 1","mn":"ADBE Vector Shape - Group","hd":false},{"ty":"fl","c":{"a":0,"k":[0.282352941176,0.627450980392,0.494117676978,1],"ix":4},"o":{"a":0,"k":100,"ix":5},"r":1,"bm":0,"nm":"Fill 1","mn":"ADBE Vector Graphic - Fill","hd":false},{"ty":"tr","p":{"a":0,"k":[390.895,1116.988],"ix":2},"a":{"a":0,"k":[0,0],"ix":1},"s":{"a":0,"k":[100,100],"ix":3},"r":{"a":0,"k":0,"ix":6},"o":{"a":0,"k":100,"ix":7},"sk":{"a":0,"k":0,"ix":4},"sa":{"a":0,"k":0,"ix":5},"nm":"Transform"}],"nm":"Group 5","np":2,"cix":2,"bm":0,"ix":5,"mn":"ADBE Vector Group","hd":false},{"ty":"gr","it":[{"ind":0,"ty":"sh","ix":1,"ks":{"a":0,"k":{"i":[[0,0],[33.513,5.586],[-1.316,24.602],[40.737,-29.014],[-27.928,-47.477],[-13.964,22.343],[-22.342,16.757],[5.431,42.719],[0,0]],"o":[[-16.757,22.342],[-33.514,-5.585],[0,0],[-40.738,29.014],[27.928,47.478],[13.964,-22.342],[0,0],[-5.43,-42.72],[0,0]],"v":[[123.038,-101.937],[25.291,-32.118],[1.633,-88.506],[-54.062,-8.068],[-131.105,96.35],[42.046,71.215],[117.451,-32.118],[153.603,-101.109],[141.128,-130.04]],"c":true},"ix":2},"nm":"Path 1","mn":"ADBE Vector Shape - Group","hd":false},{"ty":"fl","c":{"a":0,"k":[0.709803921569,0.133333333333,0.078431372549,1],"ix":4},"o":{"a":0,"k":100,"ix":5},"r":1,"bm":0,"nm":"Fill 1","mn":"ADBE Vector Graphic - Fill","hd":false},{"ty":"tr","p":{"a":0,"k":[159.283,1737.865],"ix":2},"a":{"a":0,"k":[0,0],"ix":1},"s":{"a":0,"k":[100,100],"ix":3},"r":{"a":0,"k":0,"ix":6},"o":{"a":0,"k":100,"ix":7},"sk":{"a":0,"k":0,"ix":4},"sa":{"a":0,"k":0,"ix":5},"nm":"Transform"}],"nm":"Group 6","np":2,"cix":2,"bm":0,"ix":6,"mn":"ADBE Vector Group","hd":false},{"ty":"gr","it":[{"ind":0,"ty":"sh","ix":1,"ks":{"a":0,"k":{"i":[[0,0],[22.342,-44.684],[2.793,-41.892],[-21.647,-10.502],[-31.083,23.945],[11.121,23.738],[-14.662,32.497],[5.017,13.623],[25.085,-4.957]],"o":[[0,0],[-22.342,44.685],[-2.793,41.892],[21.647,10.501],[31.083,-23.946],[-11.121,-23.739],[14.661,-32.498],[-5.017,-13.623],[-25.085,4.957]],"v":[[28.836,-206.239],[-35.036,34.281],[-82.513,151.578],[-118.125,236.031],[28.836,144.803],[71.04,71.984],[78.771,-25.382],[134.755,-206.239],[71.04,-241.575]],"c":true},"ix":2},"nm":"Path 1","mn":"ADBE Vector Shape - Group","hd":false},{"ty":"fl","c":{"a":0,"k":[0.972549079446,0.764705942191,0.6,1],"ix":4},"o":{"a":0,"k":100,"ix":5},"r":1,"bm":0,"nm":"Fill 1","mn":"ADBE Vector Graphic - Fill","hd":false},{"ty":"tr","p":{"a":0,"k":[233.574,1548.585],"ix":2},"a":{"a":0,"k":[0,0],"ix":1},"s":{"a":0,"k":[100,100],"ix":3},"r":{"a":0,"k":0,"ix":6},"o":{"a":0,"k":100,"ix":7},"sk":{"a":0,"k":0,"ix":4},"sa":{"a":0,"k":0,"ix":5},"nm":"Transform"}],"nm":"Group 7","np":2,"cix":2,"bm":0,"ix":7,"mn":"ADBE Vector Group","hd":false},{"ty":"gr","it":[{"ind":0,"ty":"sh","ix":1,"ks":{"a":0,"k":{"i":[[27.648,-17.016],[16.24,-0.321],[0,0],[4.316,53.483],[-51.605,1.02],[0,0],[-4.316,-53.484]],"o":[[-12.696,7.813],[0,0],[-51.605,1.021],[-4.316,-53.484],[0,0],[51.605,-1.021],[2.958,36.652]],"v":[[266.105,79.884],[222.251,92.613],[-205.264,101.069],[-306.518,6.076],[-220.893,-92.613],[206.622,-101.069],[307.876,-6.076]],"c":true},"ix":2},"nm":"Path 1","mn":"ADBE Vector Shape - Group","hd":false},{"ty":"fl","c":{"a":0,"k":[0.243137269862,0.407843167174,0.396078461292,1],"ix":4},"o":{"a":0,"k":100,"ix":5},"r":1,"bm":0,"nm":"Fill 1","mn":"ADBE Vector Graphic - Fill","hd":false},{"ty":"tr","p":{"a":0,"k":[697.149,893.071],"ix":2},"a":{"a":0,"k":[0,0],"ix":1},"s":{"a":0,"k":[100,100],"ix":3},"r":{"a":0,"k":0,"ix":6},"o":{"a":0,"k":100,"ix":7},"sk":{"a":0,"k":0,"ix":4},"sa":{"a":0,"k":0,"ix":5},"nm":"Transform"}],"nm":"Group 8","np":2,"cix":2,"bm":0,"ix":8,"mn":"ADBE Vector Group","hd":false},{"ty":"gr","it":[{"ind":0,"ty":"sh","ix":1,"ks":{"a":0,"k":{"i":[[27.648,-17.016],[16.24,-0.321],[0,0],[4.316,53.484],[-51.605,1.021],[0,0],[-4.316,-53.484]],"o":[[-12.696,7.813],[0,0],[-51.605,1.021],[-4.316,-53.484],[0,0],[51.605,-1.021],[2.958,36.652]],"v":[[266.105,79.884],[222.251,92.613],[-205.264,101.069],[-306.518,6.076],[-220.893,-92.613],[206.622,-101.069],[307.876,-6.076]],"c":true},"ix":2},"nm":"Path 1","mn":"ADBE Vector Shape - Group","hd":false},{"ty":"fl","c":{"a":0,"k":[0.282352941176,0.627450980392,0.494117676978,1],"ix":4},"o":{"a":0,"k":100,"ix":5},"r":1,"bm":0,"nm":"Fill 1","mn":"ADBE Vector Graphic - Fill","hd":false},{"ty":"tr","p":{"a":0,"k":[694.844,898.085],"ix":2},"a":{"a":0,"k":[0,0],"ix":1},"s":{"a":0,"k":[100,100],"ix":3},"r":{"a":0,"k":0,"ix":6},"o":{"a":0,"k":100,"ix":7},"sk":{"a":0,"k":0,"ix":4},"sa":{"a":0,"k":0,"ix":5},"nm":"Transform"}],"nm":"Group 9","np":2,"cix":2,"bm":0,"ix":9,"mn":"ADBE Vector Group","hd":false},{"ty":"gr","it":[{"ind":0,"ty":"sh","ix":1,"ks":{"a":0,"k":{"i":[[0,0],[0,0],[0,-27.194],[3.763,-8.889],[35.508,15.038],[66.334,45.942],[0,0],[5.683,19.973]],"o":[[69.82,25.135],[26.619,11.273],[0,9.082],[-15.036,35.506],[0,0],[0,0],[0,0],[0,0]],"v":[[-117.508,-111.724],[122.719,-23.942],[165.331,40.38],[159.784,67.577],[68.265,104.641],[-120.301,-19.562],[-165.331,-47.545],[-136.96,-119.679]],"c":true},"ix":2},"nm":"Path 1","mn":"ADBE Vector Shape - Group","hd":false},{"ty":"fl","c":{"a":0,"k":[0.964705942191,0.929411824544,0.854902020623,1],"ix":4},"o":{"a":0,"k":100,"ix":5},"r":1,"bm":0,"nm":"Fill 1","mn":"ADBE Vector Graphic - Fill","hd":false},{"ty":"tr","p":{"a":0,"k":[860.498,538.664],"ix":2},"a":{"a":0,"k":[0,0],"ix":1},"s":{"a":0,"k":[100,100],"ix":3},"r":{"a":0,"k":0,"ix":6},"o":{"a":0,"k":100,"ix":7},"sk":{"a":0,"k":0,"ix":4},"sa":{"a":0,"k":0,"ix":5},"nm":"Transform"}],"nm":"Group 10","np":2,"cix":2,"bm":0,"ix":10,"mn":"ADBE Vector Group","hd":false},{"ty":"gr","it":[{"ind":0,"ty":"sh","ix":1,"ks":{"a":0,"k":{"i":[[0,0],[0,0],[0,-27.74],[3.808,-9.067],[35.92,15.34],[67.104,46.864],[0,0],[5.749,20.374]],"o":[[70.631,25.639],[26.928,11.498],[0,9.264],[-15.211,36.219],[0,0],[0,0],[0,0],[0,0]],"v":[[-118.874,-113.966],[124.145,-24.422],[167.253,41.19],[161.641,68.933],[69.058,106.741],[-121.7,-19.955],[-167.253,-48.499],[-138.553,-122.081]],"c":true},"ix":2},"nm":"Path 1","mn":"ADBE Vector Shape - Group","hd":false},{"ty":"fl","c":{"a":0,"k":[0.784313785329,0.725490196078,0.647058823529,1],"ix":4},"o":{"a":0,"k":100,"ix":5},"r":1,"bm":0,"nm":"Fill 1","mn":"ADBE Vector Graphic - Fill","hd":false},{"ty":"tr","p":{"a":0,"k":[852.991,539.246],"ix":2},"a":{"a":0,"k":[0,0],"ix":1},"s":{"a":0,"k":[100,100],"ix":3},"r":{"a":0,"k":0,"ix":6},"o":{"a":0,"k":100,"ix":7},"sk":{"a":0,"k":0,"ix":4},"sa":{"a":0,"k":0,"ix":5},"nm":"Transform"}],"nm":"Group 11","np":2,"cix":2,"bm":0,"ix":11,"mn":"ADBE Vector Group","hd":false},{"ty":"gr","it":[{"ind":0,"ty":"sh","ix":1,"ks":{"a":0,"k":{"i":[[5.593,2.013],[0,0],[22.342,11.171],[5.586,-5.586],[-64.234,-19.549],[0,0],[5.586,-5.586],[-44.684,-16.757],[0,0],[25.135,0],[-22.343,-8.378],[2.793,-5.586],[9.775,-4.492],[-33.513,-13.964],[0,0],[-67.343,-45.189],[-6.284,28.134]],"o":[[-69.819,-25.135],[0,0],[-22.343,-11.171],[-5.585,5.585],[64.233,19.549],[0,0],[-5.585,5.585],[44.685,16.757],[0,0],[-25.135,0],[22.342,8.379],[-2.793,5.585],[-9.774,4.492],[33.514,13.964],[0,0],[11.333,-25.999],[-6.745,-2.443]],"v":[[197.375,58.958],[32.6,-41.582],[-48.39,-105.816],[-210.371,-142.122],[-148.93,-105.816],[-79.11,-80.681],[-207.578,-114.194],[-134.966,-69.51],[-83.921,-47.871],[-188.028,-77.888],[-123.795,-33.204],[-79.11,-13.654],[-167.083,-29.317],[-45.598,28.237],[4.672,50.58],[189.568,147.708],[215.956,65.671]],"c":true},"ix":2},"nm":"Path 1","mn":"ADBE Vector Shape - Group","hd":false},{"ty":"fl","c":{"a":0,"k":[0.972549079446,0.764705942191,0.6,1],"ix":4},"o":{"a":0,"k":100,"ix":5},"r":1,"bm":0,"nm":"Fill 1","mn":"ADBE Vector Graphic - Fill","hd":false},{"ty":"tr","p":{"a":0,"k":[545.615,367.982],"ix":2},"a":{"a":0,"k":[0,0],"ix":1},"s":{"a":0,"k":[100,100],"ix":3},"r":{"a":0,"k":0,"ix":6},"o":{"a":0,"k":100,"ix":7},"sk":{"a":0,"k":0,"ix":4},"sa":{"a":0,"k":0,"ix":5},"nm":"Transform"}],"nm":"Group 12","np":2,"cix":2,"bm":0,"ix":12,"mn":"ADBE Vector Group","hd":false},{"ty":"gr","it":[{"ind":0,"ty":"sh","ix":1,"ks":{"a":0,"k":{"i":[[0,0],[-66.333,-45.942],[0,9.082],[26.619,11.272],[69.819,25.135],[0,0],[22.343,11.172],[5.586,-5.585],[-64.234,-19.549],[0,0],[5.585,-5.585],[-44.684,-16.757],[0,0],[25.135,0],[-22.342,-8.379],[2.793,-5.585],[9.775,-4.492],[-33.513,-13.964]],"o":[[0,0],[66.333,45.942],[0,-27.194],[0,0],[-69.82,-25.135],[0,0],[-22.342,-11.171],[-5.585,5.586],[64.234,19.55],[0,0],[-5.586,5.586],[44.685,16.756],[0,0],[-25.135,0],[22.343,8.378],[-2.793,5.586],[-9.775,4.492],[33.513,13.964]],"v":[[-39.143,25.902],[150.766,126.442],[235.946,116.667],[233.153,69.19],[153.559,34.281],[-11.215,-66.259],[-92.206,-130.494],[-254.187,-166.8],[-192.746,-130.494],[-122.926,-105.357],[-251.394,-138.872],[-178.782,-94.186],[-127.736,-72.548],[-231.845,-102.565],[-167.611,-57.881],[-122.926,-38.332],[-210.899,-53.995],[-89.413,3.561]],"c":true},"ix":2},"nm":"Path 1","mn":"ADBE Vector Shape - Group","hd":false},{"ty":"fl","c":{"a":0,"k":[0.917647118662,0.505882352941,0.305882352941,1],"ix":4},"o":{"a":0,"k":100,"ix":5},"r":1,"bm":0,"nm":"Fill 1","mn":"ADBE Vector Graphic - Fill","hd":false},{"ty":"tr","p":{"a":0,"k":[589.431,395.452],"ix":2},"a":{"a":0,"k":[0,0],"ix":1},"s":{"a":0,"k":[100,100],"ix":3},"r":{"a":0,"k":0,"ix":6},"o":{"a":0,"k":100,"ix":7},"sk":{"a":0,"k":0,"ix":4},"sa":{"a":0,"k":0,"ix":5},"nm":"Transform"}],"nm":"Group 13","np":2,"cix":2,"bm":0,"ix":13,"mn":"ADBE Vector Group","hd":false},{"ty":"gr","it":[{"ind":0,"ty":"sh","ix":1,"ks":{"a":0,"k":{"i":[[27.194,0],[8.889,3.763],[-15.039,35.507],[0,0],[-35.505,-15.036],[15.039,-35.507],[0,0]],"o":[[-9.082,0],[-35.507,-15.036],[0,0],[15.035,-35.509],[35.507,15.036],[0,0],[-11.272,26.619]],"v":[[-87.869,281.998],[-115.066,276.451],[-152.13,184.934],[23.548,-229.898],[115.066,-266.962],[152.13,-175.445],[-23.548,239.387]],"c":true},"ix":2},"nm":"Path 1","mn":"ADBE Vector Shape - Group","hd":false},{"ty":"fl","c":{"a":0,"k":[0.964705942191,0.929411824544,0.854902020623,1],"ix":4},"o":{"a":0,"k":100,"ix":5},"r":1,"bm":0,"nm":"Fill 1","mn":"ADBE Vector Graphic - Fill","hd":false},{"ty":"tr","p":{"a":0,"k":[1047.403,366.34],"ix":2},"a":{"a":0,"k":[0,0],"ix":1},"s":{"a":0,"k":[100,100],"ix":3},"r":{"a":0,"k":0,"ix":6},"o":{"a":0,"k":100,"ix":7},"sk":{"a":0,"k":0,"ix":4},"sa":{"a":0,"k":0,"ix":5},"nm":"Transform"}],"nm":"Group 14","np":2,"cix":2,"bm":0,"ix":14,"mn":"ADBE Vector Group","hd":false},{"ty":"gr","it":[{"ind":0,"ty":"sh","ix":1,"ks":{"a":0,"k":{"i":[[27.194,0],[8.888,3.763],[-15.039,35.507],[0,0],[-35.505,-15.036],[15.038,-35.507],[0,0]],"o":[[-9.082,0],[-35.507,-15.036],[0,0],[15.035,-35.509],[35.507,15.036],[0,0],[-11.272,26.619]],"v":[[-87.868,281.998],[-115.065,276.451],[-152.13,184.934],[23.549,-229.898],[115.066,-266.962],[152.13,-175.445],[-23.548,239.387]],"c":true},"ix":2},"nm":"Path 1","mn":"ADBE Vector Shape - Group","hd":false},{"ty":"fl","c":{"a":0,"k":[1,1,1,1],"ix":4},"o":{"a":0,"k":100,"ix":5},"r":1,"bm":0,"nm":"Fill 1","mn":"ADBE Vector Graphic - Fill","hd":false},{"ty":"tr","p":{"a":0,"k":[1039.024,366.34],"ix":2},"a":{"a":0,"k":[0,0],"ix":1},"s":{"a":0,"k":[100,100],"ix":3},"r":{"a":0,"k":0,"ix":6},"o":{"a":0,"k":100,"ix":7},"sk":{"a":0,"k":0,"ix":4},"sa":{"a":0,"k":0,"ix":5},"nm":"Transform"}],"nm":"Group 15","np":2,"cix":2,"bm":0,"ix":15,"mn":"ADBE Vector Group","hd":false},{"ty":"gr","it":[{"ind":0,"ty":"sh","ix":1,"ks":{"a":0,"k":{"i":[[27.194,0],[8.888,3.763],[-15.039,35.507],[0,0],[-35.505,-15.036],[15.038,-35.507],[0,0]],"o":[[-9.082,0],[-35.507,-15.036],[0,0],[15.035,-35.509],[35.507,15.036],[0,0],[-11.272,26.619]],"v":[[-87.868,281.998],[-115.065,276.451],[-152.13,184.933],[23.549,-229.899],[115.066,-266.963],[152.13,-175.444],[-23.548,239.386]],"c":true},"ix":2},"nm":"Path 1","mn":"ADBE Vector Shape - Group","hd":false},{"ty":"fl","c":{"a":0,"k":[0.784313785329,0.725490196078,0.647058823529,1],"ix":4},"o":{"a":0,"k":100,"ix":5},"r":1,"bm":0,"nm":"Fill 1","mn":"ADBE Vector Graphic - Fill","hd":false},{"ty":"tr","p":{"a":0,"k":[1055.781,363.547],"ix":2},"a":{"a":0,"k":[0,0],"ix":1},"s":{"a":0,"k":[100,100],"ix":3},"r":{"a":0,"k":0,"ix":6},"o":{"a":0,"k":100,"ix":7},"sk":{"a":0,"k":0,"ix":4},"sa":{"a":0,"k":0,"ix":5},"nm":"Transform"}],"nm":"Group 16","np":2,"cix":2,"bm":0,"ix":16,"mn":"ADBE Vector Group","hd":false},{"ty":"gr","it":[{"ind":0,"ty":"sh","ix":1,"ks":{"a":0,"k":{"i":[[14.739,10.865],[-15.938,-8.919],[-14.733,-10.876],[15.934,8.928]],"o":[[16.915,7.012],[15.874,9.036],[-16.921,-7.001],[-15.867,-9.045]],"v":[[-47.599,-26.884],[1.372,-2.43],[47.599,26.884],[-1.374,2.432]],"c":true},"ix":2},"nm":"Path 1","mn":"ADBE Vector Shape - Group","hd":false},{"ty":"fl","c":{"a":0,"k":[0.784313785329,0.725490196078,0.647058823529,1],"ix":4},"o":{"a":0,"k":100,"ix":5},"r":1,"bm":0,"nm":"Fill 1","mn":"ADBE Vector Graphic - Fill","hd":false},{"ty":"tr","p":{"a":0,"k":[926.97,365.548],"ix":2},"a":{"a":0,"k":[0,0],"ix":1},"s":{"a":0,"k":[100,100],"ix":3},"r":{"a":0,"k":0,"ix":6},"o":{"a":0,"k":100,"ix":7},"sk":{"a":0,"k":0,"ix":4},"sa":{"a":0,"k":0,"ix":5},"nm":"Transform"}],"nm":"Group 17","np":2,"cix":2,"bm":0,"ix":17,"mn":"ADBE Vector Group","hd":false},{"ty":"gr","it":[{"ind":0,"ty":"sh","ix":1,"ks":{"a":0,"k":{"i":[[10.121,14.475],[-11.875,-13.008],[-10.111,-14.482],[11.867,13.016]],"o":[[13.4,11.506],[11.775,13.099],[-13.408,-11.496],[-11.767,-13.105]],"v":[[-35.375,-39.075],[2.07,-1.873],[35.375,39.075],[-2.07,1.874]],"c":true},"ix":2},"nm":"Path 1","mn":"ADBE Vector Shape - Group","hd":false},{"ty":"fl","c":{"a":0,"k":[0.784313785329,0.725490196078,0.647058823529,1],"ix":4},"o":{"a":0,"k":100,"ix":5},"r":1,"bm":0,"nm":"Fill 1","mn":"ADBE Vector Graphic - Fill","hd":false},{"ty":"tr","p":{"a":0,"k":[879.37,397.945],"ix":2},"a":{"a":0,"k":[0,0],"ix":1},"s":{"a":0,"k":[100,100],"ix":3},"r":{"a":0,"k":0,"ix":6},"o":{"a":0,"k":100,"ix":7},"sk":{"a":0,"k":0,"ix":4},"sa":{"a":0,"k":0,"ix":5},"nm":"Transform"}],"nm":"Group 18","np":2,"cix":2,"bm":0,"ix":18,"mn":"ADBE Vector Group","hd":false},{"ty":"gr","it":[{"ind":0,"ty":"sh","ix":1,"ks":{"a":0,"k":{"i":[[7.743,-29.521],[-5.43,30.069],[-7.756,29.518],[5.44,-30.067]],"o":[[3.343,-30.313],[5.697,-30.036],[-3.33,30.316],[-5.707,30.034]],"v":[[-16.895,91.194],[-2.745,-0.508],[16.895,-91.194],[2.745,0.509]],"c":true},"ix":2},"nm":"Path 1","mn":"ADBE Vector Shape - Group","hd":false},{"ty":"fl","c":{"a":0,"k":[0.784313785329,0.725490196078,0.647058823529,1],"ix":4},"o":{"a":0,"k":100,"ix":5},"r":1,"bm":0,"nm":"Fill 1","mn":"ADBE Vector Graphic - Fill","hd":false},{"ty":"tr","p":{"a":0,"k":[821.316,411.306],"ix":2},"a":{"a":0,"k":[0,0],"ix":1},"s":{"a":0,"k":[100,100],"ix":3},"r":{"a":0,"k":0,"ix":6},"o":{"a":0,"k":100,"ix":7},"sk":{"a":0,"k":0,"ix":4},"sa":{"a":0,"k":0,"ix":5},"nm":"Transform"}],"nm":"Group 19","np":2,"cix":2,"bm":0,"ix":19,"mn":"ADBE Vector Group","hd":false},{"ty":"gr","it":[{"ind":0,"ty":"sh","ix":1,"ks":{"a":0,"k":{"i":[[-42.696,58.282],[65.172,-11.958],[4.941,-0.25],[4.901,0.412]],"o":[[-31.478,55.635],[-4.895,0.821],[-4.941,0.224],[77.023,-2.695]],"v":[[92.161,-65.869],[-62.622,63.947],[-77.379,65.645],[-92.161,65.393]],"c":true},"ix":2},"nm":"Path 1","mn":"ADBE Vector Shape - Group","hd":false},{"ty":"fl","c":{"a":0,"k":[0.784313785329,0.725490196078,0.647058823529,1],"ix":4},"o":{"a":0,"k":100,"ix":5},"r":1,"bm":0,"nm":"Fill 1","mn":"ADBE Vector Graphic - Fill","hd":false},{"ty":"tr","p":{"a":0,"k":[921.728,263.801],"ix":2},"a":{"a":0,"k":[0,0],"ix":1},"s":{"a":0,"k":[100,100],"ix":3},"r":{"a":0,"k":0,"ix":6},"o":{"a":0,"k":100,"ix":7},"sk":{"a":0,"k":0,"ix":4},"sa":{"a":0,"k":0,"ix":5},"nm":"Transform"}],"nm":"Group 20","np":2,"cix":2,"bm":0,"ix":20,"mn":"ADBE Vector Group","hd":false},{"ty":"gr","it":[{"ind":0,"ty":"sh","ix":1,"ks":{"a":0,"k":{"i":[[0,0],[-55.856,-22.343],[34.69,-97.037],[-2.845,-53.063],[118.918,33.565],[-12.343,51.767],[-33.524,45.937],[-41.381,37.082]],"o":[[25.135,-27.928],[55.855,22.342],[-34.69,97.037],[2.844,53.063],[0,0],[12.343,-51.768],[33.523,-45.936],[41.381,-37.082]],"v":[[40.491,-245.765],[168.958,-304.413],[203.649,-105.415],[85.123,273.692],[-225.995,287.707],[-225.995,227.712],[-174.564,-57.396],[-28.818,-172.376]],"c":true},"ix":2},"nm":"Path 1","mn":"ADBE Vector Shape - Group","hd":false},{"ty":"fl","c":{"a":0,"k":[0.964705942191,0.929411824544,0.854902020623,1],"ix":4},"o":{"a":0,"k":100,"ix":5},"r":1,"bm":0,"nm":"Fill 1","mn":"ADBE Vector Graphic - Fill","hd":false},{"ty":"tr","p":{"a":0,"k":[978.984,357.121],"ix":2},"a":{"a":0,"k":[0,0],"ix":1},"s":{"a":0,"k":[100,100],"ix":3},"r":{"a":0,"k":0,"ix":6},"o":{"a":0,"k":100,"ix":7},"sk":{"a":0,"k":0,"ix":4},"sa":{"a":0,"k":0,"ix":5},"nm":"Transform"}],"nm":"Group 21","np":2,"cix":2,"bm":0,"ix":21,"mn":"ADBE Vector Group","hd":false},{"ty":"gr","it":[{"ind":0,"ty":"sh","ix":1,"ks":{"a":0,"k":{"i":[[-154.689,-9.472],[34.586,-65.498],[-4.189,-24.042],[0,0],[-13.705,64.284]],"o":[[-21.256,17.851],[-34.585,65.497],[4.19,24.041],[0,0],[13.705,-64.284]],"v":[[125.003,-305.81],[-59.955,-110.484],[-73.596,23.134],[-52.65,315.281],[-111.297,-42.195]],"c":true},"ix":2},"nm":"Path 1","mn":"ADBE Vector Shape - Group","hd":false},{"ty":"fl","c":{"a":0,"k":[0.964705942191,0.929411824544,0.854902020623,1],"ix":4},"o":{"a":0,"k":100,"ix":5},"r":1,"bm":0,"nm":"Fill 1","mn":"ADBE Vector Graphic - Fill","hd":false},{"ty":"tr","p":{"a":0,"k":[798.432,315.532],"ix":2},"a":{"a":0,"k":[0,0],"ix":1},"s":{"a":0,"k":[100,100],"ix":3},"r":{"a":0,"k":0,"ix":6},"o":{"a":0,"k":100,"ix":7},"sk":{"a":0,"k":0,"ix":4},"sa":{"a":0,"k":0,"ix":5},"nm":"Transform"}],"nm":"Group 22","np":2,"cix":2,"bm":0,"ix":22,"mn":"ADBE Vector Group","hd":false},{"ty":"gr","it":[{"ind":0,"ty":"sh","ix":1,"ks":{"a":0,"k":{"i":[[-154.689,-9.472],[34.586,-65.498],[-4.189,-24.042],[0,0],[-13.705,64.284]],"o":[[-21.256,17.851],[-34.585,65.498],[4.19,24.041],[0,0],[13.705,-64.284]],"v":[[125.003,-305.81],[-59.955,-110.484],[-73.596,23.134],[-52.65,315.281],[-111.297,-42.195]],"c":true},"ix":2},"nm":"Path 1","mn":"ADBE Vector Shape - Group","hd":false},{"ty":"fl","c":{"a":0,"k":[0.784313785329,0.725490196078,0.647058823529,1],"ix":4},"o":{"a":0,"k":100,"ix":5},"r":1,"bm":0,"nm":"Fill 1","mn":"ADBE Vector Graphic - Fill","hd":false},{"ty":"tr","p":{"a":0,"k":[795.639,318.324],"ix":2},"a":{"a":0,"k":[0,0],"ix":1},"s":{"a":0,"k":[100,100],"ix":3},"r":{"a":0,"k":0,"ix":6},"o":{"a":0,"k":100,"ix":7},"sk":{"a":0,"k":0,"ix":4},"sa":{"a":0,"k":0,"ix":5},"nm":"Transform"}],"nm":"Group 23","np":2,"cix":2,"bm":0,"ix":23,"mn":"ADBE Vector Group","hd":false},{"ty":"gr","it":[{"ind":0,"ty":"sh","ix":1,"ks":{"a":0,"k":{"i":[[5.245,22.29],[13.964,47.477],[-53.063,47.477],[-78.353,74.311],[-47.477,-25.135],[14.533,-101.804],[-2.793,-55.855],[81.599,3.473]],"o":[[-11.171,-47.477],[-13.964,-47.477],[53.063,-47.478],[0,0],[47.477,25.135],[-14.533,101.803],[1.501,30.011],[-70.271,-2.99]],"v":[[-180.134,295.54],[-208.062,33.019],[-201.08,-121.98],[145.07,-326.947],[206.666,-278.376],[238.783,-128.962],[128.468,296.936],[-34.909,317.882]],"c":true},"ix":2},"nm":"Path 1","mn":"ADBE Vector Shape - Group","hd":false},{"ty":"fl","c":{"a":0,"k":[0.760784373564,0.203921583587,0.121568634931,1],"ix":4},"o":{"a":0,"k":100,"ix":5},"r":1,"bm":0,"nm":"Fill 1","mn":"ADBE Vector Graphic - Fill","hd":false},{"ty":"tr","p":{"a":0,"k":[927.313,336.669],"ix":2},"a":{"a":0,"k":[0,0],"ix":1},"s":{"a":0,"k":[100,100],"ix":3},"r":{"a":0,"k":0,"ix":6},"o":{"a":0,"k":100,"ix":7},"sk":{"a":0,"k":0,"ix":4},"sa":{"a":0,"k":0,"ix":5},"nm":"Transform"}],"nm":"Group 24","np":2,"cix":2,"bm":0,"ix":24,"mn":"ADBE Vector Group","hd":false},{"ty":"gr","it":[{"ind":0,"ty":"sh","ix":1,"ks":{"a":0,"k":{"i":[[0,0],[22.342,-33.514],[16.687,-38.471],[-5.534,9.472]],"o":[[0,0],[-22.342,33.513],[-16.687,38.473],[5.533,-9.472]],"v":[[99.264,-169.208],[-11.361,-129.014],[-82.577,20.399],[-36.444,159.736]],"c":true},"ix":2},"nm":"Path 1","mn":"ADBE Vector Shape - Group","hd":false},{"ty":"fl","c":{"a":0,"k":[0.662745098039,0.203921583587,0.121568634931,1],"ix":4},"o":{"a":0,"k":100,"ix":5},"r":1,"bm":0,"nm":"Fill 1","mn":"ADBE Vector Graphic - Fill","hd":false},{"ty":"tr","p":{"a":0,"k":[824.17,178.93],"ix":2},"a":{"a":0,"k":[0,0],"ix":1},"s":{"a":0,"k":[100,100],"ix":3},"r":{"a":0,"k":0,"ix":6},"o":{"a":0,"k":100,"ix":7},"sk":{"a":0,"k":0,"ix":4},"sa":{"a":0,"k":0,"ix":5},"nm":"Transform"}],"nm":"Group 25","np":2,"cix":2,"bm":0,"ix":25,"mn":"ADBE Vector Group","hd":false},{"ty":"gr","it":[{"ind":0,"ty":"sh","ix":1,"ks":{"a":0,"k":{"i":[[-148.483,0],[0,0],[13.964,2.873],[22.342,-17.241],[-5.982,-1.63]],"o":[[61.04,0],[0,0],[-13.964,-2.874],[-22.343,17.241],[5.982,1.629]],"v":[[48.416,44.539],[170.283,34.159],[154.076,-21.551],[-144.751,-27.298],[-164.301,30.172]],"c":true},"ix":2},"nm":"Path 1","mn":"ADBE Vector Shape - Group","hd":false},{"ty":"fl","c":{"a":0,"k":[0.294117647059,0.513725490196,0.447058853449,1],"ix":4},"o":{"a":0,"k":100,"ix":5},"r":1,"bm":0,"nm":"Fill 1","mn":"ADBE Vector Graphic - Fill","hd":false},{"ty":"tr","p":{"a":0,"k":[907.29,649.926],"ix":2},"a":{"a":0,"k":[0,0],"ix":1},"s":{"a":0,"k":[100,100],"ix":3},"r":{"a":0,"k":0,"ix":6},"o":{"a":0,"k":100,"ix":7},"sk":{"a":0,"k":0,"ix":4},"sa":{"a":0,"k":0,"ix":5},"nm":"Transform"}],"nm":"Group 26","np":2,"cix":2,"bm":0,"ix":26,"mn":"ADBE Vector Group","hd":false},{"ty":"gr","it":[{"ind":0,"ty":"sh","ix":1,"ks":{"a":0,"k":{"i":[[12.792,-40.176],[-170.722,-26.343],[5.586,74.711],[27.928,0]],"o":[[-13.435,42.196],[170.721,26.344],[-5.586,-74.71],[-27.928,0]],"v":[[-120.899,-163.788],[-53.062,177.62],[218.198,54.543],[181.893,-175.335]],"c":true},"ix":2},"nm":"Path 1","mn":"ADBE Vector Shape - Group","hd":false},{"ty":"fl","c":{"a":0,"k":[0.243137269862,0.407843167174,0.396078461292,1],"ix":4},"o":{"a":0,"k":100,"ix":5},"r":1,"bm":0,"nm":"Fill 1","mn":"ADBE Vector Graphic - Fill","hd":false},{"ty":"tr","p":{"a":0,"k":[873.888,809.458],"ix":2},"a":{"a":0,"k":[0,0],"ix":1},"s":{"a":0,"k":[100,100],"ix":3},"r":{"a":0,"k":0,"ix":6},"o":{"a":0,"k":100,"ix":7},"sk":{"a":0,"k":0,"ix":4},"sa":{"a":0,"k":0,"ix":5},"nm":"Transform"}],"nm":"Group 27","np":2,"cix":2,"bm":0,"ix":27,"mn":"ADBE Vector Group","hd":false}],"ip":0,"op":360,"st":0,"bm":0},{"ddd":0,"ind":2,"ty":4,"nm":"Layer 41 Outlines","sr":1,"ks":{"o":{"a":0,"k":100,"ix":11},"r":{"a":1,"k":[{"i":{"x":[0.667],"y":[1]},"o":{"x":[0.333],"y":[0]},"t":0,"s":[0]},{"i":{"x":[0.667],"y":[1]},"o":{"x":[0.333],"y":[0]},"t":60,"s":[-3]},{"i":{"x":[0.667],"y":[1]},"o":{"x":[0.167],"y":[0]},"t":119,"s":[0]},{"i":{"x":[0.667],"y":[1]},"o":{"x":[0.333],"y":[0]},"t":180,"s":[-3]},{"i":{"x":[0.667],"y":[1]},"o":{"x":[0.167],"y":[0]},"t":240,"s":[0]},{"i":{"x":[0.667],"y":[1]},"o":{"x":[0.333],"y":[0]},"t":300,"s":[-3]},{"t":360,"s":[0]}],"ix":10},"p":{"a":0,"k":[3661.509,2456.766,0],"ix":2},"a":{"a":0,"k":[218.069,507.064,0],"ix":1},"s":{"a":0,"k":[100,100,100],"ix":6}},"ao":0,"shapes":[{"ty":"gr","it":[{"ind":0,"ty":"sh","ix":1,"ks":{"a":0,"k":{"i":[[15.36,16.447],[67.026,-8.379],[19.55,-25.135],[-12.625,7.033],[0,0],[-39.098,-30.721],[-13.964,-5.585],[-8.508,-6.361],[5.586,19.549],[-27.928,-22.342],[0,-19.55],[0,0],[-2.793,16.757],[-13.964,69.819],[0,0]],"o":[[-47.477,-49.184],[-67.027,8.378],[-19.549,25.135],[12.625,-7.034],[4.513,-17.842],[39.099,30.72],[13.964,5.586],[8.509,6.362],[-5.585,-19.55],[27.927,22.342],[0,19.549],[0,0],[2.793,-16.756],[13.964,-69.819],[0,0]],"v":[[133.355,-135.76],[-50.968,-184.323],[-171.058,-122.882],[-182.171,-67.078],[-166.544,-96.041],[-98.446,-33.513],[13.266,11.171],[21.774,67.802],[32.815,30.721],[77.5,2.793],[77.5,69.82],[116.598,192.702],[119.391,134.053],[180.832,13.964],[164.076,-92.162]],"c":true},"ix":2},"nm":"Path 1","mn":"ADBE Vector Shape - Group","hd":false},{"ty":"fl","c":{"a":0,"k":[0.133333333333,0.050980395897,0.121568634931,1],"ix":4},"o":{"a":0,"k":100,"ix":5},"r":1,"bm":0,"nm":"Fill 1","mn":"ADBE Vector Graphic - Fill","hd":false},{"ty":"tr","p":{"a":0,"k":[195.046,192.952],"ix":2},"a":{"a":0,"k":[0,0],"ix":1},"s":{"a":0,"k":[100,100],"ix":3},"r":{"a":0,"k":0,"ix":6},"o":{"a":0,"k":100,"ix":7},"sk":{"a":0,"k":0,"ix":4},"sa":{"a":0,"k":0,"ix":5},"nm":"Transform"}],"nm":"Group 1","np":2,"cix":2,"bm":0,"ix":1,"mn":"ADBE Vector Group","hd":false},{"ty":"gr","it":[{"ind":0,"ty":"sh","ix":1,"ks":{"a":0,"k":{"i":[[6.949,-9.088],[-10.014,4.082],[-11.701,-6.61],[11.659,-0.854]],"o":[[-3.029,-10.38],[12.639,-5.419],[-11.18,4.89],[-11.798,0.56]],"v":[[-27.68,15.592],[-14.688,-10.173],[30.709,-5.354],[-3.412,1.322]],"c":true},"ix":2},"nm":"Path 1","mn":"ADBE Vector Shape - Group","hd":false},{"ty":"fl","c":{"a":0,"k":[0.133333333333,0.050980395897,0.121568634931,1],"ix":4},"o":{"a":0,"k":100,"ix":5},"r":1,"bm":0,"nm":"Fill 1","mn":"ADBE Vector Graphic - Fill","hd":false},{"ty":"tr","p":{"a":0,"k":[62.84,194.117],"ix":2},"a":{"a":0,"k":[0,0],"ix":1},"s":{"a":0,"k":[100,100],"ix":3},"r":{"a":0,"k":0,"ix":6},"o":{"a":0,"k":100,"ix":7},"sk":{"a":0,"k":0,"ix":4},"sa":{"a":0,"k":0,"ix":5},"nm":"Transform"}],"nm":"Group 2","np":2,"cix":2,"bm":0,"ix":2,"mn":"ADBE Vector Group","hd":false},{"ty":"gr","it":[{"ind":0,"ty":"sh","ix":1,"ks":{"a":0,"k":{"i":[[2.793,2.793],[-2.793,5.586],[-2.793,-2.792]],"o":[[-4.416,-4.416],[2.793,-5.586],[2.792,2.793]],"v":[[-8.378,13.963],[-22.342,2.792],[22.343,-13.965]],"c":true},"ix":2},"nm":"Path 1","mn":"ADBE Vector Shape - Group","hd":false},{"ty":"fl","c":{"a":0,"k":[0.133333333333,0.050980395897,0.121568634931,1],"ix":4},"o":{"a":0,"k":100,"ix":5},"r":1,"bm":0,"nm":"Fill 1","mn":"ADBE Vector Graphic - Fill","hd":false},{"ty":"tr","p":{"a":0,"k":[89.618,244.619],"ix":2},"a":{"a":0,"k":[0,0],"ix":1},"s":{"a":0,"k":[100,100],"ix":3},"r":{"a":0,"k":0,"ix":6},"o":{"a":0,"k":100,"ix":7},"sk":{"a":0,"k":0,"ix":4},"sa":{"a":0,"k":0,"ix":5},"nm":"Transform"}],"nm":"Group 3","np":2,"cix":2,"bm":0,"ix":3,"mn":"ADBE Vector Group","hd":false},{"ty":"gr","it":[{"ind":0,"ty":"sh","ix":1,"ks":{"a":0,"k":{"i":[[-7.725,4.35],[10.716,3.915],[-3.557,8.471],[-2.867,7.185],[-1.414,5.006],[0.572,7.808],[0.291,2.603],[-0.553,-2.594],[1.453,-7.726],[4.279,-9.521],[1.001,-4.608],[-0.632,-1.667]],"o":[[-6.846,7.528],[-10.557,-4.335],[2.904,-7.283],[1.983,-4.78],[2.073,-7.497],[-0.171,-2.573],[0.79,2.498],[1.812,7.842],[-1.746,10.383],[-2.016,4.756],[-0.483,2.28],[5.632,10.923]],"v":[[19.975,31.072],[-9.418,43.211],[-14.328,19.298],[-4.897,-2.165],[-0.128,-16.777],[4.014,-39.35],[3.218,-47.126],[5.32,-39.528],[3.699,-15.841],[-6.2,14.207],[-11.35,28.32],[-11.276,34.484]],"c":true},"ix":2},"nm":"Path 1","mn":"ADBE Vector Shape - Group","hd":false},{"ty":"fl","c":{"a":0,"k":[0.917647118662,0.505882352941,0.305882352941,1],"ix":4},"o":{"a":0,"k":100,"ix":5},"r":1,"bm":0,"nm":"Fill 1","mn":"ADBE Vector Graphic - Fill","hd":false},{"ty":"tr","p":{"a":0,"k":[50.094,283.366],"ix":2},"a":{"a":0,"k":[0,0],"ix":1},"s":{"a":0,"k":[100,100],"ix":3},"r":{"a":0,"k":0,"ix":6},"o":{"a":0,"k":100,"ix":7},"sk":{"a":0,"k":0,"ix":4},"sa":{"a":0,"k":0,"ix":5},"nm":"Transform"}],"nm":"Group 4","np":2,"cix":2,"bm":0,"ix":4,"mn":"ADBE Vector Group","hd":false},{"ty":"gr","it":[{"ind":0,"ty":"sh","ix":1,"ks":{"a":0,"k":{"i":[[-5.596,-4.603],[0,0],[0,0],[-2.792,0]],"o":[[0,0],[-15.326,18.877],[0,0],[0,0]],"v":[[-9.103,17.584],[17.472,-17.584],[-17.472,-2.948],[-9.094,2.637]],"c":true},"ix":2},"nm":"Path 1","mn":"ADBE Vector Shape - Group","hd":false},{"ty":"fl","c":{"a":0,"k":[0.917647118662,0.505882352941,0.305882352941,1],"ix":4},"o":{"a":0,"k":100,"ix":5},"r":1,"bm":0,"nm":"Fill 1","mn":"ADBE Vector Graphic - Fill","hd":false},{"ty":"tr","p":{"a":0,"k":[88.937,366.26],"ix":2},"a":{"a":0,"k":[0,0],"ix":1},"s":{"a":0,"k":[100,100],"ix":3},"r":{"a":0,"k":0,"ix":6},"o":{"a":0,"k":100,"ix":7},"sk":{"a":0,"k":0,"ix":4},"sa":{"a":0,"k":0,"ix":5},"nm":"Transform"}],"nm":"Group 5","np":2,"cix":2,"bm":0,"ix":5,"mn":"ADBE Vector Group","hd":false},{"ty":"gr","it":[{"ind":0,"ty":"sh","ix":1,"ks":{"a":0,"k":{"i":[[0,0],[1.785,-1.487],[1.465,-0.754],[-0.374,-1.935],[-1.085,-1.554],[-1.036,-1.237],[-0.986,-1.928],[-2.175,-1.501],[0,0],[2.992,0.385],[1.798,2.303],[0.249,2.457],[-0.91,2.333],[-0.184,2.299],[-1.354,2.445],[-4.054,-1.792],[-0.224,-1.696]],"o":[[-2.36,0.841],[-1.045,1.1],[-1.851,0.785],[0.329,1.929],[0.919,1.391],[1.236,1.671],[0.684,1.215],[0,0],[-1.901,2.413],[-3.082,-0.432],[-1.762,-2.327],[-0.393,-2.481],[0.902,-2.392],[0.163,-2.511],[2.196,-3.938],[1.411,0.656],[0,0]],"v":[[8.708,-13.895],[3.109,-9.307],[-0.894,-7.582],[-3.31,-2.949],[-0.319,2.228],[2.36,6.543],[4.858,11.544],[8.958,15.684],[9.248,16.763],[1.305,19.625],[-6.451,15.015],[-9.105,7.516],[-8.202,0.227],[-6.449,-6.549],[-5.383,-14.634],[6.328,-18.218],[9.498,-14.685]],"c":true},"ix":2},"nm":"Path 1","mn":"ADBE Vector Shape - Group","hd":false},{"ty":"fl","c":{"a":0,"k":[0.917647118662,0.505882352941,0.305882352941,1],"ix":4},"o":{"a":0,"k":100,"ix":5},"r":1,"bm":0,"nm":"Fill 1","mn":"ADBE Vector Graphic - Fill","hd":false},{"ty":"tr","p":{"a":0,"k":[253.668,233.774],"ix":2},"a":{"a":0,"k":[0,0],"ix":1},"s":{"a":0,"k":[100,100],"ix":3},"r":{"a":0,"k":0,"ix":6},"o":{"a":0,"k":100,"ix":7},"sk":{"a":0,"k":0,"ix":4},"sa":{"a":0,"k":0,"ix":5},"nm":"Transform"}],"nm":"Group 6","np":2,"cix":2,"bm":0,"ix":6,"mn":"ADBE Vector Group","hd":false},{"ty":"gr","it":[{"ind":0,"ty":"sh","ix":1,"ks":{"a":0,"k":{"i":[[0,0],[-24.031,2.531],[0,0],[11.171,39.099],[-5.586,13.964],[13.964,-5.586],[8.378,-19.549],[10.085,6.155],[10.673,-53.848],[7.414,-9.51],[-30.772,27.507],[-8.379,-27.928]],"o":[[2.793,13.964],[28.598,-3.012],[0,0],[-11.171,-39.099],[5.585,-13.963],[-13.964,5.585],[-8.379,19.55],[-10.085,-6.154],[-10.102,50.974],[0,0],[30.771,-27.507],[8.378,27.928]],"v":[[4.247,143.13],[48.931,151.508],[110.372,131.959],[54.517,-43.986],[32.175,-116.599],[22.4,-151.508],[2.851,-106.824],[-32.059,-77.5],[-62.78,-13.266],[-110.372,71.907],[-78.191,54.737],[-11.113,32.815]],"c":true},"ix":2},"nm":"Path 1","mn":"ADBE Vector Shape - Group","hd":false},{"ty":"fl","c":{"a":0,"k":[0.972549079446,0.725490196078,0.541176470588,1],"ix":4},"o":{"a":0,"k":100,"ix":5},"r":1,"bm":0,"nm":"Fill 1","mn":"ADBE Vector Graphic - Fill","hd":false},{"ty":"tr","p":{"a":0,"k":[236.181,361.217],"ix":2},"a":{"a":0,"k":[0,0],"ix":1},"s":{"a":0,"k":[100,100],"ix":3},"r":{"a":0,"k":0,"ix":6},"o":{"a":0,"k":100,"ix":7},"sk":{"a":0,"k":0,"ix":4},"sa":{"a":0,"k":0,"ix":5},"nm":"Transform"}],"nm":"Group 7","np":2,"cix":2,"bm":0,"ix":7,"mn":"ADBE Vector Group","hd":false},{"ty":"gr","it":[{"ind":0,"ty":"sh","ix":1,"ks":{"a":0,"k":{"i":[[0,0],[19.653,-21.713],[-49.029,-10.884],[13.808,43.59],[5.585,39.099],[-8.378,72.612],[83.784,64.234],[16.757,-67.027],[-8.378,-16.756],[2.793,-13.964],[-3.95,-7.899],[-2.793,-5.586],[-8.378,-5.585],[0,0],[-8.389,-2.741],[-9.741,-10.499],[-13.964,11.171],[-8.378,-5.586]],"o":[[-7.112,4.965],[-19.652,21.713],[49.029,10.884],[-13.809,-43.591],[-5.586,-39.098],[8.378,-72.612],[-83.783,-64.234],[-16.757,67.026],[8.378,16.757],[-2.793,13.964],[5.585,11.171],[2.793,5.585],[0,0],[0,0],[8.389,2.741],[9.741,10.499],[13.964,-11.172],[8.379,5.585]],"v":[[29.61,153.525],[-55.597,248.489],[-34.909,331.929],[166.171,167.172],[130.02,70.518],[127.227,-60.742],[88.128,-278.58],[-163.222,-236.687],[-138.087,-116.598],[-135.294,-71.914],[-150.654,-23.04],[-124.123,-18.851],[-115.745,20.248],[-107.366,25.834],[-104.584,42.642],[-75.216,82.362],[-40.34,81.689],[23.894,42.591]],"c":true},"ix":2},"nm":"Path 1","mn":"ADBE Vector Shape - Group","hd":false},{"ty":"fl","c":{"a":0,"k":[0.972549079446,0.764705942191,0.6,1],"ix":4},"o":{"a":0,"k":100,"ix":5},"r":1,"bm":0,"nm":"Fill 1","mn":"ADBE Vector Graphic - Fill","hd":false},{"ty":"tr","p":{"a":0,"k":[187.21,343.064],"ix":2},"a":{"a":0,"k":[0,0],"ix":1},"s":{"a":0,"k":[100,100],"ix":3},"r":{"a":0,"k":0,"ix":6},"o":{"a":0,"k":100,"ix":7},"sk":{"a":0,"k":0,"ix":4},"sa":{"a":0,"k":0,"ix":5},"nm":"Transform"}],"nm":"Group 8","np":2,"cix":2,"bm":0,"ix":8,"mn":"ADBE Vector Group","hd":false},{"ty":"gr","it":[{"ind":0,"ty":"sh","ix":1,"ks":{"a":0,"k":{"i":[[-9.775,-12.567],[25.135,-55.855],[13.964,-48.46],[0,0],[-19.549,-25.135],[0,0],[-16.757,-30.72],[0,0],[-52.042,76.172],[12.192,37.495],[0,22.342],[55.855,27.928],[50.27,-39.099],[-5.586,5.586]],"o":[[27.928,33.513],[-25.135,55.856],[-13.964,48.46],[0,0],[19.549,25.135],[0,0],[16.756,30.721],[0,0],[52.041,-76.172],[-12.193,-37.496],[0,-22.342],[0,0],[-50.27,39.098],[5.585,-5.585]],"v":[[4.513,-242.274],[-1.073,-80.293],[-59.722,32.401],[-51.343,229.844],[-31.794,157.093],[-23.416,291.147],[10.099,210.156],[-6.659,319.075],[67.725,237.317],[67.725,-17.248],[77.124,-164.076],[24.062,-295.337],[-69.496,-279.976],[-49.947,-240.878]],"c":true},"ix":2},"nm":"Path 1","mn":"ADBE Vector Shape - Group","hd":false},{"ty":"fl","c":{"a":0,"k":[0.133333333333,0.050980395897,0.121568634931,1],"ix":4},"o":{"a":0,"k":100,"ix":5},"r":1,"bm":0,"nm":"Fill 1","mn":"ADBE Vector Graphic - Fill","hd":false},{"ty":"tr","p":{"a":0,"k":[331.721,84.547],"ix":2},"a":{"a":0,"k":[-56.401,-261.31],"ix":1},"s":{"a":0,"k":[100,100],"ix":3},"r":{"a":1,"k":[{"i":{"x":[0.667],"y":[1]},"o":{"x":[0.333],"y":[0]},"t":0,"s":[0]},{"i":{"x":[0.667],"y":[1]},"o":{"x":[0.333],"y":[0]},"t":60,"s":[2]},{"i":{"x":[0.667],"y":[1]},"o":{"x":[0.167],"y":[0]},"t":119,"s":[0]},{"i":{"x":[0.667],"y":[1]},"o":{"x":[0.333],"y":[0]},"t":180,"s":[2]},{"i":{"x":[0.667],"y":[1]},"o":{"x":[0.167],"y":[0]},"t":240,"s":[0]},{"i":{"x":[0.667],"y":[1]},"o":{"x":[0.333],"y":[0]},"t":300,"s":[2]},{"t":360,"s":[0]}],"ix":6},"o":{"a":0,"k":100,"ix":7},"sk":{"a":0,"k":0,"ix":4},"sa":{"a":0,"k":0,"ix":5},"nm":"Transform"}],"nm":"Group 9","np":2,"cix":2,"bm":0,"ix":9,"mn":"ADBE Vector Group","hd":false}],"ip":0,"op":360,"st":0,"bm":0},{"ddd":0,"ind":3,"ty":4,"nm":"Layer 40 Outlines","sr":1,"ks":{"o":{"a":0,"k":100,"ix":11},"r":{"a":0,"k":0,"ix":10},"p":{"a":0,"k":[3216.054,2845.427,0],"ix":2},"a":{"a":0,"k":[210.501,133.948,0],"ix":1},"s":{"a":0,"k":[100,100,100],"ix":6}},"ao":0,"shapes":[{"ty":"gr","it":[{"ind":0,"ty":"sh","ix":1,"ks":{"a":0,"k":{"i":[[0,0],[0,0],[0,-16.426],[2.273,-5.368],[21.447,9.083],[40.067,27.751],[0,0],[0,0]],"o":[[42.172,15.182],[16.078,6.809],[0,5.486],[-9.082,21.447],[0,0],[0,0],[0,0],[0,0]],"v":[[-68.22,-66.513],[76.882,-13.491],[102.621,25.361],[99.27,41.788],[43.991,64.176],[-69.907,-10.846],[-102.621,-30.861],[-84.133,-73.259]],"c":true},"ix":2},"nm":"Path 1","mn":"ADBE Vector Shape - Group","hd":false},{"ty":"fl","c":{"a":0,"k":[0.964705942191,0.929411824544,0.854902020623,1],"ix":4},"o":{"a":0,"k":100,"ix":5},"r":1,"bm":0,"nm":"Fill 1","mn":"ADBE Vector Graphic - Fill","hd":false},{"ty":"tr","p":{"a":0,"k":[318.131,191.594],"ix":2},"a":{"a":0,"k":[0,0],"ix":1},"s":{"a":0,"k":[100,100],"ix":3},"r":{"a":0,"k":0,"ix":6},"o":{"a":0,"k":100,"ix":7},"sk":{"a":0,"k":0,"ix":4},"sa":{"a":0,"k":0,"ix":5},"nm":"Transform"}],"nm":"Group 1","np":2,"cix":2,"bm":0,"ix":1,"mn":"ADBE Vector Group","hd":false},{"ty":"gr","it":[{"ind":0,"ty":"sh","ix":1,"ks":{"a":0,"k":{"i":[[0,0],[0,0],[0,-16.426],[2.273,-5.368],[21.447,9.084],[40.067,27.751],[0,0],[0,0]],"o":[[42.172,15.182],[16.078,6.809],[0,5.486],[-9.082,21.447],[0,0],[0,0],[0,0],[0,0]],"v":[[-68.22,-66.514],[76.882,-13.491],[102.621,25.36],[99.27,41.787],[43.991,64.175],[-69.907,-10.846],[-102.621,-30.862],[-84.133,-73.259]],"c":true},"ix":2},"nm":"Path 1","mn":"ADBE Vector Shape - Group","hd":false},{"ty":"fl","c":{"a":0,"k":[0.784313785329,0.725490196078,0.647058823529,1],"ix":4},"o":{"a":0,"k":100,"ix":5},"r":1,"bm":0,"nm":"Fill 1","mn":"ADBE Vector Graphic - Fill","hd":false},{"ty":"tr","p":{"a":0,"k":[318.131,194.387],"ix":2},"a":{"a":0,"k":[0,0],"ix":1},"s":{"a":0,"k":[100,100],"ix":3},"r":{"a":0,"k":0,"ix":6},"o":{"a":0,"k":100,"ix":7},"sk":{"a":0,"k":0,"ix":4},"sa":{"a":0,"k":0,"ix":5},"nm":"Transform"}],"nm":"Group 2","np":2,"cix":2,"bm":0,"ix":2,"mn":"ADBE Vector Group","hd":false},{"ty":"gr","it":[{"ind":0,"ty":"sh","ix":1,"ks":{"a":0,"k":{"i":[[4.129,1.486],[0,0],[13.495,6.748],[3.374,-3.374],[-38.799,-11.808],[0,0],[3.374,-3.374],[-26.99,-10.122],[0,0],[15.182,0],[-13.496,-5.061],[1.687,-3.374],[5.904,-2.713],[-20.243,-8.434],[0,0],[-40.066,-27.75],[-1.271,-0.873],[-2.016,17.644]],"o":[[-42.173,-15.182],[0,0],[-13.495,-6.748],[-3.374,3.374],[38.799,11.808],[0,0],[-3.374,3.374],[26.991,10.121],[0,0],[-15.182,0],[13.495,5.061],[-1.687,3.373],[-5.904,2.713],[20.243,8.434],[0,0],[1.213,0.84],[6.616,-17.312],[-5.139,-1.864]],"v":[[117.834,33.295],[18.307,-27.433],[-30.613,-66.232],[-128.453,-88.161],[-91.341,-66.232],[-49.169,-51.05],[-126.766,-71.293],[-82.907,-44.302],[-52.074,-31.232],[-114.958,-49.363],[-76.159,-22.373],[-49.169,-10.564],[-102.306,-20.025],[-28.926,14.739],[1.438,28.235],[116.147,88.963],[119.877,91.536],[131.827,38.354]],"c":true},"ix":2},"nm":"Path 1","mn":"ADBE Vector Shape - Group","hd":false},{"ty":"fl","c":{"a":0,"k":[0.972549079446,0.764705942191,0.6,1],"ix":4},"o":{"a":0,"k":100,"ix":5},"r":1,"bm":0,"nm":"Fill 1","mn":"ADBE Vector Graphic - Fill","hd":false},{"ty":"tr","p":{"a":0,"k":[132.077,91.786],"ix":2},"a":{"a":0,"k":[0,0],"ix":1},"s":{"a":0,"k":[100,100],"ix":3},"r":{"a":0,"k":0,"ix":6},"o":{"a":0,"k":100,"ix":7},"sk":{"a":0,"k":0,"ix":4},"sa":{"a":0,"k":0,"ix":5},"nm":"Transform"}],"nm":"Group 3","np":2,"cix":2,"bm":0,"ix":3,"mn":"ADBE Vector Group","hd":false},{"ty":"gr","it":[{"ind":0,"ty":"sh","ix":1,"ks":{"a":0,"k":{"i":[[7.024,2.528],[0,0],[13.495,6.747],[3.374,-3.374],[-38.799,-11.808],[0,0],[3.374,-3.374],[-26.99,-10.121],[0,0],[15.182,0],[-13.496,-5.061],[1.687,-3.373],[5.904,-2.713],[-20.243,-8.435],[0,0],[-40.066,-27.75],[-2.896,-1.975],[-4.935,17.771]],"o":[[-42.173,-15.182],[0,0],[-13.495,-6.748],[-3.374,3.374],[38.799,11.808],[0,0],[-3.374,3.374],[26.991,10.122],[0,0],[-15.182,0],[13.495,5.061],[-1.687,3.374],[-5.904,2.714],[20.243,8.434],[0,0],[2.635,1.825],[7.084,-17.157],[-9.638,-3.505]],"v":[[112.136,31.725],[12.609,-29.003],[-36.311,-67.802],[-134.151,-89.731],[-97.039,-67.802],[-54.868,-52.62],[-132.464,-72.863],[-88.606,-45.873],[-57.773,-32.802],[-120.657,-50.933],[-81.858,-23.943],[-54.868,-12.135],[-108.005,-21.595],[-34.624,13.169],[-4.261,26.665],[110.449,87.393],[118.766,93.105],[137.526,40.924]],"c":true},"ix":2},"nm":"Path 1","mn":"ADBE Vector Shape - Group","hd":false},{"ty":"fl","c":{"a":0,"k":[0.917647118662,0.505882352941,0.305882352941,1],"ix":4},"o":{"a":0,"k":100,"ix":5},"r":1,"bm":0,"nm":"Fill 1","mn":"ADBE Vector Graphic - Fill","hd":false},{"ty":"tr","p":{"a":0,"k":[137.775,96.149],"ix":2},"a":{"a":0,"k":[0,0],"ix":1},"s":{"a":0,"k":[100,100],"ix":3},"r":{"a":0,"k":0,"ix":6},"o":{"a":0,"k":100,"ix":7},"sk":{"a":0,"k":0,"ix":4},"sa":{"a":0,"k":0,"ix":5},"nm":"Transform"}],"nm":"Group 4","np":2,"cix":2,"bm":0,"ix":4,"mn":"ADBE Vector Group","hd":false}],"ip":0,"op":360,"st":0,"bm":0},{"ddd":0,"ind":4,"ty":4,"nm":"Layer 39 Outlines","sr":1,"ks":{"o":{"a":0,"k":100,"ix":11},"r":{"a":0,"k":0,"ix":10},"p":{"a":0,"k":[3454.918,2746.167,0],"ix":2},"a":{"a":0,"k":[133.345,223.811,0],"ix":1},"s":{"a":0,"k":[100,100,100],"ix":6}},"ao":0,"shapes":[{"ty":"gr","it":[{"ind":0,"ty":"sh","ix":1,"ks":{"a":0,"k":{"i":[[21.424,0],[7.002,2.965],[-11.848,27.973],[0,0],[-27.971,-11.846],[11.848,-27.974],[0,0]],"o":[[-7.155,0],[-27.974,-11.846],[0,0],[11.846,-27.976],[27.973,11.845],[0,0],[-8.881,20.97]],"v":[[-69.225,222.164],[-90.651,217.794],[-119.851,145.695],[18.551,-181.118],[90.651,-210.318],[119.851,-138.218],[-18.551,188.595]],"c":true},"ix":2},"nm":"Path 1","mn":"ADBE Vector Shape - Group","hd":false},{"ty":"fl","c":{"a":0,"k":[0.964705942191,0.929411824544,0.854902020623,1],"ix":4},"o":{"a":0,"k":100,"ix":5},"r":1,"bm":0,"nm":"Fill 1","mn":"ADBE Vector Graphic - Fill","hd":false},{"ty":"tr","p":{"a":0,"k":[134.742,225.207],"ix":2},"a":{"a":0,"k":[0,0],"ix":1},"s":{"a":0,"k":[100,100],"ix":3},"r":{"a":0,"k":0,"ix":6},"o":{"a":0,"k":100,"ix":7},"sk":{"a":0,"k":0,"ix":4},"sa":{"a":0,"k":0,"ix":5},"nm":"Transform"}],"nm":"Group 1","np":2,"cix":2,"bm":0,"ix":1,"mn":"ADBE Vector Group","hd":false},{"ty":"gr","it":[{"ind":0,"ty":"sh","ix":1,"ks":{"a":0,"k":{"i":[[21.424,0],[7.003,2.965],[-11.848,27.973],[0,0],[-27.971,-11.846],[11.848,-27.974],[0,0]],"o":[[-7.155,0],[-27.973,-11.846],[0,0],[11.846,-27.976],[27.973,11.845],[0,0],[-8.881,20.97]],"v":[[-69.225,222.164],[-90.652,217.794],[-119.851,145.695],[18.551,-181.118],[90.651,-210.318],[119.851,-138.218],[-18.551,188.595]],"c":true},"ix":2},"nm":"Path 1","mn":"ADBE Vector Shape - Group","hd":false},{"ty":"fl","c":{"a":0,"k":[1,1,1,1],"ix":4},"o":{"a":0,"k":100,"ix":5},"r":1,"bm":0,"nm":"Fill 1","mn":"ADBE Vector Graphic - Fill","hd":false},{"ty":"tr","p":{"a":0,"k":[131.949,222.415],"ix":2},"a":{"a":0,"k":[0,0],"ix":1},"s":{"a":0,"k":[100,100],"ix":3},"r":{"a":0,"k":0,"ix":6},"o":{"a":0,"k":100,"ix":7},"sk":{"a":0,"k":0,"ix":4},"sa":{"a":0,"k":0,"ix":5},"nm":"Transform"}],"nm":"Group 2","np":2,"cix":2,"bm":0,"ix":2,"mn":"ADBE Vector Group","hd":false}],"ip":0,"op":360,"st":0,"bm":0},{"ddd":0,"ind":5,"ty":4,"nm":"Layer 37 Outlines","sr":1,"ks":{"o":{"a":0,"k":100,"ix":11},"r":{"a":1,"k":[{"i":{"x":[0.667],"y":[1]},"o":{"x":[0.333],"y":[0]},"t":0,"s":[0]},{"i":{"x":[0.667],"y":[1]},"o":{"x":[0.333],"y":[0]},"t":30,"s":[9]},{"i":{"x":[0.667],"y":[1]},"o":{"x":[0.333],"y":[0]},"t":60,"s":[0]},{"i":{"x":[0.667],"y":[1]},"o":{"x":[0.333],"y":[0]},"t":90,"s":[9]},{"i":{"x":[0.667],"y":[1]},"o":{"x":[0.333],"y":[0]},"t":120,"s":[0]},{"i":{"x":[0.667],"y":[1]},"o":{"x":[0.333],"y":[0]},"t":150,"s":[9]},{"i":{"x":[0.667],"y":[1]},"o":{"x":[0.333],"y":[0]},"t":180,"s":[0]},{"i":{"x":[0.667],"y":[1]},"o":{"x":[0.333],"y":[0]},"t":210,"s":[9]},{"i":{"x":[0.667],"y":[1]},"o":{"x":[0.333],"y":[0]},"t":240,"s":[0]},{"i":{"x":[0.667],"y":[1]},"o":{"x":[0.333],"y":[0]},"t":270,"s":[9]},{"i":{"x":[0.667],"y":[1]},"o":{"x":[0.333],"y":[0]},"t":300,"s":[0]},{"i":{"x":[0.667],"y":[1]},"o":{"x":[0.333],"y":[0]},"t":330,"s":[9]},{"t":360,"s":[0]}],"ix":10},"p":{"a":0,"k":[2736.172,3729.293,0],"ix":2},"a":{"a":0,"k":[315.577,22.654,0],"ix":1},"s":{"a":0,"k":[100,100,100],"ix":6}},"ao":0,"shapes":[{"ty":"gr","it":[{"ind":0,"ty":"sh","ix":1,"ks":{"a":0,"k":{"i":[[18.804,-8.782],[29.55,14.636],[38.653,-8.781],[-66.611,-14.064],[-21.422,9.812]],"o":[[-14.608,-1.691],[-29.549,-14.636],[-38.653,8.782],[66.611,14.064],[21.422,-9.811]],"v":[[150.339,-8.955],[-6.717,-43.474],[-142.675,-43.474],[-59.896,24.423],[159.906,48.298]],"c":true},"ix":2},"nm":"Path 1","mn":"ADBE Vector Shape - Group","hd":false},{"ty":"fl","c":{"a":0,"k":[0.709803921569,0.133333333333,0.078431372549,1],"ix":4},"o":{"a":0,"k":100,"ix":5},"r":1,"bm":0,"nm":"Fill 1","mn":"ADBE Vector Graphic - Fill","hd":false},{"ty":"tr","p":{"a":0,"k":[181.577,116.948],"ix":2},"a":{"a":0,"k":[0,0],"ix":1},"s":{"a":0,"k":[100,100],"ix":3},"r":{"a":0,"k":0,"ix":6},"o":{"a":0,"k":100,"ix":7},"sk":{"a":0,"k":0,"ix":4},"sa":{"a":0,"k":0,"ix":5},"nm":"Transform"}],"nm":"Group 1","np":2,"cix":2,"bm":0,"ix":1,"mn":"ADBE Vector Group","hd":false},{"ty":"gr","it":[{"ind":0,"ty":"sh","ix":1,"ks":{"a":0,"k":{"i":[[0.853,-0.786],[0,0],[-10.809,-14.543],[2.864,13.602],[-14.667,35.432],[13.498,5.927],[15.479,-14.825]],"o":[[-13.705,12.63],[-36.307,22.394],[10.809,14.543],[-1.794,-8.52],[5.226,-18.75],[-14.011,-6.154],[-1.694,2.337]],"v":[[51.489,-50.631],[1.477,-12.918],[-132.214,28.447],[124.432,56.591],[137.797,-18.833],[108.084,-63.205],[55.336,-55.368]],"c":true},"ix":2},"nm":"Path 1","mn":"ADBE Vector Shape - Group","hd":false},{"ty":"fl","c":{"a":0,"k":[0.972549079446,0.764705942191,0.6,1],"ix":4},"o":{"a":0,"k":100,"ix":5},"r":1,"bm":0,"nm":"Fill 1","mn":"ADBE Vector Graphic - Fill","hd":false},{"ty":"tr","p":{"a":0,"k":[215.901,70.443],"ix":2},"a":{"a":0,"k":[0,0],"ix":1},"s":{"a":0,"k":[100,100],"ix":3},"r":{"a":0,"k":0,"ix":6},"o":{"a":0,"k":100,"ix":7},"sk":{"a":0,"k":0,"ix":4},"sa":{"a":0,"k":0,"ix":5},"nm":"Transform"}],"nm":"Group 2","np":2,"cix":2,"bm":0,"ix":2,"mn":"ADBE Vector Group","hd":false}],"ip":0,"op":360,"st":0,"bm":0},{"ddd":0,"ind":6,"ty":4,"nm":"Layer 36 Outlines","sr":1,"ks":{"o":{"a":0,"k":100,"ix":11},"r":{"a":0,"k":0,"ix":10},"p":{"a":0,"k":[2992.458,3393.244,0],"ix":2},"a":{"a":0,"k":[308.691,386.103,0],"ix":1},"s":{"a":0,"k":[100,100,100],"ix":6}},"ao":0,"shapes":[{"ty":"gr","it":[{"ind":0,"ty":"sh","ix":1,"ks":{"a":0,"k":{"i":[[4.866,-30.564],[9.314,-12.03],[0,0],[38.228,29.597],[-29.597,38.229],[0,0],[-38.229,-29.597]],"o":[[-2.234,14.034],[0,0],[-29.597,38.228],[-38.228,-29.598],[0,0],[29.598,-38.229],[26.198,20.284]],"v":[[239.333,-182.207],[222.098,-142.459],[-76.165,249.643],[-198.975,265.27],[-214.602,142.459],[83.66,-249.642],[206.471,-265.27]],"c":true},"ix":2},"nm":"Path 1","mn":"ADBE Vector Shape - Group","hd":false},{"ty":"fl","c":{"a":0,"k":[0.301960784314,0.529411764706,0.494117676978,1],"ix":4},"o":{"a":0,"k":100,"ix":5},"r":1,"bm":0,"nm":"Fill 1","mn":"ADBE Vector Graphic - Fill","hd":false},{"ty":"tr","p":{"a":0,"k":[367.348,295.117],"ix":2},"a":{"a":0,"k":[0,0],"ix":1},"s":{"a":0,"k":[100,100],"ix":3},"r":{"a":0,"k":0,"ix":6},"o":{"a":0,"k":100,"ix":7},"sk":{"a":0,"k":0,"ix":4},"sa":{"a":0,"k":0,"ix":5},"nm":"Transform"}],"nm":"Group 1","np":2,"cix":2,"bm":0,"ix":1,"mn":"ADBE Vector Group","hd":false},{"ty":"gr","it":[{"ind":0,"ty":"sh","ix":1,"ks":{"a":0,"k":{"i":[[4.866,-30.564],[9.314,-12.03],[0,0],[38.228,29.597],[-29.598,38.229],[0,0],[-38.229,-29.597]],"o":[[-2.234,14.034],[0,0],[-29.597,38.228],[-38.228,-29.598],[0,0],[29.598,-38.229],[26.198,20.284]],"v":[[239.334,-182.207],[222.099,-142.459],[-76.164,249.643],[-198.974,265.27],[-214.601,142.459],[83.661,-249.642],[206.472,-265.27]],"c":true},"ix":2},"nm":"Path 1","mn":"ADBE Vector Shape - Group","hd":false},{"ty":"fl","c":{"a":0,"k":[0.282352941176,0.627450980392,0.494117676978,1],"ix":4},"o":{"a":0,"k":100,"ix":5},"r":1,"bm":0,"nm":"Fill 1","mn":"ADBE Vector Graphic - Fill","hd":false},{"ty":"tr","p":{"a":0,"k":[372.933,303.495],"ix":2},"a":{"a":0,"k":[0,0],"ix":1},"s":{"a":0,"k":[100,100],"ix":3},"r":{"a":0,"k":0,"ix":6},"o":{"a":0,"k":100,"ix":7},"sk":{"a":0,"k":0,"ix":4},"sa":{"a":0,"k":0,"ix":5},"nm":"Transform"}],"nm":"Group 2","np":2,"cix":2,"bm":0,"ix":2,"mn":"ADBE Vector Group","hd":false},{"ty":"gr","it":[{"ind":0,"ty":"sh","ix":1,"ks":{"a":0,"k":{"i":[[32.738,-18.387],[25.538,-35.225],[-13.445,-5.949],[-11.079,20.848],[-21.36,19.921],[0,25.135]],"o":[[-30.701,17.243],[-7.814,20.115],[14.018,6.203],[8.748,-21.133],[57.171,-53.322],[0,-25.136]],"v":[[51.607,-145.683],[-119.974,106.686],[-99.836,157.082],[-37.512,143.222],[6.383,79.628],[127.788,-77.026]],"c":true},"ix":2},"nm":"Path 1","mn":"ADBE Vector Shape - Group","hd":false},{"ty":"fl","c":{"a":0,"k":[0.972549079446,0.764705942191,0.6,1],"ix":4},"o":{"a":0,"k":100,"ix":5},"r":1,"bm":0,"nm":"Fill 1","mn":"ADBE Vector Graphic - Fill","hd":false},{"ty":"tr","p":{"a":0,"k":[128.038,607.886],"ix":2},"a":{"a":0,"k":[0,0],"ix":1},"s":{"a":0,"k":[100,100],"ix":3},"r":{"a":0,"k":0,"ix":6},"o":{"a":0,"k":100,"ix":7},"sk":{"a":0,"k":0,"ix":4},"sa":{"a":0,"k":0,"ix":5},"nm":"Transform"}],"nm":"Group 3","np":2,"cix":2,"bm":0,"ix":3,"mn":"ADBE Vector Group","hd":false}],"ip":0,"op":360,"st":0,"bm":0},{"ddd":0,"ind":7,"ty":4,"nm":"Layer 38 Outlines","sr":1,"ks":{"o":{"a":0,"k":100,"ix":11},"r":{"a":0,"k":0,"ix":10},"p":{"a":0,"k":[3085.558,2675.312,0],"ix":2},"a":{"a":0,"k":[162.995,179.096,0],"ix":1},"s":{"a":0,"k":[100,100,100],"ix":6}},"ao":0,"shapes":[{"ty":"gr","it":[{"ind":0,"ty":"sh","ix":1,"ks":{"a":0,"k":{"i":[[0,0],[-2.451,0.461],[0,0],[0,0]],"o":[[0,0],[2.451,-0.462],[0,0],[0,0]],"v":[[-150.652,-113.66],[-15.646,145.155],[150.652,113.848],[19.095,-145.615]],"c":true},"ix":2},"nm":"Path 1","mn":"ADBE Vector Shape - Group","hd":false},{"ty":"fl","c":{"a":0,"k":[0.36862745098,0.188235309077,0.219607858097,1],"ix":4},"o":{"a":0,"k":100,"ix":5},"r":1,"bm":0,"nm":"Fill 1","mn":"ADBE Vector Graphic - Fill","hd":false},{"ty":"tr","p":{"a":0,"k":[152.154,198.581],"ix":2},"a":{"a":0,"k":[0,0],"ix":1},"s":{"a":0,"k":[100,100],"ix":3},"r":{"a":0,"k":0,"ix":6},"o":{"a":0,"k":100,"ix":7},"sk":{"a":0,"k":0,"ix":4},"sa":{"a":0,"k":0,"ix":5},"nm":"Transform"}],"nm":"Group 1","np":2,"cix":2,"bm":0,"ix":1,"mn":"ADBE Vector Group","hd":false},{"ty":"gr","it":[{"ind":0,"ty":"sh","ix":1,"ks":{"a":0,"k":{"i":[[0,0],[-2.651,0.499],[0,0],[0,0]],"o":[[0,0],[2.652,-0.499],[0,0],[0,0]],"v":[[-162.73,-121.635],[-17.176,155.705],[162.73,121.838],[20.907,-156.204]],"c":true},"ix":2},"nm":"Path 1","mn":"ADBE Vector Shape - Group","hd":false},{"ty":"fl","c":{"a":0,"k":[1,1,1,1],"ix":4},"o":{"a":0,"k":100,"ix":5},"r":1,"bm":0,"nm":"Fill 1","mn":"ADBE Vector Graphic - Fill","hd":false},{"ty":"tr","p":{"a":0,"k":[163.009,197.903],"ix":2},"a":{"a":0,"k":[0,0],"ix":1},"s":{"a":0,"k":[100,100],"ix":3},"r":{"a":0,"k":0,"ix":6},"o":{"a":0,"k":100,"ix":7},"sk":{"a":0,"k":0,"ix":4},"sa":{"a":0,"k":0,"ix":5},"nm":"Transform"}],"nm":"Group 2","np":2,"cix":2,"bm":0,"ix":2,"mn":"ADBE Vector Group","hd":false},{"ty":"gr","it":[{"ind":0,"ty":"sh","ix":1,"ks":{"a":1,"k":[{"i":{"x":0.667,"y":1},"o":{"x":0.333,"y":0},"t":0,"s":[{"i":[[0,0],[-2.651,0.499],[0,0],[0,0]],"o":[[0,0],[2.652,-0.499],[0,0],[0,0]],"v":[[-162.73,-121.635],[-17.176,155.705],[162.73,121.838],[20.907,-156.204]],"c":true}]},{"i":{"x":0.667,"y":1},"o":{"x":0.333,"y":0},"t":30,"s":[{"i":[[0,0],[-2.651,0.499],[0,0],[0,0]],"o":[[0,0],[2.652,-0.499],[0,0],[0,0]],"v":[[-162.73,-121.635],[-17.176,155.705],[115.73,86.338],[-24.093,-209.704]],"c":true}]},{"t":60,"s":[{"i":[[0,0],[-2.651,0.499],[0,0],[0,0]],"o":[[0,0],[2.652,-0.499],[0,0],[0,0]],"v":[[-162.73,-121.635],[-17.176,155.705],[34.73,110.838],[-109.093,-197.204]],"c":true}]}],"ix":2},"nm":"Path 1","mn":"ADBE Vector Shape - Group","hd":false},{"ty":"fl","c":{"a":0,"k":[1,1,1,1],"ix":4},"o":{"a":0,"k":100,"ix":5},"r":1,"bm":0,"nm":"Fill 1","mn":"ADBE Vector Graphic - Fill","hd":false},{"ty":"tr","p":{"a":0,"k":[163.009,197.903],"ix":2},"a":{"a":0,"k":[0,0],"ix":1},"s":{"a":0,"k":[100,100],"ix":3},"r":{"a":0,"k":0,"ix":6},"o":{"a":0,"k":100,"ix":7},"sk":{"a":0,"k":0,"ix":4},"sa":{"a":0,"k":0,"ix":5},"nm":"Transform"}],"nm":"Group 4","np":2,"cix":2,"bm":0,"ix":3,"mn":"ADBE Vector Group","hd":false},{"ty":"gr","it":[{"ind":0,"ty":"sh","ix":1,"ks":{"a":0,"k":{"i":[[0,0],[-0.481,1.606],[0,0],[0,0]],"o":[[0,0],[0.479,-1.599],[0,0],[0,0]],"v":[[-87.292,-100.823],[58.345,177.24],[87.292,80.64],[-33.462,-178.847]],"c":true},"ix":2},"nm":"Path 1","mn":"ADBE Vector Shape - Group","hd":false},{"ty":"fl","c":{"a":0,"k":[1,1,1,1],"ix":4},"o":{"a":0,"k":100,"ix":5},"r":1,"bm":0,"nm":"Fill 1","mn":"ADBE Vector Graphic - Fill","hd":false},{"ty":"tr","p":{"a":0,"k":[87.542,179.097],"ix":2},"a":{"a":0,"k":[0,0],"ix":1},"s":{"a":0,"k":[100,100],"ix":3},"r":{"a":0,"k":0,"ix":6},"o":{"a":0,"k":100,"ix":7},"sk":{"a":0,"k":0,"ix":4},"sa":{"a":0,"k":0,"ix":5},"nm":"Transform"}],"nm":"Group 3","np":2,"cix":2,"bm":0,"ix":4,"mn":"ADBE Vector Group","hd":false}],"ip":0,"op":360,"st":0,"bm":0},{"ddd":0,"ind":8,"ty":4,"nm":"Layer 18 Outlines","sr":1,"ks":{"o":{"a":0,"k":100,"ix":11},"r":{"a":0,"k":0,"ix":10},"p":{"a":0,"k":[2595.097,3089.955,0],"ix":2},"a":{"a":0,"k":[2189.364,1034.38,0],"ix":1},"s":{"a":0,"k":[100,100,100],"ix":6}},"ao":0,"shapes":[{"ty":"gr","it":[{"ind":0,"ty":"sh","ix":1,"ks":{"a":0,"k":{"i":[[-161.622,-181.812],[-103.172,16.305],[-51.327,-110.772],[-220.526,93.3],[-228.533,197.43],[119.461,184.017],[296.769,51.739],[79.197,-95.503],[74.279,-45.104],[-15.862,-88.237]],"o":[[-27.054,-125.659],[103.172,-16.306],[0,0],[0,0],[0,0],[0,0],[0,0],[-79.197,95.502],[-74.28,45.103],[0,0]],"v":[[-217.307,614.88],[-26.085,279.582],[261.021,383.107],[457.527,100.351],[584.621,-496.647],[275.745,-614.88],[-146.529,-256.164],[-183.798,-32.548],[-514.821,176.245],[-577.011,480.181]],"c":true},"ix":2},"nm":"Path 1","mn":"ADBE Vector Shape - Group","hd":false},{"ty":"fl","c":{"a":0,"k":[0,0,0,1],"ix":4},"o":{"a":0,"k":20,"ix":5},"r":1,"bm":0,"nm":"Fill 1","mn":"ADBE Vector Graphic - Fill","hd":false},{"ty":"tr","p":{"a":0,"k":[3135.257,1192.374],"ix":2},"a":{"a":0,"k":[0,0],"ix":1},"s":{"a":0,"k":[100,100],"ix":3},"r":{"a":0,"k":0,"ix":6},"o":{"a":0,"k":100,"ix":7},"sk":{"a":0,"k":0,"ix":4},"sa":{"a":0,"k":0,"ix":5},"nm":"Transform"}],"nm":"Group 1","np":2,"cix":2,"bm":0,"ix":1,"mn":"ADBE Vector Group","hd":false},{"ty":"gr","it":[{"ind":0,"ty":"sh","ix":1,"ks":{"a":0,"k":{"i":[[-318.634,-215.84],[-265.231,157.145],[252.382,437.35],[242.261,-145.694],[25.422,-103.935]],"o":[[181.715,116.522],[265.231,-157.146],[-252.383,-437.35],[-242.262,145.693],[-25.422,103.935]],"v":[[-693.276,839.427],[319.006,876.984],[759.528,-596.779],[-607.95,-180.183],[-935.563,241.484]],"c":true},"ix":2},"nm":"Path 1","mn":"ADBE Vector Shape - Group","hd":false},{"ty":"fl","c":{"a":0,"k":[0.61568627451,0.756862804936,0.831372608858,1],"ix":4},"o":{"a":0,"k":100,"ix":5},"r":1,"bm":0,"nm":"Fill 1","mn":"ADBE Vector Graphic - Fill","hd":false},{"ty":"tr","p":{"a":0,"k":[3366.568,1034.38],"ix":2},"a":{"a":0,"k":[0,0],"ix":1},"s":{"a":0,"k":[100,100],"ix":3},"r":{"a":0,"k":0,"ix":6},"o":{"a":0,"k":100,"ix":7},"sk":{"a":0,"k":0,"ix":4},"sa":{"a":0,"k":0,"ix":5},"nm":"Transform"}],"nm":"Group 3","np":2,"cix":2,"bm":0,"ix":2,"mn":"ADBE Vector Group","hd":false}],"ip":0,"op":360,"st":0,"bm":0}]}],"layers":[{"ddd":0,"ind":1,"ty":0,"nm":"Pre-comp 2","refId":"comp_0","sr":1,"ks":{"o":{"a":0,"k":100,"ix":11},"r":{"a":0,"k":0,"ix":10},"p":{"a":0,"k":[2848,2464,0],"ix":2},"a":{"a":0,"k":[3724,3112,0],"ix":1},"s":{"a":0,"k":[180,180,100],"ix":6}},"ao":0,"w":5000,"h":5000,"ip":0,"op":360,"st":0,"bm":0}],"markers":[]}