{"v":"5.7.1","fr":30,"ip":0,"op":120,"w":512,"h":512,"nm":"ì±ë´ ìºë¦­í°","ddd":0,"assets":[],"fonts":{"list":[{"fName":"AppleGothic","fFamily":"AppleGothic","fStyle":"Regular","ascent":78.399658203125}]},"layers":[{"ddd":0,"ind":1,"ty":5,"nm":"ì¬ë¼ì´ë ì»¨í¸ë¡¤ label","parent":3,"hd":true,"sr":1,"ks":{"o":{"a":0,"k":100,"ix":11},"r":{"a":0,"k":0,"ix":10,"x":"var $bm_rt;\n$bm_rt = $bm_mul(thisComp.layer('\\uc2ac\\ub77c\\uc774\\ub354 \\ucee8\\ud2b8\\ub864 Origin')('ADBE Transform Group')('ADBE Rotate Z'), -1);"},"p":{"a":0,"k":[0,23,0],"ix":2,"x":"var $bm_rt;\nvar x = thisComp.layer('\\uc2ac\\ub77c\\uc774\\ub354 \\ucee8\\ud2b8\\ub864')('ADBE Effect Parade')('Pseudo/fL3c11baf7UVr')('Pseudo/fL3c11baf7UVr-0001');\nvar a = thisComp.layer('\\uc2ac\\ub77c\\uc774\\ub354 \\ucee8\\ud2b8\\ub864')('ADBE Effect Parade')('Pseudo/fL3c11baf7UVr')('Pseudo/fL3c11baf7UVr-0002');\nvar b = thisComp.layer('\\uc2ac\\ub77c\\uc774\\ub354 \\ucee8\\ud2b8\\ub864')('ADBE Effect Parade')('Pseudo/fL3c11baf7UVr')('Pseudo/fL3c11baf7UVr-0005');\nif (x == false || b == false) {\n    $bm_rt = value;\n} else {\n    $bm_rt = [\n        value[0] - (a + 15),\n        value[1]\n    ];\n}"},"a":{"a":0,"k":[0,0,0],"ix":1},"s":{"a":0,"k":[50,50],"ix":6}},"ao":0,"t":{"d":{"k":[{"s":{"s":50,"f":"AppleGothic","t":"ì¬ë¼ì´ë ì»¨í¸ë¡¤","j":2,"tr":0,"lh":60,"ls":0,"fc":[1,1,1]},"t":0}]},"p":{},"m":{"g":1,"a":{"a":0,"k":[0,0],"ix":2}},"a":[]},"ip":0,"op":120,"st":0,"bm":0},{"ddd":0,"ind":2,"ty":1,"nm":"ì¬ë¼ì´ë ì»¨í¸ë¡¤","parent":3,"hd":true,"sr":1,"ks":{"o":{"a":0,"k":100,"ix":11},"r":{"a":0,"k":0,"ix":10},"p":{"s":true,"x":{"a":1,"k":[{"i":{"x":[0.833],"y":[0.833]},"o":{"x":[0.167],"y":[0.167]},"t":0,"s":[0.25]},{"i":{"x":[0.833],"y":[0.833]},"o":{"x":[0.167],"y":[0.167]},"t":15,"s":[0.25]},{"i":{"x":[0.833],"y":[0.833]},"o":{"x":[0.167],"y":[0.167]},"t":19,"s":[98.75]},{"i":{"x":[0.833],"y":[0.833]},"o":{"x":[0.167],"y":[0.167]},"t":23,"s":[-1.25]},{"i":{"x":[0.833],"y":[0.833]},"o":{"x":[0.167],"y":[0.167]},"t":51,"s":[0.25]},{"i":{"x":[0.833],"y":[0.833]},"o":{"x":[0.167],"y":[0.167]},"t":55,"s":[98.75]},{"i":{"x":[0.833],"y":[0.833]},"o":{"x":[0.167],"y":[0.167]},"t":59,"s":[-1.25]},{"i":{"x":[0.833],"y":[0.833]},"o":{"x":[0.167],"y":[0.167]},"t":82,"s":[0.25]},{"i":{"x":[0.833],"y":[0.833]},"o":{"x":[0.167],"y":[0.167]},"t":86,"s":[98.75]},{"i":{"x":[0.833],"y":[0.833]},"o":{"x":[0.167],"y":[0.167]},"t":90,"s":[-1.25]},{"i":{"x":[0.833],"y":[0.833]},"o":{"x":[0.167],"y":[0.167]},"t":108,"s":[0.25]},{"i":{"x":[0.833],"y":[0.833]},"o":{"x":[0.167],"y":[0.167]},"t":112,"s":[98.75]},{"t":116,"s":[-1.25]}],"ix":3,"x":"var $bm_rt;\nvar theLimit = thisLayer('ADBE Effect Parade')('Pseudo/fL3c11baf7UVr')('Pseudo/fL3c11baf7UVr-0002').value;\nvar a = thisLayer('ADBE Effect Parade')('Pseudo/fL3c11baf7UVr')('Pseudo/fL3c11baf7UVr-0005').value;\nif (a == true) {\n    $bm_rt = clamp(value, $bm_neg(theLimit), theLimit);\n} else {\n    $bm_rt = clamp(value, 0, theLimit);\n}"},"y":{"a":0,"k":0,"ix":4}},"a":{"a":0,"k":[37,75],"ix":1},"s":{"a":0,"k":[100,100,100],"ix":6,"x":"var $bm_rt;\nvar a = thisLayer('ADBE Effect Parade')('Pseudo/fL3c11baf7UVr')('Pseudo/fL3c11baf7UVr-0004');\n$bm_rt = [\n    a,\n    a\n];"}},"ao":0,"hasMask":true,"masksProperties":[{"inv":false,"mode":"a","pt":{"a":0,"k":{"i":[[0,0],[0,0],[0,0]],"o":[[0,0],[0,0],[0,0]],"v":[[62.5,50.5],[9.5,50.5],[37,76]],"c":true},"ix":1},"o":{"a":0,"k":100,"ix":3},"x":{"a":0,"k":0,"ix":4},"nm":"Mask 1"},{"inv":false,"mode":"i","pt":{"a":0,"k":{"i":[[0,0],[0,0],[0,0],[0,0]],"o":[[0,0],[0,0],[0,0],[0,0]],"v":[[0,34],[0,75],[75,75],[75,34]],"c":true},"ix":1},"o":{"a":0,"k":100,"ix":3},"x":{"a":0,"k":0,"ix":4},"nm":"Mask 2"}],"ef":[{"ty":5,"nm":"Slider Options","np":7,"mn":"Pseudo/fL3c11baf7UVr","ix":1,"en":1,"ef":[{"ty":7,"nm":"Orientation","mn":"Pseudo/fL3c11baf7UVr-0001","ix":1,"v":{"a":0,"k":0,"ix":1}},{"ty":7,"nm":"Slider Limit","mn":"Pseudo/fL3c11baf7UVr-0002","ix":2,"v":{"a":0,"k":100,"ix":2}},{"ty":7,"nm":"Slider Scale","mn":"Pseudo/fL3c11baf7UVr-0003","ix":3,"v":{"a":0,"k":100,"ix":3}},{"ty":7,"nm":"Arrow Size","mn":"Pseudo/fL3c11baf7UVr-0004","ix":4,"v":{"a":0,"k":100,"ix":4}},{"ty":7,"nm":"Negative Slider Values?","mn":"Pseudo/fL3c11baf7UVr-0005","ix":5,"v":{"a":0,"k":1,"ix":5}}]}],"sw":75,"sh":75,"sc":"#ffffff","ip":0,"op":120,"st":0,"bm":0},{"ddd":0,"ind":3,"ty":4,"nm":"ì¬ë¼ì´ë ì»¨í¸ë¡¤ Origin","hd":true,"sr":1,"ks":{"o":{"a":0,"k":100,"ix":11},"r":{"a":0,"k":0,"ix":10,"x":"var $bm_rt;\nvar a = thisComp.layer('\\uc2ac\\ub77c\\uc774\\ub354 \\ucee8\\ud2b8\\ub864')('ADBE Effect Parade')('Pseudo/fL3c11baf7UVr')('Pseudo/fL3c11baf7UVr-0001');\nif (a == true) {\n    $bm_rt = -90;\n} else {\n    $bm_rt = 0;\n}"},"p":{"a":0,"k":[64,61,0],"ix":2},"a":{"a":0,"k":[0,0,0],"ix":1},"s":{"a":0,"k":[33.75,33.75,100],"ix":6,"x":"var $bm_rt;\nvar a = $bm_mul(thisComp.layer('\\uc2ac\\ub77c\\uc774\\ub354 \\ucee8\\ud2b8\\ub864')('ADBE Effect Parade')('Pseudo/fL3c11baf7UVr')('Pseudo/fL3c11baf7UVr-0003'), 2);\n$bm_rt = [\n    a,\n    a\n];"}},"ao":0,"shapes":[{"ty":"gr","it":[{"ty":"rc","d":1,"s":{"a":0,"k":[200,12],"ix":2},"p":{"a":0,"k":[0,0],"ix":3},"r":{"a":0,"k":0,"ix":4},"nm":"Rectangle Path 1","mn":"ADBE Vector Shape - Rect","hd":false},{"ty":"st","c":{"a":0,"k":[0,0.386029980229,1,1],"ix":3},"o":{"a":0,"k":0,"ix":4},"w":{"a":0,"k":1,"ix":5},"lc":1,"lj":1,"ml":4,"bm":0,"nm":"Stroke 1","mn":"ADBE Vector Graphic - Stroke","hd":false},{"ty":"fl","c":{"a":0,"k":[0,0.386029561361,1,1],"ix":4},"o":{"a":0,"k":0,"ix":5},"r":1,"bm":0,"nm":"Fill 1","mn":"ADBE Vector Graphic - Fill","hd":false},{"ty":"tr","p":{"a":0,"k":[46.25,25.625],"ix":2,"x":"var $bm_rt;\n$bm_rt = [\n    0,\n    -5\n];"},"a":{"a":0,"k":[0,0],"ix":1},"s":{"a":0,"k":[100,100],"ix":3},"r":{"a":0,"k":0,"ix":6},"o":{"a":0,"k":100,"ix":7},"sk":{"a":0,"k":0,"ix":4},"sa":{"a":0,"k":0,"ix":5},"nm":"ë³í"}],"nm":"HitDetection","np":3,"cix":2,"bm":0,"ix":1,"mn":"ADBE Vector Group","hd":false},{"ty":"gr","it":[{"ind":0,"ty":"sh","ix":1,"ks":{"a":0,"k":{"i":[[0,0],[0,0]],"o":[[0,0],[0,0]],"v":[[0,5.5],[0,-7.25]],"c":false},"ix":2},"nm":"Path 1","mn":"ADBE Vector Shape - Group","hd":false},{"ty":"st","c":{"a":0,"k":[0,0.386029561361,1,1],"ix":3},"o":{"a":0,"k":100,"ix":4},"w":{"a":0,"k":1,"ix":5},"lc":1,"lj":1,"ml":4,"bm":0,"nm":"Stroke 1","mn":"ADBE Vector Graphic - Stroke","hd":false},{"ty":"fl","c":{"a":0,"k":[0,0.386029561361,1,1],"ix":4},"o":{"a":0,"k":100,"ix":5},"r":1,"bm":0,"nm":"Fill 1","mn":"ADBE Vector Graphic - Fill","hd":false},{"ty":"tr","p":{"a":0,"k":[0,0],"ix":2},"a":{"a":0,"k":[0,0],"ix":1},"s":{"a":0,"k":[100,100],"ix":3},"r":{"a":0,"k":0,"ix":6},"o":{"a":0,"k":100,"ix":7},"sk":{"a":0,"k":0,"ix":4},"sa":{"a":0,"k":0,"ix":5},"nm":"ë³í"}],"nm":"CenterLine","np":3,"cix":2,"bm":0,"ix":2,"mn":"ADBE Vector Group","hd":false},{"ty":"gr","it":[{"ty":"rc","d":1,"s":{"a":0,"k":[3,12],"ix":2},"p":{"a":0,"k":[0,0],"ix":3},"r":{"a":0,"k":0,"ix":4},"nm":"Rectangle Path 1","mn":"ADBE Vector Shape - Rect","hd":false},{"ty":"st","c":{"a":0,"k":[1,1,1,1],"ix":3},"o":{"a":0,"k":100,"ix":4},"w":{"a":0,"k":0,"ix":5},"lc":1,"lj":1,"ml":4,"bm":0,"nm":"Stroke 1","mn":"ADBE Vector Graphic - Stroke","hd":false},{"ty":"fl","c":{"a":0,"k":[0,0.386029561361,1,1],"ix":4},"o":{"a":0,"k":100,"ix":5},"r":1,"bm":0,"nm":"Fill 1","mn":"ADBE Vector Graphic - Fill","hd":false},{"ty":"tr","p":{"a":0,"k":[100,-4.5],"ix":2,"x":"var $bm_rt;\nvar temp;\ntemp = thisComp.layer('\\uc2ac\\ub77c\\uc774\\ub354 \\ucee8\\ud2b8\\ub864')('ADBE Effect Parade')('Pseudo/fL3c11baf7UVr')('Pseudo/fL3c11baf7UVr-0002');\n$bm_rt = [\n    temp,\n    -4.5\n];"},"a":{"a":0,"k":[0,0],"ix":1},"s":{"a":0,"k":[100,100],"ix":3},"r":{"a":0,"k":0,"ix":6},"o":{"a":0,"k":100,"ix":7},"sk":{"a":0,"k":0,"ix":4},"sa":{"a":0,"k":0,"ix":5},"nm":"ë³í"}],"nm":"OuterLine","np":3,"cix":2,"bm":0,"ix":3,"mn":"ADBE Vector Group","hd":false},{"ty":"gr","it":[{"ty":"rc","d":1,"s":{"a":0,"k":[100,4],"ix":2},"p":{"a":0,"k":[0,0],"ix":3},"r":{"a":0,"k":0,"ix":4},"nm":"Rectangle Path 1","mn":"ADBE Vector Shape - Rect","hd":false},{"ty":"st","c":{"a":0,"k":[1,1,1,1],"ix":3},"o":{"a":0,"k":100,"ix":4},"w":{"a":0,"k":0,"ix":5},"lc":1,"lj":1,"ml":4,"bm":0,"nm":"Stroke 1","mn":"ADBE Vector Graphic - Stroke","hd":false},{"ty":"fl","c":{"a":0,"k":[0,0.386029561361,1,1],"ix":4},"o":{"a":0,"k":100,"ix":5},"r":1,"bm":0,"nm":"Fill 1","mn":"ADBE Vector Graphic - Fill","hd":false},{"ty":"tr","p":{"a":0,"k":[0,0],"ix":2},"a":{"a":0,"k":[-50,0],"ix":1,"x":"var $bm_rt;\n$bm_rt = [\n    -50,\n    0\n];"},"s":{"a":0,"k":[100,100],"ix":3,"x":"var $bm_rt;\nvar temp;\ntemp = thisComp.layer('\\uc2ac\\ub77c\\uc774\\ub354 \\ucee8\\ud2b8\\ub864')('ADBE Effect Parade')('Pseudo/fL3c11baf7UVr')('Pseudo/fL3c11baf7UVr-0002');\n$bm_rt = [\n    temp,\n    100\n];"},"r":{"a":0,"k":0,"ix":6},"o":{"a":0,"k":100,"ix":7},"sk":{"a":0,"k":0,"ix":4},"sa":{"a":0,"k":0,"ix":5},"nm":"ë³í"}],"nm":"BaseLine","np":3,"cix":2,"bm":0,"ix":4,"mn":"ADBE Vector Group","hd":false},{"ty":"rp","c":{"a":0,"k":1,"ix":1,"x":"var $bm_rt;\nvar a = thisComp.layer('\\uc2ac\\ub77c\\uc774\\ub354 \\ucee8\\ud2b8\\ub864')('ADBE Effect Parade')('Pseudo/fL3c11baf7UVr')('Pseudo/fL3c11baf7UVr-0005');\nif (a == true) {\n    $bm_rt = 2;\n} else {\n    $bm_rt = 1;\n}"},"o":{"a":0,"k":0,"ix":2},"m":1,"ix":5,"tr":{"ty":"tr","p":{"a":0,"k":[0,0],"ix":2},"a":{"a":0,"k":[0,0],"ix":1},"s":{"a":0,"k":[-100,100],"ix":3,"x":"var $bm_rt;\n$bm_rt = [\n    -100,\n    100\n];"},"r":{"a":0,"k":0,"ix":4},"so":{"a":0,"k":100,"ix":5},"eo":{"a":0,"k":100,"ix":6},"nm":"ë³í"},"nm":"Repeater 1","mn":"ADBE Vector Filter - Repeater","hd":false}],"ip":0,"op":120,"st":0,"bm":0},{"ddd":0,"ind":4,"ty":3,"nm":"SlideController","sr":1,"ks":{"o":{"a":0,"k":0,"ix":11},"r":{"a":0,"k":0,"ix":10},"p":{"a":0,"k":[256,256,0],"ix":2},"a":{"a":0,"k":[0,0,0],"ix":1},"s":{"a":0,"k":[100,100,100],"ix":6}},"ao":0,"ef":[{"ty":5,"nm":"ì¬ë¼ì´ë ì»¨í¸ë¡¤","np":3,"mn":"ADBE Slider Control","ix":1,"en":1,"ef":[{"ty":0,"nm":"ì¬ë¼ì´ë","mn":"ADBE Slider Control-0001","ix":1,"v":{"a":0,"k":100,"ix":1,"x":"var $bm_rt;\nvar myLimit = thisComp.layer('\\uc2ac\\ub77c\\uc774\\ub354 \\ucee8\\ud2b8\\ub864')('ADBE Effect Parade')('Pseudo/fL3c11baf7UVr')('Pseudo/fL3c11baf7UVr-0002');\nvar myMaster = thisComp.layer('\\uc2ac\\ub77c\\uc774\\ub354 \\ucee8\\ud2b8\\ub864')('ADBE Transform Group')('ADBE Position_0');\n$bm_rt = linear(myMaster, $bm_neg(myLimit), myLimit, -100, 100);"}}]}],"ip":0,"op":120,"st":0,"bm":0},{"ddd":0,"ind":5,"ty":1,"nm":"JoyStkCtrl01","parent":6,"hd":true,"sr":1,"ks":{"o":{"a":0,"k":100,"ix":11},"r":{"a":0,"k":0,"ix":10},"p":{"a":1,"k":[{"i":{"x":0.667,"y":0.667},"o":{"x":0.333,"y":0.333},"t":0,"s":[3.922,-3.922,0],"to":[0,0,0],"ti":[0,0,0]},{"i":{"x":0.667,"y":1},"o":{"x":0.333,"y":0},"t":11,"s":[3.922,-3.922,0],"to":[23.529,-21.569,0],"ti":[-23.529,21.569,0]},{"i":{"x":0.667,"y":0.667},"o":{"x":0.333,"y":0.333},"t":17,"s":[145.098,-133.333,0],"to":[0,0,0],"ti":[0,0,0]},{"i":{"x":0.667,"y":1},"o":{"x":0.333,"y":0},"t":37,"s":[145.098,-133.333,0],"to":[3.922,29.412,0],"ti":[-3.922,-29.412,0]},{"i":{"x":0.667,"y":0.667},"o":{"x":0.333,"y":0.333},"t":44,"s":[168.627,43.137,0],"to":[0,0,0],"ti":[0,0,0]},{"i":{"x":0.667,"y":1},"o":{"x":0.167,"y":0},"t":56,"s":[168.627,43.137,0],"to":[-51.307,-4.575,0],"ti":[0.309,28.145,0]},{"i":{"x":0.667,"y":1},"o":{"x":0.167,"y":0},"t":61,"s":[-139.216,15.686,0],"to":[-0.163,-14.869,0],"ti":[0,0,0]},{"i":{"x":0.667,"y":1},"o":{"x":0.167,"y":0},"t":76,"s":[-140.196,15.686,0],"to":[0,0,0],"ti":[0,0,0]},{"i":{"x":0.667,"y":0.667},"o":{"x":0.167,"y":0.167},"t":81,"s":[-147.059,-152.941,0],"to":[0,0,0],"ti":[0,0,0]},{"i":{"x":0.667,"y":1},"o":{"x":0.167,"y":0},"t":98,"s":[-147.059,-152.941,0],"to":[0,0,0],"ti":[0,0,0]},{"t":104,"s":[5.882,-1.961,0]}],"ix":2},"a":{"a":0,"k":[37.5,37.5,0],"ix":1},"s":{"a":0,"k":[100,100],"ix":6}},"ao":0,"ef":[{"ty":5,"nm":"joystickLimit","np":3,"mn":"ADBE Slider Control","ix":1,"en":1,"ef":[{"ty":0,"nm":"ì¬ë¼ì´ë","mn":"ADBE Slider Control-0001","ix":1,"v":{"a":0,"k":200,"ix":1}}]}],"sw":75,"sh":75,"sc":"#ffffff","ip":0,"op":120,"st":0,"bm":0},{"ddd":0,"ind":6,"ty":4,"nm":"JoyStkCtrl01 Origin","hd":true,"sr":1,"ks":{"o":{"a":0,"k":100,"ix":11},"r":{"a":0,"k":0,"ix":10},"p":{"a":0,"k":[451,64,0],"ix":2},"a":{"a":0,"k":[0,0,0],"ix":1},"s":{"a":0,"k":[25.5,25.5,100],"ix":6}},"ao":0,"shapes":[{"ty":"gr","it":[{"ty":"rc","d":1,"s":{"a":0,"k":[251.383,200],"ix":2,"x":"var $bm_rt;\nvar temp;\ntemp = $bm_mul(thisComp.layer('JoyStkCtrl01')('ADBE Effect Parade')('joystickLimit')('ADBE Slider Control-0001'), 2);\n$bm_rt = [\n    temp,\n    temp\n];"},"p":{"a":0,"k":[0,0],"ix":3},"r":{"a":0,"k":28,"ix":4},"nm":"Rectangle Path 1","mn":"ADBE Vector Shape - Rect","hd":false},{"ty":"st","c":{"a":0,"k":[0.25882352941176473,0.3411764705882353,0.43529411764705883,1],"ix":3},"o":{"a":0,"k":100,"ix":4},"w":{"a":0,"k":7,"ix":5},"lc":1,"lj":1,"ml":4,"bm":0,"d":[{"n":"d","nm":"ëì","v":{"a":0,"k":14,"ix":1}},{"n":"o","nm":"ì¤íì","v":{"a":0,"k":0,"ix":7}}],"nm":"Stroke 1","mn":"ADBE Vector Graphic - Stroke","hd":false},{"ty":"tr","p":{"a":0,"k":[0,0],"ix":2},"a":{"a":0,"k":[0,0],"ix":1},"s":{"a":0,"k":[100,100],"ix":3},"r":{"a":0,"k":0,"ix":6},"o":{"a":0,"k":100,"ix":7},"sk":{"a":0,"k":0,"ix":4},"sa":{"a":0,"k":0,"ix":5},"nm":"ë³í"}],"nm":"Group 1","np":2,"cix":2,"bm":0,"ix":1,"mn":"ADBE Vector Group","hd":false}],"ip":0,"op":120,"st":0,"bm":0},{"ddd":0,"ind":7,"ty":3,"nm":"ì ì²´ ì½í¸ë¡¤","sr":1,"ks":{"o":{"a":0,"k":0,"ix":11},"r":{"a":0,"k":0,"ix":10},"p":{"a":1,"k":[{"i":{"x":0.667,"y":1},"o":{"x":0.333,"y":0},"t":0,"s":[256,256,0],"to":[0,-2,0],"ti":[0,0,0]},{"i":{"x":0.667,"y":1},"o":{"x":0.333,"y":0},"t":15,"s":[256,244,0],"to":[0,0,0],"ti":[0,0,0]},{"i":{"x":0.667,"y":1},"o":{"x":0.333,"y":0},"t":30,"s":[256,256,0],"to":[0,0,0],"ti":[0,0,0]},{"i":{"x":0.667,"y":1},"o":{"x":0.333,"y":0},"t":45,"s":[256,244,0],"to":[0,0,0],"ti":[0,0,0]},{"i":{"x":0.667,"y":1},"o":{"x":0.333,"y":0},"t":60,"s":[256,256,0],"to":[0,0,0],"ti":[0,0,0]},{"i":{"x":0.667,"y":1},"o":{"x":0.333,"y":0},"t":75,"s":[256,244,0],"to":[0,0,0],"ti":[0,0,0]},{"i":{"x":0.667,"y":1},"o":{"x":0.333,"y":0},"t":90,"s":[256,256,0],"to":[0,0,0],"ti":[0,0,0]},{"i":{"x":0.667,"y":1},"o":{"x":0.333,"y":0},"t":105,"s":[256,244,0],"to":[0,0,0],"ti":[0,-2,0]},{"t":120,"s":[256,256,0]}],"ix":2},"a":{"a":0,"k":[0,0,0],"ix":1},"s":{"a":0,"k":[100,100,100],"ix":6}},"ao":0,"ip":0,"op":120,"st":0,"bm":0},{"ddd":0,"ind":8,"ty":4,"nm":"ì¤ë¥¸ìª½ ëì ì¤ê³½ì ","parent":7,"sr":1,"ks":{"o":{"a":0,"k":100,"ix":11},"r":{"a":0,"k":0,"ix":10},"p":{"a":0,"k":[-63.086,-46.868,0],"ix":2,"x":"var $bm_rt;\nfunction joystick(inputResult) {\n    var slideR, slideL, slideU, slideD;\n    var easeOverride_right = null;\n    var easeOverride_left = null;\n    var easeOverride_up = null;\n    var easeOverride_down = null;\n    var contrl = thisComp.layer('JoyStkCtrl01');\n    var myLimit = contrl('ADBE Effect Parade')('joystickLimit')('ADBE Slider Control-0001');\n    var contrlCurVal = contrl('ADBE Transform Group')('ADBE Position');\n    var resultVal;\n    var key1 = [\n            192.913604736328,\n            209.132400512695,\n            0\n        ];\n    var key2 = [\n            208.413604736328,\n            209.132400512695,\n            0\n        ];\n    var key3 = [\n            175.913604736328,\n            209.132400512695,\n            0\n        ];\n    var key4 = [\n            192.913604736328,\n            188.632400512695,\n            0\n        ];\n    var key5 = [\n            192.913604736328,\n            233.632400512695,\n            0\n        ];\n    key1 = unArray(key1);\n    key2 = unArray(key2);\n    key3 = unArray(key3);\n    key4 = unArray(key4);\n    key5 = unArray(key5);\n    try {\n        if (!thisLayer('ADBE Effect Parade')('Pseudo/1k48264d77gIB').active) {\n            throw 'inactive';\n        }\n        slideR = thisLayer('ADBE Effect Parade')('Pseudo/1k48264d77gIB')('Pseudo/1k48264d77gIB-0001');\n        slideL = thisLayer('ADBE Effect Parade')('Pseudo/1k48264d77gIB')('Pseudo/1k48264d77gIB-0002');\n        slideU = thisLayer('ADBE Effect Parade')('Pseudo/1k48264d77gIB')('Pseudo/1k48264d77gIB-0003');\n        slideD = thisLayer('ADBE Effect Parade')('Pseudo/1k48264d77gIB')('Pseudo/1k48264d77gIB-0004');\n    } catch (err) {\n        slideR = 0;\n        slideL = 0;\n        slideU = 0;\n        slideD = 0;\n    }\n    if (easeOverride_right !== null && !isNaN(easeOverride_right)) {\n        slideR = moClamp(easeOverride_right, -100, 100);\n    }\n    if (easeOverride_left !== null && !isNaN(easeOverride_left)) {\n        slideL = moClamp(easeOverride_left, -100, 100);\n    }\n    if (easeOverride_up !== null && !isNaN(easeOverride_up)) {\n        slideU = moClamp(easeOverride_up, -100, 100);\n    }\n    if (easeOverride_down !== null && !isNaN(easeOverride_down)) {\n        slideD = moClamp(easeOverride_down, -100, 100);\n    }\n    var easeResultX, easeResultY;\n    if (contrlCurVal[0] >= 0) {\n        resultVal = linear(contrlCurVal[0], 0, myLimit, key1, key2);\n        if (slideR !== 0) {\n            easeResultX = easeSwitch(contrlCurVal[0], 0, myLimit, key1, key2, slideR);\n            resultVal = linear(Math.abs(slideR), 0, 100, resultVal, easeResultX);\n        }\n    } else {\n        resultVal = linear($bm_neg(contrlCurVal[0]), 0, myLimit, key1, key3);\n        if (slideL !== 0) {\n            easeResultX = easeSwitch($bm_neg(contrlCurVal[0]), 0, myLimit, key1, key3, slideL);\n            resultVal = linear(Math.abs(slideL), 0, 100, resultVal, easeResultX);\n        }\n    }\n    var resultAdd = 0;\n    if (contrlCurVal[1] <= 0) {\n        resultAdd = $bm_sub(linear($bm_neg(contrlCurVal[1]), 0, myLimit, key1, key4), key1);\n        if (slideU !== 0) {\n            easeResultY = $bm_sub(easeSwitch($bm_neg(contrlCurVal[1]), 0, myLimit, key1, key4, slideU), key1);\n            resultAdd = linear(Math.abs(slideU), 0, 100, resultAdd, easeResultY);\n        }\n    } else {\n        resultAdd = $bm_sub(linear(contrlCurVal[1], 0, myLimit, key1, key5), key1);\n        if (slideD !== 0) {\n            easeResultY = $bm_sub(easeSwitch(contrlCurVal[1], 0, myLimit, key1, key5, slideD), key1);\n            resultAdd = linear(Math.abs(slideD), 0, 100, resultAdd, easeResultY);\n        }\n    }\n    return $bm_sum($bm_sum(resultVal, resultAdd), $bm_sub(inputResult, key1));\n}\nfunction cosEase(val, min1, max1, input1, input2) {\n    var myCos = [];\n    if ($bm_isInstanceOfArray(input1)) {\n        for (var x = 0; x < input1.length; x++) {\n            myCos.push(getMeCos(val, min1, max1, input1[x], input2[x]));\n        }\n    } else {\n        myCos = getMeCos(val, min1, max1, input1, input2);\n    }\n    return myCos;\n    function getMeCos(val, min1, max1, input1, input2) {\n        var mapVal = moClamp($bm_div(val, $bm_sub(max1, min1)), 0, 1);\n        var c = $bm_sub(input2, input1);\n        var myCos2 = $bm_sum($bm_sum($bm_mul($bm_neg(c), Math.cos($bm_mul(mapVal, $bm_div(Math.PI, 2)))), c), input1);\n        return myCos2;\n    }\n}\nfunction sinEase(val, min1, max1, input1, input2) {\n    var mySin = [];\n    if ($bm_isInstanceOfArray(input1)) {\n        for (var x = 0; x < input1.length; x++) {\n            mySin.push(getMeSin(val, min1, max1, input1[x], input2[x]));\n        }\n    } else {\n        mySin = getMeSin(val, min1, max1, input1, input2);\n    }\n    return mySin;\n    function getMeSin(val, min1, max1, input1, input2) {\n        var mapVal = moClamp($bm_div(val, $bm_sub(max1, min1)), 0, 1);\n        var c = $bm_sub(input2, input1);\n        var mySin2 = $bm_sum($bm_mul(c, Math.sin($bm_mul(mapVal, $bm_div(Math.PI, 2)))), input1);\n        return mySin2;\n    }\n}\nfunction easeSwitch(val, min1, max1, input1, input2, morph) {\n    if (morph < 0) {\n        return cosEase(val, min1, max1, input1, input2);\n    } else {\n        return sinEase(val, min1, max1, input1, input2);\n    }\n}\nfunction unArray(inKey) {\n    if (inKey instanceof Array && inKey.length === 1) {\n        return inKey[0];\n    } else {\n        return inKey;\n    }\n}\nfunction moClamp(a, b, c) {\n    if (!(a instanceof Array)) {\n        return Math.max(b, Math.min(c, a));\n    } else {\n        var aryHold = [];\n        for (var x = 0; x < a.length; x++) {\n            aryHold.push(Math.max(b, Math.min(c, a[x])));\n        }\n        return aryHold;\n    }\n}\n$bm_rt = joystick(value);"},"a":{"a":0,"k":[7.814,21.809,0],"ix":1},"s":{"a":0,"k":[100,100,100],"ix":6,"x":"var $bm_rt;\nfunction slider(inputValue) {\n    var contrl = thisComp.layer('SlideController');\n    var contrlCurVal1 = contrl('ADBE Effect Parade')(1)('ADBE Slider Control-0001');\n    var k1 = [\n            100,\n            100,\n            100\n        ];\n    var k2 = [\n            100,\n            0,\n            100\n        ];\n    k1 = unArray(k1);\n    k2 = unArray(k2);\n    if (contrlCurVal1 > 0) {\n        var resultAdd1 = linear(contrlCurVal1, 0, 100, k1, k2);\n    } else if (contrlCurVal1 < 0) {\n        var resultAdd1 = $bm_sum(k1, $bm_sum($bm_neg(linear($bm_neg(contrlCurVal1), 0, 100, k1, k2)), k1));\n    } else {\n        var resultAdd1 = k1;\n    }\n    var myResult = $bm_sum(resultAdd1, $bm_sub(inputValue, k1));\n    return myResult;\n}\nfunction unArray(inKey) {\n    if (inKey instanceof Array && inKey.length === 1) {\n        return inKey[0];\n    } else {\n        return inKey;\n    }\n}\n$bm_rt = slider(value);"}},"ao":0,"shapes":[{"ty":"gr","it":[{"ind":0,"ty":"sh","ix":1,"ks":{"a":0,"k":{"i":[[4.16,0],[0,0],[0,4.16],[0,0],[-4.161,0],[0,-4.161],[0,0]],"o":[[0,0],[-4.161,0],[0,0],[0,-4.161],[4.16,0],[0,0],[0,4.16]],"v":[[0.001,21.559],[0.001,21.559],[-7.564,13.995],[-7.564,-13.994],[0.001,-21.559],[7.564,-13.994],[7.564,13.995]],"c":true},"ix":2},"nm":"í¨ì¤ 1","mn":"ADBE Vector Shape - Group","hd":false},{"ty":"fl","c":{"a":0,"k":[1,1,1,1],"ix":4},"o":{"a":0,"k":100,"ix":5},"r":1,"bm":0,"nm":"ì¹  1","mn":"ADBE Vector Graphic - Fill","hd":false},{"ty":"tr","p":{"a":0,"k":[7.814,21.809],"ix":2},"a":{"a":0,"k":[0,0],"ix":1},"s":{"a":0,"k":[100,100],"ix":3},"r":{"a":0,"k":0,"ix":6},"o":{"a":0,"k":100,"ix":7},"sk":{"a":0,"k":0,"ix":4},"sa":{"a":0,"k":0,"ix":5},"nm":"ë³í"}],"nm":"ê·¸ë£¹ 1","np":2,"cix":2,"bm":0,"ix":1,"mn":"ADBE Vector Group","hd":false}],"ip":0,"op":120,"st":0,"bm":0},{"ddd":0,"ind":9,"ty":4,"nm":"ì¼ìª½ ëì ì¤ê³½ì ","parent":7,"sr":1,"ks":{"o":{"a":0,"k":100,"ix":11},"r":{"a":0,"k":0,"ix":10},"p":{"a":0,"k":[63.241,-46.868,0],"ix":2,"x":"var $bm_rt;\nfunction joystick(inputResult) {\n    var slideR, slideL, slideU, slideD;\n    var easeOverride_right = null;\n    var easeOverride_left = null;\n    var easeOverride_up = null;\n    var easeOverride_down = null;\n    var contrl = thisComp.layer('JoyStkCtrl01');\n    var myLimit = contrl('ADBE Effect Parade')('joystickLimit')('ADBE Slider Control-0001');\n    var contrlCurVal = contrl('ADBE Transform Group')('ADBE Position');\n    var resultVal;\n    var key1 = [\n            319.241195678711,\n            209.132400512695,\n            0\n        ];\n    var key2 = [\n            334.7412109375,\n            209.132400512695,\n            0\n        ];\n    var key3 = [\n            302.2412109375,\n            209.132400512695,\n            0\n        ];\n    var key4 = [\n            319.2412109375,\n            188.632400512695,\n            0\n        ];\n    var key5 = [\n            319.2412109375,\n            233.632400512695,\n            0\n        ];\n    key1 = unArray(key1);\n    key2 = unArray(key2);\n    key3 = unArray(key3);\n    key4 = unArray(key4);\n    key5 = unArray(key5);\n    try {\n        if (!thisLayer('ADBE Effect Parade')('Pseudo/1k48264d77gIB').active) {\n            throw 'inactive';\n        }\n        slideR = thisLayer('ADBE Effect Parade')('Pseudo/1k48264d77gIB')('Pseudo/1k48264d77gIB-0001');\n        slideL = thisLayer('ADBE Effect Parade')('Pseudo/1k48264d77gIB')('Pseudo/1k48264d77gIB-0002');\n        slideU = thisLayer('ADBE Effect Parade')('Pseudo/1k48264d77gIB')('Pseudo/1k48264d77gIB-0003');\n        slideD = thisLayer('ADBE Effect Parade')('Pseudo/1k48264d77gIB')('Pseudo/1k48264d77gIB-0004');\n    } catch (err) {\n        slideR = 0;\n        slideL = 0;\n        slideU = 0;\n        slideD = 0;\n    }\n    if (easeOverride_right !== null && !isNaN(easeOverride_right)) {\n        slideR = moClamp(easeOverride_right, -100, 100);\n    }\n    if (easeOverride_left !== null && !isNaN(easeOverride_left)) {\n        slideL = moClamp(easeOverride_left, -100, 100);\n    }\n    if (easeOverride_up !== null && !isNaN(easeOverride_up)) {\n        slideU = moClamp(easeOverride_up, -100, 100);\n    }\n    if (easeOverride_down !== null && !isNaN(easeOverride_down)) {\n        slideD = moClamp(easeOverride_down, -100, 100);\n    }\n    var easeResultX, easeResultY;\n    if (contrlCurVal[0] >= 0) {\n        resultVal = linear(contrlCurVal[0], 0, myLimit, key1, key2);\n        if (slideR !== 0) {\n            easeResultX = easeSwitch(contrlCurVal[0], 0, myLimit, key1, key2, slideR);\n            resultVal = linear(Math.abs(slideR), 0, 100, resultVal, easeResultX);\n        }\n    } else {\n        resultVal = linear($bm_neg(contrlCurVal[0]), 0, myLimit, key1, key3);\n        if (slideL !== 0) {\n            easeResultX = easeSwitch($bm_neg(contrlCurVal[0]), 0, myLimit, key1, key3, slideL);\n            resultVal = linear(Math.abs(slideL), 0, 100, resultVal, easeResultX);\n        }\n    }\n    var resultAdd = 0;\n    if (contrlCurVal[1] <= 0) {\n        resultAdd = $bm_sub(linear($bm_neg(contrlCurVal[1]), 0, myLimit, key1, key4), key1);\n        if (slideU !== 0) {\n            easeResultY = $bm_sub(easeSwitch($bm_neg(contrlCurVal[1]), 0, myLimit, key1, key4, slideU), key1);\n            resultAdd = linear(Math.abs(slideU), 0, 100, resultAdd, easeResultY);\n        }\n    } else {\n        resultAdd = $bm_sub(linear(contrlCurVal[1], 0, myLimit, key1, key5), key1);\n        if (slideD !== 0) {\n            easeResultY = $bm_sub(easeSwitch(contrlCurVal[1], 0, myLimit, key1, key5, slideD), key1);\n            resultAdd = linear(Math.abs(slideD), 0, 100, resultAdd, easeResultY);\n        }\n    }\n    return $bm_sum($bm_sum(resultVal, resultAdd), $bm_sub(inputResult, key1));\n}\nfunction cosEase(val, min1, max1, input1, input2) {\n    var myCos = [];\n    if ($bm_isInstanceOfArray(input1)) {\n        for (var x = 0; x < input1.length; x++) {\n            myCos.push(getMeCos(val, min1, max1, input1[x], input2[x]));\n        }\n    } else {\n        myCos = getMeCos(val, min1, max1, input1, input2);\n    }\n    return myCos;\n    function getMeCos(val, min1, max1, input1, input2) {\n        var mapVal = moClamp($bm_div(val, $bm_sub(max1, min1)), 0, 1);\n        var c = $bm_sub(input2, input1);\n        var myCos2 = $bm_sum($bm_sum($bm_mul($bm_neg(c), Math.cos($bm_mul(mapVal, $bm_div(Math.PI, 2)))), c), input1);\n        return myCos2;\n    }\n}\nfunction sinEase(val, min1, max1, input1, input2) {\n    var mySin = [];\n    if ($bm_isInstanceOfArray(input1)) {\n        for (var x = 0; x < input1.length; x++) {\n            mySin.push(getMeSin(val, min1, max1, input1[x], input2[x]));\n        }\n    } else {\n        mySin = getMeSin(val, min1, max1, input1, input2);\n    }\n    return mySin;\n    function getMeSin(val, min1, max1, input1, input2) {\n        var mapVal = moClamp($bm_div(val, $bm_sub(max1, min1)), 0, 1);\n        var c = $bm_sub(input2, input1);\n        var mySin2 = $bm_sum($bm_mul(c, Math.sin($bm_mul(mapVal, $bm_div(Math.PI, 2)))), input1);\n        return mySin2;\n    }\n}\nfunction easeSwitch(val, min1, max1, input1, input2, morph) {\n    if (morph < 0) {\n        return cosEase(val, min1, max1, input1, input2);\n    } else {\n        return sinEase(val, min1, max1, input1, input2);\n    }\n}\nfunction unArray(inKey) {\n    if (inKey instanceof Array && inKey.length === 1) {\n        return inKey[0];\n    } else {\n        return inKey;\n    }\n}\nfunction moClamp(a, b, c) {\n    if (!(a instanceof Array)) {\n        return Math.max(b, Math.min(c, a));\n    } else {\n        var aryHold = [];\n        for (var x = 0; x < a.length; x++) {\n            aryHold.push(Math.max(b, Math.min(c, a[x])));\n        }\n        return aryHold;\n    }\n}\n$bm_rt = joystick(value);"},"a":{"a":0,"k":[7.814,21.809,0],"ix":1},"s":{"a":0,"k":[100,100,100],"ix":6,"x":"var $bm_rt;\nfunction slider(inputValue) {\n    var contrl = thisComp.layer('SlideController');\n    var contrlCurVal1 = contrl('ADBE Effect Parade')(1)('ADBE Slider Control-0001');\n    var k1 = [\n            100,\n            100,\n            100\n        ];\n    var k2 = [\n            100,\n            0,\n            100\n        ];\n    k1 = unArray(k1);\n    k2 = unArray(k2);\n    if (contrlCurVal1 > 0) {\n        var resultAdd1 = linear(contrlCurVal1, 0, 100, k1, k2);\n    } else if (contrlCurVal1 < 0) {\n        var resultAdd1 = $bm_sum(k1, $bm_sum($bm_neg(linear($bm_neg(contrlCurVal1), 0, 100, k1, k2)), k1));\n    } else {\n        var resultAdd1 = k1;\n    }\n    var myResult = $bm_sum(resultAdd1, $bm_sub(inputValue, k1));\n    return myResult;\n}\nfunction unArray(inKey) {\n    if (inKey instanceof Array && inKey.length === 1) {\n        return inKey[0];\n    } else {\n        return inKey;\n    }\n}\n$bm_rt = slider(value);"}},"ao":0,"shapes":[{"ty":"gr","it":[{"ind":0,"ty":"sh","ix":1,"ks":{"a":0,"k":{"i":[[4.16,0],[0,0],[0,4.16],[0,0],[-4.16,0],[0,-4.161],[0,0]],"o":[[0,0],[-4.16,0],[0,0],[0,-4.161],[4.16,0],[0,0],[0,4.16]],"v":[[0,21.559],[0,21.559],[-7.564,13.995],[-7.564,-13.994],[0,-21.559],[7.564,-13.994],[7.564,13.995]],"c":true},"ix":2},"nm":"í¨ì¤ 1","mn":"ADBE Vector Shape - Group","hd":false},{"ty":"fl","c":{"a":0,"k":[1,1,1,1],"ix":4},"o":{"a":0,"k":100,"ix":5},"r":1,"bm":0,"nm":"ì¹  1","mn":"ADBE Vector Graphic - Fill","hd":false},{"ty":"tr","p":{"a":0,"k":[7.814,21.809],"ix":2},"a":{"a":0,"k":[0,0],"ix":1},"s":{"a":0,"k":[100,100],"ix":3},"r":{"a":0,"k":0,"ix":6},"o":{"a":0,"k":100,"ix":7},"sk":{"a":0,"k":0,"ix":4},"sa":{"a":0,"k":0,"ix":5},"nm":"ë³í"}],"nm":"ê·¸ë£¹ 1","np":2,"cix":2,"bm":0,"ix":1,"mn":"ADBE Vector Group","hd":false}],"ip":0,"op":120,"st":0,"bm":0},{"ddd":0,"ind":10,"ty":4,"nm":"ë ì¤ê³½ì ","parent":7,"sr":1,"ks":{"o":{"a":0,"k":100,"ix":11},"r":{"a":0,"k":0,"ix":10},"p":{"a":0,"k":[0.078,-46.868,0],"ix":2,"x":"var $bm_rt;\nfunction joystick(inputResult) {\n    var slideR, slideL, slideU, slideD;\n    var easeOverride_right = null;\n    var easeOverride_left = null;\n    var easeOverride_up = null;\n    var easeOverride_down = null;\n    var contrl = thisComp.layer('JoyStkCtrl01');\n    var myLimit = contrl('ADBE Effect Parade')('joystickLimit')('ADBE Slider Control-0001');\n    var contrlCurVal = contrl('ADBE Transform Group')('ADBE Position');\n    var resultVal;\n    var key1 = [\n            256.077697753906,\n            209.132308959961,\n            0\n        ];\n    var key2 = [\n            271.577697753906,\n            209.132308959961,\n            0\n        ];\n    var key3 = [\n            239.077697753906,\n            209.132308959961,\n            0\n        ];\n    var key4 = [\n            256.077697753906,\n            188.632308959961,\n            0\n        ];\n    var key5 = [\n            256.077697753906,\n            233.632308959961,\n            0\n        ];\n    key1 = unArray(key1);\n    key2 = unArray(key2);\n    key3 = unArray(key3);\n    key4 = unArray(key4);\n    key5 = unArray(key5);\n    try {\n        if (!thisLayer('ADBE Effect Parade')('Pseudo/1k48264d77gIB').active) {\n            throw 'inactive';\n        }\n        slideR = thisLayer('ADBE Effect Parade')('Pseudo/1k48264d77gIB')('Pseudo/1k48264d77gIB-0001');\n        slideL = thisLayer('ADBE Effect Parade')('Pseudo/1k48264d77gIB')('Pseudo/1k48264d77gIB-0002');\n        slideU = thisLayer('ADBE Effect Parade')('Pseudo/1k48264d77gIB')('Pseudo/1k48264d77gIB-0003');\n        slideD = thisLayer('ADBE Effect Parade')('Pseudo/1k48264d77gIB')('Pseudo/1k48264d77gIB-0004');\n    } catch (err) {\n        slideR = 0;\n        slideL = 0;\n        slideU = 0;\n        slideD = 0;\n    }\n    if (easeOverride_right !== null && !isNaN(easeOverride_right)) {\n        slideR = moClamp(easeOverride_right, -100, 100);\n    }\n    if (easeOverride_left !== null && !isNaN(easeOverride_left)) {\n        slideL = moClamp(easeOverride_left, -100, 100);\n    }\n    if (easeOverride_up !== null && !isNaN(easeOverride_up)) {\n        slideU = moClamp(easeOverride_up, -100, 100);\n    }\n    if (easeOverride_down !== null && !isNaN(easeOverride_down)) {\n        slideD = moClamp(easeOverride_down, -100, 100);\n    }\n    var easeResultX, easeResultY;\n    if (contrlCurVal[0] >= 0) {\n        resultVal = linear(contrlCurVal[0], 0, myLimit, key1, key2);\n        if (slideR !== 0) {\n            easeResultX = easeSwitch(contrlCurVal[0], 0, myLimit, key1, key2, slideR);\n            resultVal = linear(Math.abs(slideR), 0, 100, resultVal, easeResultX);\n        }\n    } else {\n        resultVal = linear($bm_neg(contrlCurVal[0]), 0, myLimit, key1, key3);\n        if (slideL !== 0) {\n            easeResultX = easeSwitch($bm_neg(contrlCurVal[0]), 0, myLimit, key1, key3, slideL);\n            resultVal = linear(Math.abs(slideL), 0, 100, resultVal, easeResultX);\n        }\n    }\n    var resultAdd = 0;\n    if (contrlCurVal[1] <= 0) {\n        resultAdd = $bm_sub(linear($bm_neg(contrlCurVal[1]), 0, myLimit, key1, key4), key1);\n        if (slideU !== 0) {\n            easeResultY = $bm_sub(easeSwitch($bm_neg(contrlCurVal[1]), 0, myLimit, key1, key4, slideU), key1);\n            resultAdd = linear(Math.abs(slideU), 0, 100, resultAdd, easeResultY);\n        }\n    } else {\n        resultAdd = $bm_sub(linear(contrlCurVal[1], 0, myLimit, key1, key5), key1);\n        if (slideD !== 0) {\n            easeResultY = $bm_sub(easeSwitch(contrlCurVal[1], 0, myLimit, key1, key5, slideD), key1);\n            resultAdd = linear(Math.abs(slideD), 0, 100, resultAdd, easeResultY);\n        }\n    }\n    return $bm_sum($bm_sum(resultVal, resultAdd), $bm_sub(inputResult, key1));\n}\nfunction cosEase(val, min1, max1, input1, input2) {\n    var myCos = [];\n    if ($bm_isInstanceOfArray(input1)) {\n        for (var x = 0; x < input1.length; x++) {\n            myCos.push(getMeCos(val, min1, max1, input1[x], input2[x]));\n        }\n    } else {\n        myCos = getMeCos(val, min1, max1, input1, input2);\n    }\n    return myCos;\n    function getMeCos(val, min1, max1, input1, input2) {\n        var mapVal = moClamp($bm_div(val, $bm_sub(max1, min1)), 0, 1);\n        var c = $bm_sub(input2, input1);\n        var myCos2 = $bm_sum($bm_sum($bm_mul($bm_neg(c), Math.cos($bm_mul(mapVal, $bm_div(Math.PI, 2)))), c), input1);\n        return myCos2;\n    }\n}\nfunction sinEase(val, min1, max1, input1, input2) {\n    var mySin = [];\n    if ($bm_isInstanceOfArray(input1)) {\n        for (var x = 0; x < input1.length; x++) {\n            mySin.push(getMeSin(val, min1, max1, input1[x], input2[x]));\n        }\n    } else {\n        mySin = getMeSin(val, min1, max1, input1, input2);\n    }\n    return mySin;\n    function getMeSin(val, min1, max1, input1, input2) {\n        var mapVal = moClamp($bm_div(val, $bm_sub(max1, min1)), 0, 1);\n        var c = $bm_sub(input2, input1);\n        var mySin2 = $bm_sum($bm_mul(c, Math.sin($bm_mul(mapVal, $bm_div(Math.PI, 2)))), input1);\n        return mySin2;\n    }\n}\nfunction easeSwitch(val, min1, max1, input1, input2, morph) {\n    if (morph < 0) {\n        return cosEase(val, min1, max1, input1, input2);\n    } else {\n        return sinEase(val, min1, max1, input1, input2);\n    }\n}\nfunction unArray(inKey) {\n    if (inKey instanceof Array && inKey.length === 1) {\n        return inKey[0];\n    } else {\n        return inKey;\n    }\n}\nfunction moClamp(a, b, c) {\n    if (!(a instanceof Array)) {\n        return Math.max(b, Math.min(c, a));\n    } else {\n        var aryHold = [];\n        for (var x = 0; x < a.length; x++) {\n            aryHold.push(Math.max(b, Math.min(c, a[x])));\n        }\n        return aryHold;\n    }\n}\n$bm_rt = joystick(value);"},"a":{"a":0,"k":[104.775,35.425,0],"ix":1},"s":{"a":0,"k":[100,100,100],"ix":6}},"ao":0,"shapes":[{"ty":"gr","it":[{"ind":0,"ty":"sh","ix":1,"ks":{"a":0,"k":{"i":[[0,0],[0,0],[0,-14.556],[0,0],[14.557,0],[0,0],[17.066,21.559]],"o":[[0,0],[14.557,0],[0,0],[0,14.556],[0,0],[0,0],[-17.066,-21.56]],"v":[[-70.473,-35.175],[44.006,-35.175],[70.473,-8.709],[70.473,8.709],[44.006,35.175],[-15.298,35.175],[-36.221,-3.782]],"c":true},"ix":2},"nm":"í¨ì¤ 1","mn":"ADBE Vector Shape - Group","hd":false},{"ty":"fl","c":{"a":0,"k":[0.136999990426,0.136999990426,0.136999990426,1],"ix":4},"o":{"a":0,"k":100,"ix":5},"r":1,"bm":0,"nm":"ì¹  1","mn":"ADBE Vector Graphic - Fill","hd":false},{"ty":"tr","p":{"a":0,"k":[138.827,35.425],"ix":2},"a":{"a":0,"k":[0,0],"ix":1},"s":{"a":0,"k":[100,100],"ix":3},"r":{"a":0,"k":0,"ix":6},"o":{"a":0,"k":100,"ix":7},"sk":{"a":0,"k":0,"ix":4},"sa":{"a":0,"k":0,"ix":5},"nm":"ë³í"}],"nm":"ê·¸ë£¹ 1","np":2,"cix":2,"bm":0,"ix":1,"mn":"ADBE Vector Group","hd":false},{"ty":"gr","it":[{"ind":0,"ty":"sh","ix":1,"ks":{"a":0,"k":{"i":[[14.557,0],[0,0],[0,14.556],[0,0],[-14.556,0],[0,0],[0,-14.556],[0,0]],"o":[[0,0],[-14.556,0],[0,0],[0,-14.556],[0,0],[14.557,0],[0,0],[0,14.556]],"v":[[78.058,35.175],[-78.059,35.175],[-104.525,8.709],[-104.525,-8.709],[-78.059,-35.175],[78.058,-35.175],[104.525,-8.709],[104.525,8.709]],"c":true},"ix":2},"nm":"í¨ì¤ 1","mn":"ADBE Vector Shape - Group","hd":false},{"ty":"fl","c":{"a":0,"k":[0.2,0.2,0.2,1],"ix":4},"o":{"a":0,"k":100,"ix":5},"r":1,"bm":0,"nm":"ì¹  1","mn":"ADBE Vector Graphic - Fill","hd":false},{"ty":"tr","p":{"a":0,"k":[104.775,35.425],"ix":2},"a":{"a":0,"k":[0,0],"ix":1},"s":{"a":0,"k":[100,100],"ix":3},"r":{"a":0,"k":0,"ix":6},"o":{"a":0,"k":100,"ix":7},"sk":{"a":0,"k":0,"ix":4},"sa":{"a":0,"k":0,"ix":5},"nm":"ë³í"}],"nm":"ê·¸ë£¹ 2","np":2,"cix":2,"bm":0,"ix":2,"mn":"ADBE Vector Group","hd":false}],"ip":0,"op":120,"st":0,"bm":0},{"ddd":0,"ind":11,"ty":4,"nm":"ë¨¸ë¦¬ ì¤ê³½ì ","parent":7,"sr":1,"ks":{"o":{"a":0,"k":100,"ix":11},"r":{"a":0,"k":0,"ix":10},"p":{"a":0,"k":[0.077,-69.353,0],"ix":2,"x":"var $bm_rt;\nfunction joystick(inputResult) {\n    var slideR, slideL, slideU, slideD;\n    var easeOverride_right = null;\n    var easeOverride_left = null;\n    var easeOverride_up = null;\n    var easeOverride_down = null;\n    var contrl = thisComp.layer('JoyStkCtrl01');\n    var myLimit = contrl('ADBE Effect Parade')('joystickLimit')('ADBE Slider Control-0001');\n    var contrlCurVal = contrl('ADBE Transform Group')('ADBE Position');\n    var resultVal;\n    var key1 = [\n            256.077301025391,\n            186.647399902344,\n            0\n        ];\n    var key2 = [\n            260.577301025391,\n            186.647399902344,\n            0\n        ];\n    var key3 = [\n            249.077301025391,\n            186.647399902344,\n            0\n        ];\n    var key4 = [\n            256.077301025391,\n            178.647399902344,\n            0\n        ];\n    var key5 = [\n            256.077301025391,\n            197.647399902344,\n            0\n        ];\n    key1 = unArray(key1);\n    key2 = unArray(key2);\n    key3 = unArray(key3);\n    key4 = unArray(key4);\n    key5 = unArray(key5);\n    try {\n        if (!thisLayer('ADBE Effect Parade')('Pseudo/1k48264d77gIB').active) {\n            throw 'inactive';\n        }\n        slideR = thisLayer('ADBE Effect Parade')('Pseudo/1k48264d77gIB')('Pseudo/1k48264d77gIB-0001');\n        slideL = thisLayer('ADBE Effect Parade')('Pseudo/1k48264d77gIB')('Pseudo/1k48264d77gIB-0002');\n        slideU = thisLayer('ADBE Effect Parade')('Pseudo/1k48264d77gIB')('Pseudo/1k48264d77gIB-0003');\n        slideD = thisLayer('ADBE Effect Parade')('Pseudo/1k48264d77gIB')('Pseudo/1k48264d77gIB-0004');\n    } catch (err) {\n        slideR = 0;\n        slideL = 0;\n        slideU = 0;\n        slideD = 0;\n    }\n    if (easeOverride_right !== null && !isNaN(easeOverride_right)) {\n        slideR = moClamp(easeOverride_right, -100, 100);\n    }\n    if (easeOverride_left !== null && !isNaN(easeOverride_left)) {\n        slideL = moClamp(easeOverride_left, -100, 100);\n    }\n    if (easeOverride_up !== null && !isNaN(easeOverride_up)) {\n        slideU = moClamp(easeOverride_up, -100, 100);\n    }\n    if (easeOverride_down !== null && !isNaN(easeOverride_down)) {\n        slideD = moClamp(easeOverride_down, -100, 100);\n    }\n    var easeResultX, easeResultY;\n    if (contrlCurVal[0] >= 0) {\n        resultVal = linear(contrlCurVal[0], 0, myLimit, key1, key2);\n        if (slideR !== 0) {\n            easeResultX = easeSwitch(contrlCurVal[0], 0, myLimit, key1, key2, slideR);\n            resultVal = linear(Math.abs(slideR), 0, 100, resultVal, easeResultX);\n        }\n    } else {\n        resultVal = linear($bm_neg(contrlCurVal[0]), 0, myLimit, key1, key3);\n        if (slideL !== 0) {\n            easeResultX = easeSwitch($bm_neg(contrlCurVal[0]), 0, myLimit, key1, key3, slideL);\n            resultVal = linear(Math.abs(slideL), 0, 100, resultVal, easeResultX);\n        }\n    }\n    var resultAdd = 0;\n    if (contrlCurVal[1] <= 0) {\n        resultAdd = $bm_sub(linear($bm_neg(contrlCurVal[1]), 0, myLimit, key1, key4), key1);\n        if (slideU !== 0) {\n            easeResultY = $bm_sub(easeSwitch($bm_neg(contrlCurVal[1]), 0, myLimit, key1, key4, slideU), key1);\n            resultAdd = linear(Math.abs(slideU), 0, 100, resultAdd, easeResultY);\n        }\n    } else {\n        resultAdd = $bm_sub(linear(contrlCurVal[1], 0, myLimit, key1, key5), key1);\n        if (slideD !== 0) {\n            easeResultY = $bm_sub(easeSwitch(contrlCurVal[1], 0, myLimit, key1, key5, slideD), key1);\n            resultAdd = linear(Math.abs(slideD), 0, 100, resultAdd, easeResultY);\n        }\n    }\n    return $bm_sum($bm_sum(resultVal, resultAdd), $bm_sub(inputResult, key1));\n}\nfunction cosEase(val, min1, max1, input1, input2) {\n    var myCos = [];\n    if ($bm_isInstanceOfArray(input1)) {\n        for (var x = 0; x < input1.length; x++) {\n            myCos.push(getMeCos(val, min1, max1, input1[x], input2[x]));\n        }\n    } else {\n        myCos = getMeCos(val, min1, max1, input1, input2);\n    }\n    return myCos;\n    function getMeCos(val, min1, max1, input1, input2) {\n        var mapVal = moClamp($bm_div(val, $bm_sub(max1, min1)), 0, 1);\n        var c = $bm_sub(input2, input1);\n        var myCos2 = $bm_sum($bm_sum($bm_mul($bm_neg(c), Math.cos($bm_mul(mapVal, $bm_div(Math.PI, 2)))), c), input1);\n        return myCos2;\n    }\n}\nfunction sinEase(val, min1, max1, input1, input2) {\n    var mySin = [];\n    if ($bm_isInstanceOfArray(input1)) {\n        for (var x = 0; x < input1.length; x++) {\n            mySin.push(getMeSin(val, min1, max1, input1[x], input2[x]));\n        }\n    } else {\n        mySin = getMeSin(val, min1, max1, input1, input2);\n    }\n    return mySin;\n    function getMeSin(val, min1, max1, input1, input2) {\n        var mapVal = moClamp($bm_div(val, $bm_sub(max1, min1)), 0, 1);\n        var c = $bm_sub(input2, input1);\n        var mySin2 = $bm_sum($bm_mul(c, Math.sin($bm_mul(mapVal, $bm_div(Math.PI, 2)))), input1);\n        return mySin2;\n    }\n}\nfunction easeSwitch(val, min1, max1, input1, input2, morph) {\n    if (morph < 0) {\n        return cosEase(val, min1, max1, input1, input2);\n    } else {\n        return sinEase(val, min1, max1, input1, input2);\n    }\n}\nfunction unArray(inKey) {\n    if (inKey instanceof Array && inKey.length === 1) {\n        return inKey[0];\n    } else {\n        return inKey;\n    }\n}\nfunction moClamp(a, b, c) {\n    if (!(a instanceof Array)) {\n        return Math.max(b, Math.min(c, a));\n    } else {\n        var aryHold = [];\n        for (var x = 0; x < a.length; x++) {\n            aryHold.push(Math.max(b, Math.min(c, a[x])));\n        }\n        return aryHold;\n    }\n}\n$bm_rt = joystick(value);"},"a":{"a":0,"k":[133.432,84.897,0],"ix":1},"s":{"a":0,"k":[100,100,100],"ix":6}},"ao":0,"shapes":[{"ty":"gr","it":[{"ind":0,"ty":"sh","ix":1,"ks":{"a":0,"k":{"i":[[0,-60.109],[73.554,0],[0,60.109],[-73.555,0]],"o":[[0,60.109],[-73.555,0],[0,-60.109],[73.554,0]],"v":[[133.182,24.189],[0,84.647],[-133.182,24.189],[0,-84.647]],"c":true},"ix":2},"nm":"í¨ì¤ 1","mn":"ADBE Vector Shape - Group","hd":false},{"ty":"fl","c":{"a":0,"k":[1,1,1,1],"ix":4},"o":{"a":0,"k":100,"ix":5},"r":1,"bm":0,"nm":"ì¹  1","mn":"ADBE Vector Graphic - Fill","hd":false},{"ty":"tr","p":{"a":0,"k":[133.432,84.897],"ix":2},"a":{"a":0,"k":[0,0],"ix":1},"s":{"a":0,"k":[100,100],"ix":3},"r":{"a":0,"k":0,"ix":6},"o":{"a":0,"k":100,"ix":7},"sk":{"a":0,"k":0,"ix":4},"sa":{"a":0,"k":0,"ix":5},"nm":"ë³í"}],"nm":"ê·¸ë£¹ 1","np":2,"cix":2,"bm":0,"ix":1,"mn":"ADBE Vector Group","hd":false}],"ip":0,"op":120,"st":0,"bm":0},{"ddd":0,"ind":12,"ty":4,"nm":"ì¤ë¥¸ìª½ ê· ì¤ê³½ì ","parent":7,"sr":1,"ks":{"o":{"a":0,"k":100,"ix":11},"r":{"a":0,"k":0,"ix":10},"p":{"a":0,"k":[-133.26,-46.696,0],"ix":2,"x":"var $bm_rt;\nfunction joystick(inputResult) {\n    var slideR, slideL, slideU, slideD;\n    var easeOverride_right = null;\n    var easeOverride_left = null;\n    var easeOverride_up = null;\n    var easeOverride_down = null;\n    var contrl = thisComp.layer('JoyStkCtrl01');\n    var myLimit = contrl('ADBE Effect Parade')('joystickLimit')('ADBE Slider Control-0001');\n    var contrlCurVal = contrl('ADBE Transform Group')('ADBE Position');\n    var resultVal;\n    var key1 = [\n            122.740203857422,\n            209.304306030273,\n            0\n        ];\n    var key2 = [\n            123.740203857422,\n            209.304306030273,\n            0\n        ];\n    var key3 = [\n            122.240203857422,\n            209.304306030273,\n            0\n        ];\n    var key4 = [\n            122.740203857422,\n            207.804306030273,\n            0\n        ];\n    var key5 = [\n            122.740203857422,\n            211.304306030273,\n            0\n        ];\n    key1 = unArray(key1);\n    key2 = unArray(key2);\n    key3 = unArray(key3);\n    key4 = unArray(key4);\n    key5 = unArray(key5);\n    try {\n        if (!thisLayer('ADBE Effect Parade')('Pseudo/1k48264d77gIB').active) {\n            throw 'inactive';\n        }\n        slideR = thisLayer('ADBE Effect Parade')('Pseudo/1k48264d77gIB')('Pseudo/1k48264d77gIB-0001');\n        slideL = thisLayer('ADBE Effect Parade')('Pseudo/1k48264d77gIB')('Pseudo/1k48264d77gIB-0002');\n        slideU = thisLayer('ADBE Effect Parade')('Pseudo/1k48264d77gIB')('Pseudo/1k48264d77gIB-0003');\n        slideD = thisLayer('ADBE Effect Parade')('Pseudo/1k48264d77gIB')('Pseudo/1k48264d77gIB-0004');\n    } catch (err) {\n        slideR = 0;\n        slideL = 0;\n        slideU = 0;\n        slideD = 0;\n    }\n    if (easeOverride_right !== null && !isNaN(easeOverride_right)) {\n        slideR = moClamp(easeOverride_right, -100, 100);\n    }\n    if (easeOverride_left !== null && !isNaN(easeOverride_left)) {\n        slideL = moClamp(easeOverride_left, -100, 100);\n    }\n    if (easeOverride_up !== null && !isNaN(easeOverride_up)) {\n        slideU = moClamp(easeOverride_up, -100, 100);\n    }\n    if (easeOverride_down !== null && !isNaN(easeOverride_down)) {\n        slideD = moClamp(easeOverride_down, -100, 100);\n    }\n    var easeResultX, easeResultY;\n    if (contrlCurVal[0] >= 0) {\n        resultVal = linear(contrlCurVal[0], 0, myLimit, key1, key2);\n        if (slideR !== 0) {\n            easeResultX = easeSwitch(contrlCurVal[0], 0, myLimit, key1, key2, slideR);\n            resultVal = linear(Math.abs(slideR), 0, 100, resultVal, easeResultX);\n        }\n    } else {\n        resultVal = linear($bm_neg(contrlCurVal[0]), 0, myLimit, key1, key3);\n        if (slideL !== 0) {\n            easeResultX = easeSwitch($bm_neg(contrlCurVal[0]), 0, myLimit, key1, key3, slideL);\n            resultVal = linear(Math.abs(slideL), 0, 100, resultVal, easeResultX);\n        }\n    }\n    var resultAdd = 0;\n    if (contrlCurVal[1] <= 0) {\n        resultAdd = $bm_sub(linear($bm_neg(contrlCurVal[1]), 0, myLimit, key1, key4), key1);\n        if (slideU !== 0) {\n            easeResultY = $bm_sub(easeSwitch($bm_neg(contrlCurVal[1]), 0, myLimit, key1, key4, slideU), key1);\n            resultAdd = linear(Math.abs(slideU), 0, 100, resultAdd, easeResultY);\n        }\n    } else {\n        resultAdd = $bm_sub(linear(contrlCurVal[1], 0, myLimit, key1, key5), key1);\n        if (slideD !== 0) {\n            easeResultY = $bm_sub(easeSwitch(contrlCurVal[1], 0, myLimit, key1, key5, slideD), key1);\n            resultAdd = linear(Math.abs(slideD), 0, 100, resultAdd, easeResultY);\n        }\n    }\n    return $bm_sum($bm_sum(resultVal, resultAdd), $bm_sub(inputResult, key1));\n}\nfunction cosEase(val, min1, max1, input1, input2) {\n    var myCos = [];\n    if ($bm_isInstanceOfArray(input1)) {\n        for (var x = 0; x < input1.length; x++) {\n            myCos.push(getMeCos(val, min1, max1, input1[x], input2[x]));\n        }\n    } else {\n        myCos = getMeCos(val, min1, max1, input1, input2);\n    }\n    return myCos;\n    function getMeCos(val, min1, max1, input1, input2) {\n        var mapVal = moClamp($bm_div(val, $bm_sub(max1, min1)), 0, 1);\n        var c = $bm_sub(input2, input1);\n        var myCos2 = $bm_sum($bm_sum($bm_mul($bm_neg(c), Math.cos($bm_mul(mapVal, $bm_div(Math.PI, 2)))), c), input1);\n        return myCos2;\n    }\n}\nfunction sinEase(val, min1, max1, input1, input2) {\n    var mySin = [];\n    if ($bm_isInstanceOfArray(input1)) {\n        for (var x = 0; x < input1.length; x++) {\n            mySin.push(getMeSin(val, min1, max1, input1[x], input2[x]));\n        }\n    } else {\n        mySin = getMeSin(val, min1, max1, input1, input2);\n    }\n    return mySin;\n    function getMeSin(val, min1, max1, input1, input2) {\n        var mapVal = moClamp($bm_div(val, $bm_sub(max1, min1)), 0, 1);\n        var c = $bm_sub(input2, input1);\n        var mySin2 = $bm_sum($bm_mul(c, Math.sin($bm_mul(mapVal, $bm_div(Math.PI, 2)))), input1);\n        return mySin2;\n    }\n}\nfunction easeSwitch(val, min1, max1, input1, input2, morph) {\n    if (morph < 0) {\n        return cosEase(val, min1, max1, input1, input2);\n    } else {\n        return sinEase(val, min1, max1, input1, input2);\n    }\n}\nfunction unArray(inKey) {\n    if (inKey instanceof Array && inKey.length === 1) {\n        return inKey[0];\n    } else {\n        return inKey;\n    }\n}\nfunction moClamp(a, b, c) {\n    if (!(a instanceof Array)) {\n        return Math.max(b, Math.min(c, a));\n    } else {\n        var aryHold = [];\n        for (var x = 0; x < a.length; x++) {\n            aryHold.push(Math.max(b, Math.min(c, a[x])));\n        }\n        return aryHold;\n    }\n}\n$bm_rt = joystick(value);"},"a":{"a":0,"k":[20.768,31.265,0],"ix":1},"s":{"a":0,"k":[100,100,100],"ix":6}},"ao":0,"shapes":[{"ty":"gr","it":[{"ind":0,"ty":"sh","ix":1,"ks":{"a":0,"k":{"i":[[11.285,0],[0,0],[0,11.285],[0,0],[-11.284,0],[0,-11.284],[0,0]],"o":[[0,0],[-11.284,0],[0,0],[0,-11.284],[11.285,0],[0,0],[0,11.285]],"v":[[0,31.014],[0,31.014],[-20.518,10.497],[-20.518,-10.497],[0,-31.014],[20.518,-10.497],[20.518,10.497]],"c":true},"ix":2},"nm":"í¨ì¤ 1","mn":"ADBE Vector Shape - Group","hd":false},{"ty":"fl","c":{"a":0,"k":[0.885999971278,0.885999971278,0.885999971278,1],"ix":4},"o":{"a":0,"k":100,"ix":5},"r":1,"bm":0,"nm":"ì¹  1","mn":"ADBE Vector Graphic - Fill","hd":false},{"ty":"tr","p":{"a":0,"k":[20.767,31.264],"ix":2},"a":{"a":0,"k":[0,0],"ix":1},"s":{"a":0,"k":[100,100],"ix":3},"r":{"a":0,"k":0,"ix":6},"o":{"a":0,"k":100,"ix":7},"sk":{"a":0,"k":0,"ix":4},"sa":{"a":0,"k":0,"ix":5},"nm":"ë³í"}],"nm":"ê·¸ë£¹ 1","np":2,"cix":2,"bm":0,"ix":1,"mn":"ADBE Vector Group","hd":false}],"ip":0,"op":120,"st":0,"bm":0},{"ddd":0,"ind":13,"ty":4,"nm":"ì¼ìª½ ê· ì¤ê³½ì ","parent":7,"sr":1,"ks":{"o":{"a":0,"k":100,"ix":11},"r":{"a":0,"k":0,"ix":10},"p":{"a":0,"k":[133.26,-46.696,0],"ix":2,"x":"var $bm_rt;\nfunction joystick(inputResult) {\n    var slideR, slideL, slideU, slideD;\n    var easeOverride_right = null;\n    var easeOverride_left = null;\n    var easeOverride_up = null;\n    var easeOverride_down = null;\n    var contrl = thisComp.layer('JoyStkCtrl01');\n    var myLimit = contrl('ADBE Effect Parade')('joystickLimit')('ADBE Slider Control-0001');\n    var contrlCurVal = contrl('ADBE Transform Group')('ADBE Position');\n    var resultVal;\n    var key1 = [\n            389.260299682617,\n            209.304306030273,\n            0\n        ];\n    var key2 = [\n            387.760314941406,\n            209.304306030273,\n            0\n        ];\n    var key3 = [\n            387.260314941406,\n            209.304306030273,\n            0\n        ];\n    var key4 = [\n            389.260314941406,\n            207.804306030273,\n            0\n        ];\n    var key5 = [\n            389.260314941406,\n            211.304306030273,\n            0\n        ];\n    key1 = unArray(key1);\n    key2 = unArray(key2);\n    key3 = unArray(key3);\n    key4 = unArray(key4);\n    key5 = unArray(key5);\n    try {\n        if (!thisLayer('ADBE Effect Parade')('Pseudo/1k48264d77gIB').active) {\n            throw 'inactive';\n        }\n        slideR = thisLayer('ADBE Effect Parade')('Pseudo/1k48264d77gIB')('Pseudo/1k48264d77gIB-0001');\n        slideL = thisLayer('ADBE Effect Parade')('Pseudo/1k48264d77gIB')('Pseudo/1k48264d77gIB-0002');\n        slideU = thisLayer('ADBE Effect Parade')('Pseudo/1k48264d77gIB')('Pseudo/1k48264d77gIB-0003');\n        slideD = thisLayer('ADBE Effect Parade')('Pseudo/1k48264d77gIB')('Pseudo/1k48264d77gIB-0004');\n    } catch (err) {\n        slideR = 0;\n        slideL = 0;\n        slideU = 0;\n        slideD = 0;\n    }\n    if (easeOverride_right !== null && !isNaN(easeOverride_right)) {\n        slideR = moClamp(easeOverride_right, -100, 100);\n    }\n    if (easeOverride_left !== null && !isNaN(easeOverride_left)) {\n        slideL = moClamp(easeOverride_left, -100, 100);\n    }\n    if (easeOverride_up !== null && !isNaN(easeOverride_up)) {\n        slideU = moClamp(easeOverride_up, -100, 100);\n    }\n    if (easeOverride_down !== null && !isNaN(easeOverride_down)) {\n        slideD = moClamp(easeOverride_down, -100, 100);\n    }\n    var easeResultX, easeResultY;\n    if (contrlCurVal[0] >= 0) {\n        resultVal = linear(contrlCurVal[0], 0, myLimit, key1, key2);\n        if (slideR !== 0) {\n            easeResultX = easeSwitch(contrlCurVal[0], 0, myLimit, key1, key2, slideR);\n            resultVal = linear(Math.abs(slideR), 0, 100, resultVal, easeResultX);\n        }\n    } else {\n        resultVal = linear($bm_neg(contrlCurVal[0]), 0, myLimit, key1, key3);\n        if (slideL !== 0) {\n            easeResultX = easeSwitch($bm_neg(contrlCurVal[0]), 0, myLimit, key1, key3, slideL);\n            resultVal = linear(Math.abs(slideL), 0, 100, resultVal, easeResultX);\n        }\n    }\n    var resultAdd = 0;\n    if (contrlCurVal[1] <= 0) {\n        resultAdd = $bm_sub(linear($bm_neg(contrlCurVal[1]), 0, myLimit, key1, key4), key1);\n        if (slideU !== 0) {\n            easeResultY = $bm_sub(easeSwitch($bm_neg(contrlCurVal[1]), 0, myLimit, key1, key4, slideU), key1);\n            resultAdd = linear(Math.abs(slideU), 0, 100, resultAdd, easeResultY);\n        }\n    } else {\n        resultAdd = $bm_sub(linear(contrlCurVal[1], 0, myLimit, key1, key5), key1);\n        if (slideD !== 0) {\n            easeResultY = $bm_sub(easeSwitch(contrlCurVal[1], 0, myLimit, key1, key5, slideD), key1);\n            resultAdd = linear(Math.abs(slideD), 0, 100, resultAdd, easeResultY);\n        }\n    }\n    return $bm_sum($bm_sum(resultVal, resultAdd), $bm_sub(inputResult, key1));\n}\nfunction cosEase(val, min1, max1, input1, input2) {\n    var myCos = [];\n    if ($bm_isInstanceOfArray(input1)) {\n        for (var x = 0; x < input1.length; x++) {\n            myCos.push(getMeCos(val, min1, max1, input1[x], input2[x]));\n        }\n    } else {\n        myCos = getMeCos(val, min1, max1, input1, input2);\n    }\n    return myCos;\n    function getMeCos(val, min1, max1, input1, input2) {\n        var mapVal = moClamp($bm_div(val, $bm_sub(max1, min1)), 0, 1);\n        var c = $bm_sub(input2, input1);\n        var myCos2 = $bm_sum($bm_sum($bm_mul($bm_neg(c), Math.cos($bm_mul(mapVal, $bm_div(Math.PI, 2)))), c), input1);\n        return myCos2;\n    }\n}\nfunction sinEase(val, min1, max1, input1, input2) {\n    var mySin = [];\n    if ($bm_isInstanceOfArray(input1)) {\n        for (var x = 0; x < input1.length; x++) {\n            mySin.push(getMeSin(val, min1, max1, input1[x], input2[x]));\n        }\n    } else {\n        mySin = getMeSin(val, min1, max1, input1, input2);\n    }\n    return mySin;\n    function getMeSin(val, min1, max1, input1, input2) {\n        var mapVal = moClamp($bm_div(val, $bm_sub(max1, min1)), 0, 1);\n        var c = $bm_sub(input2, input1);\n        var mySin2 = $bm_sum($bm_mul(c, Math.sin($bm_mul(mapVal, $bm_div(Math.PI, 2)))), input1);\n        return mySin2;\n    }\n}\nfunction easeSwitch(val, min1, max1, input1, input2, morph) {\n    if (morph < 0) {\n        return cosEase(val, min1, max1, input1, input2);\n    } else {\n        return sinEase(val, min1, max1, input1, input2);\n    }\n}\nfunction unArray(inKey) {\n    if (inKey instanceof Array && inKey.length === 1) {\n        return inKey[0];\n    } else {\n        return inKey;\n    }\n}\nfunction moClamp(a, b, c) {\n    if (!(a instanceof Array)) {\n        return Math.max(b, Math.min(c, a));\n    } else {\n        var aryHold = [];\n        for (var x = 0; x < a.length; x++) {\n            aryHold.push(Math.max(b, Math.min(c, a[x])));\n        }\n        return aryHold;\n    }\n}\n$bm_rt = joystick(value);"},"a":{"a":0,"k":[20.768,31.265,0],"ix":1},"s":{"a":0,"k":[100,100,100],"ix":6}},"ao":0,"shapes":[{"ty":"gr","it":[{"ind":0,"ty":"sh","ix":1,"ks":{"a":0,"k":{"i":[[11.285,0],[0,0],[0,11.285],[0,0],[-11.284,0],[0,-11.284],[0,0]],"o":[[0,0],[-11.284,0],[0,0],[0,-11.284],[11.285,0],[0,0],[0,11.285]],"v":[[0,31.014],[0,31.014],[-20.518,10.497],[-20.518,-10.497],[0,-31.014],[20.518,-10.497],[20.518,10.497]],"c":true},"ix":2},"nm":"í¨ì¤ 1","mn":"ADBE Vector Shape - Group","hd":false},{"ty":"fl","c":{"a":0,"k":[0.885999971278,0.885999971278,0.885999971278,1],"ix":4},"o":{"a":0,"k":100,"ix":5},"r":1,"bm":0,"nm":"ì¹  1","mn":"ADBE Vector Graphic - Fill","hd":false},{"ty":"tr","p":{"a":0,"k":[20.767,31.264],"ix":2},"a":{"a":0,"k":[0,0],"ix":1},"s":{"a":0,"k":[100,100],"ix":3},"r":{"a":0,"k":0,"ix":6},"o":{"a":0,"k":100,"ix":7},"sk":{"a":0,"k":0,"ix":4},"sa":{"a":0,"k":0,"ix":5},"nm":"ë³í"}],"nm":"ê·¸ë£¹ 1","np":2,"cix":2,"bm":0,"ix":1,"mn":"ADBE Vector Group","hd":false}],"ip":0,"op":120,"st":0,"bm":0},{"ddd":0,"ind":14,"ty":4,"nm":"ëª¸íµ ì¤ê³½ì ","parent":7,"sr":1,"ks":{"o":{"a":0,"k":100,"ix":11},"r":{"a":0,"k":0,"ix":10},"p":{"a":0,"k":[0.089,88.07,0],"ix":2},"a":{"a":0,"k":[75.233,66.18,0],"ix":1},"s":{"a":0,"k":[100,100,100],"ix":6}},"ao":0,"shapes":[{"ty":"gr","it":[{"ind":0,"ty":"sh","ix":1,"ks":{"a":0,"k":{"i":[[0.399,0.061],[0.256,-0.28],[0.587,-0.475],[0,0],[0,0],[-0.028,-0.215],[-0.012,-0.053],[-0.014,-0.054],[-0.041,-0.182],[0,0],[-0.041,-0.263],[0,0],[-0.021,-0.256],[0,0],[-0.002,-0.033],[0,-0.279],[6.804,0],[0,0],[0,0],[0.007,0.42],[0,0],[0,0],[0,0],[-0.422,0.005],[0,0],[0,0],[-0.451,0.033],[0,0],[-0.41,0.064],[0,0],[-0.371,0.09],[0,0],[-0.36,0.118],[0,0],[-0.744,0.383],[-0.359,0.221],[0,0],[-0.325,0.237],[0,0],[-0.796,1.221],[0,0],[-0.093,0.151],[0,0],[0,3.055],[9.044,0],[0,0],[0,0],[0.011,-1.093],[0,0],[0,0],[0,-0.006],[0,0],[0,-0.006],[-1.104,-0.004],[0,0],[0,0],[-1.716,-0.852],[-0.009,-0.004],[-0.104,0],[-0.131,0.103],[-0.035,0.031],[-0.509,0.707],[0.025,0.134],[0.095,0.058],[-0.001,0.001],[0.049,0.029],[0.218,0.111],[0.132,0.064],[0.148,0.065],[0.243,0.095],[0.034,0.013],[0.317,0.1],[0.002,0.001],[1.666,0],[0,0],[0,0],[0.005,0.415],[0,0],[0,0],[0,0],[-0.423,0.001],[0,0],[0,0],[-0.286,-0.022],[0,0],[0,-6.417],[0.637,-1.517],[0.226,-0.403],[0,0],[1.061,-0.979],[0.041,-0.036],[0,0],[0.467,-0.282],[2.239,0],[0,0],[0.005,0],[0.004,0],[0.022,-1.097],[0,-0.006],[0,0],[0,-0.006],[0,0],[0,-0.008],[0,-0.007],[-1.113,0],[0,0],[0,9.044],[0.679,1.822]],"o":[[-0.217,-0.009],[-0.498,0.546],[0,0],[0,0],[-0.173,0.145],[0.008,0.056],[0.015,0.054],[0.05,0.185],[0,0],[0.057,0.261],[0,0],[0.032,0.232],[0,0],[0.003,0.032],[0.023,0.315],[0,6.804],[0,0],[0,0],[-0.42,-0.006],[0,0],[0,0],[0,0],[0.005,-0.422],[0,0],[0,0],[0.382,0],[0,0],[0.371,-0.031],[0,0],[0.382,-0.064],[0,0],[0.402,-0.101],[0,0],[0.789,-0.263],[0.366,-0.188],[0,0],[0.354,-0.221],[0,0],[1.163,-0.939],[0,0],[0.09,-0.132],[0,0],[1.627,-2.608],[0,-9.044],[0,0],[0,0],[-1.089,0.027],[0,0],[0,0],[0,0.007],[0,0],[0,0.006],[0.021,1.098],[0,0],[0,0],[1.903,0],[0.009,0.004],[0.09,0.037],[0.18,0],[0.036,-0.031],[0.799,-0.712],[0.082,-0.114],[-0.025,-0.13],[0.001,-0.001],[-0.049,-0.029],[-0.213,-0.122],[-0.131,-0.068],[-0.146,-0.069],[-0.239,-0.106],[-0.034,-0.012],[-0.311,-0.119],[-0.001,0],[-1.575,-0.493],[0,0],[0,0],[-0.413,-0.016],[0,0],[0,0],[0,0],[0.009,-0.421],[0,0],[0,0],[0.298,0],[0,0],[6.402,0.476],[0,1.646],[-0.182,0.43],[0,0],[-0.8,1.256],[-0.04,0.037],[0,0],[-0.45,0.366],[-1.921,1.162],[0,0],[-0.005,0],[-0.004,0],[-1.1,0.008],[0,0.006],[0,0],[0,0.006],[0,0],[0,0.008],[0,0.007],[0.012,1.109],[0,0],[9.044,0],[0,-1.948],[-0.085,-0.239]],"v":[[16.499,3.109],[15.828,3.374],[14.208,4.911],[13.912,5.15],[13.818,5.225],[13.606,5.752],[13.639,5.913],[13.68,6.074],[13.823,6.628],[13.831,6.659],[13.978,7.448],[13.996,7.551],[14.078,8.286],[14.085,8.349],[14.094,8.447],[14.127,9.329],[1.787,21.671],[-13.334,21.671],[-13.355,21.671],[-14.12,20.907],[-14.12,20.883],[-14.12,7.859],[-14.12,7.84],[-13.352,7.073],[-13.337,7.073],[1.787,7.073],[3.024,7.023],[3.17,7.013],[4.33,6.872],[4.506,6.844],[5.639,6.613],[5.776,6.577],[6.923,6.247],[6.956,6.236],[9.267,5.262],[10.355,4.648],[10.386,4.63],[11.413,3.939],[12.356,3.197],[15.301,-0.05],[15.33,-0.084],[15.605,-0.519],[15.701,-0.673],[18.188,-9.329],[1.787,-25.732],[-16.115,-25.732],[-16.209,-25.732],[-18.184,-23.735],[-18.184,-23.696],[-18.184,-5.074],[-18.188,-5.056],[-18.188,-5.016],[-18.184,-4.998],[-16.171,-3.011],[-16.16,-3.011],[1.787,-3.011],[7.239,-1.726],[7.264,-1.713],[7.558,-1.655],[8.027,-1.828],[8.134,-1.92],[10.166,-4.147],[10.253,-4.526],[10.071,-4.814],[10.074,-4.818],[9.926,-4.899],[9.279,-5.25],[8.886,-5.445],[8.447,-5.647],[7.723,-5.949],[7.622,-5.987],[6.68,-6.315],[6.675,-6.317],[1.787,-7.073],[-13.317,-7.073],[-13.376,-7.073],[-14.124,-7.837],[-14.124,-7.851],[-14.124,-20.876],[-14.124,-20.909],[-13.35,-21.67],[-13.348,-21.67],[1.787,-21.67],[2.666,-21.626],[2.709,-21.623],[14.127,-9.329],[13.167,-4.562],[12.553,-3.306],[12.532,-3.275],[9.735,0.081],[9.612,0.19],[9.529,0.262],[8.149,1.236],[1.787,3.01],[-16.149,3.01],[-16.162,3.008],[-16.174,3.01],[-18.181,4.999],[-18.184,5.015],[-18.184,5.054],[-18.181,5.072],[-18.181,23.686],[-18.184,23.706],[-18.181,23.726],[-16.158,25.732],[1.787,25.732],[18.188,9.329],[17.164,3.658]],"c":true},"ix":2},"nm":"í¨ì¤ 1","mn":"ADBE Vector Shape - Group","hd":false},{"ty":"fl","c":{"a":0,"k":[0.25882352941176473,0.3411764705882353,0.43529411764705883,1],"ix":4},"o":{"a":0,"k":100,"ix":5},"r":1,"bm":0,"nm":"ì¹  1","mn":"ADBE Vector Graphic - Fill","hd":false},{"ty":"tr","p":{"a":0,"k":[77.852,76.379],"ix":2},"a":{"a":0,"k":[0,0],"ix":1},"s":{"a":0,"k":[100,100],"ix":3},"r":{"a":0,"k":0,"ix":6},"o":{"a":0,"k":100,"ix":7},"sk":{"a":0,"k":0,"ix":4},"sa":{"a":0,"k":0,"ix":5},"nm":"ë³í"}],"nm":"ê·¸ë£¹ 1","np":2,"cix":2,"bm":0,"ix":1,"mn":"ADBE Vector Group","hd":false},{"ty":"gr","it":[{"ind":0,"ty":"sh","ix":1,"ks":{"a":0,"k":{"i":[[0,-8.136],[29.882,0],[0,8.135],[-29.882,0]],"o":[[0,8.135],[-29.882,0],[0,-8.136],[29.882,0]],"v":[[54.107,0],[0,14.73],[-54.107,0],[0,-14.73]],"c":true},"ix":2},"nm":"í¨ì¤ 1","mn":"ADBE Vector Shape - Group","hd":false},{"ty":"fl","c":{"a":0,"k":[0.885999971278,0.885999971278,0.885999971278,1],"ix":4},"o":{"a":0,"k":100,"ix":5},"r":1,"bm":0,"nm":"ì¹  1","mn":"ADBE Vector Graphic - Fill","hd":false},{"ty":"tr","p":{"a":0,"k":[75.233,16.501],"ix":2},"a":{"a":0,"k":[0,0],"ix":1},"s":{"a":0,"k":[100,100],"ix":3},"r":{"a":0,"k":0,"ix":6},"o":{"a":0,"k":100,"ix":7},"sk":{"a":0,"k":0,"ix":4},"sa":{"a":0,"k":0,"ix":5},"nm":"ë³í"}],"nm":"ê·¸ë£¹ 2","np":2,"cix":2,"bm":0,"ix":2,"mn":"ADBE Vector Group","hd":false},{"ty":"gr","it":[{"ind":0,"ty":"sh","ix":1,"ks":{"a":0,"k":{"i":[[0,51.185],[-41.412,0],[0,-51.185],[41.413,0]],"o":[[0,-51.185],[41.413,0],[0,51.185],[-41.412,0]],"v":[[-74.983,-14.245],[0,-65.93],[74.983,-14.245],[0,65.93]],"c":true},"ix":2},"nm":"í¨ì¤ 1","mn":"ADBE Vector Shape - Group","hd":false},{"ty":"fl","c":{"a":0,"k":[1,1,1,1],"ix":4},"o":{"a":0,"k":100,"ix":5},"r":1,"bm":0,"nm":"ì¹  1","mn":"ADBE Vector Graphic - Fill","hd":false},{"ty":"tr","p":{"a":0,"k":[75.233,66.18],"ix":2},"a":{"a":0,"k":[0,0],"ix":1},"s":{"a":0,"k":[100,100],"ix":3},"r":{"a":0,"k":0,"ix":6},"o":{"a":0,"k":100,"ix":7},"sk":{"a":0,"k":0,"ix":4},"sa":{"a":0,"k":0,"ix":5},"nm":"ë³í"}],"nm":"ê·¸ë£¹ 3","np":2,"cix":2,"bm":0,"ix":3,"mn":"ADBE Vector Group","hd":false}],"ip":0,"op":120,"st":0,"bm":0},{"ddd":0,"ind":15,"ty":4,"nm":"ì¤ë¥¸í ì¤ê³½ì ","parent":7,"sr":1,"ks":{"o":{"a":0,"k":100,"ix":11},"r":{"a":1,"k":[{"i":{"x":[0.833],"y":[1]},"o":{"x":[0.333],"y":[0]},"t":0,"s":[0]},{"i":{"x":[0.833],"y":[1]},"o":{"x":[0.167],"y":[0]},"t":11,"s":[0]},{"i":{"x":[0.833],"y":[1]},"o":{"x":[0.167],"y":[0]},"t":17,"s":[0]},{"i":{"x":[0.833],"y":[1]},"o":{"x":[0.167],"y":[0]},"t":56,"s":[0]},{"i":{"x":[0.833],"y":[1]},"o":{"x":[0.167],"y":[0]},"t":61,"s":[0]},{"i":{"x":[0.833],"y":[1]},"o":{"x":[0.167],"y":[0]},"t":76,"s":[0]},{"i":{"x":[0.833],"y":[1]},"o":{"x":[0.671],"y":[0]},"t":81,"s":[0]},{"i":{"x":[0.787],"y":[1.007]},"o":{"x":[0.649],"y":[0]},"t":92,"s":[27]},{"t":99,"s":[0]}],"ix":10},"p":{"a":1,"k":[{"i":{"x":0.667,"y":0.667},"o":{"x":0.333,"y":0.333},"t":0,"s":[-82.32,42.076,0],"to":[0,0,0],"ti":[0,0,0]},{"i":{"x":0.667,"y":1},"o":{"x":0.333,"y":0},"t":11,"s":[-82.32,42.076,0],"to":[0,3.5,0],"ti":[0,-3.5,0]},{"i":{"x":0.667,"y":0.667},"o":{"x":0.333,"y":0.333},"t":17,"s":[-82.32,63.076,0],"to":[0,0,0],"ti":[0,0,0]},{"i":{"x":0.667,"y":1},"o":{"x":0.333,"y":0},"t":37,"s":[-82.32,63.076,0],"to":[0,-3.5,0],"ti":[0,3.5,0]},{"i":{"x":0.667,"y":0.667},"o":{"x":0.333,"y":0.333},"t":44,"s":[-82.32,42.076,0],"to":[0,0,0],"ti":[0,0,0]},{"i":{"x":0.667,"y":1},"o":{"x":0.333,"y":0},"t":56,"s":[-82.32,42.076,0],"to":[10.542,0,0],"ti":[-12.333,0,0]},{"i":{"x":0.667,"y":1},"o":{"x":0.333,"y":0},"t":61,"s":[-19.07,42.076,0],"to":[12.333,0,0],"ti":[-1.792,0,0]},{"i":{"x":0.667,"y":0.667},"o":{"x":0.333,"y":0.333},"t":76,"s":[-8.32,42.076,0],"to":[0,0,0],"ti":[0,0,0]},{"i":{"x":0.667,"y":1},"o":{"x":0.771,"y":0.004},"t":81,"s":[-8.32,42.076,0],"to":[-14.5,0,0],"ti":[12.333,0,0]},{"i":{"x":0.667,"y":1},"o":{"x":0.855,"y":0.012},"t":92,"s":[-95.32,42.076,0],"to":[-12.333,0,0],"ti":[-2.167,0,0]},{"t":99,"s":[-82.32,42.076,0]}],"ix":2},"a":{"a":0,"k":[41.046,4.195,0],"ix":1},"s":{"a":0,"k":[100,100,100],"ix":6}},"ao":0,"shapes":[{"ty":"gr","it":[{"ind":0,"ty":"sh","ix":1,"ks":{"a":0,"k":{"i":[[4.329,-27.086],[-11.892,-1.9],[-4.329,27.087],[11.892,1.901]],"o":[[-4.329,27.087],[11.892,1.901],[4.328,-27.085],[-11.891,-1.9]],"v":[[-18.466,-3.442],[-4.772,49.044],[9.831,1.08],[10.904,-49.045]],"c":true},"ix":2},"nm":"í¨ì¤ 1","mn":"ADBE Vector Shape - Group","hd":false},{"ty":"fl","c":{"a":0,"k":[1,1,1,1],"ix":4},"o":{"a":0,"k":100,"ix":5},"r":1,"bm":0,"nm":"ì¹  1","mn":"ADBE Vector Graphic - Fill","hd":false},{"ty":"tr","p":{"a":0,"k":[23.045,51.195],"ix":2},"a":{"a":0,"k":[0,0],"ix":1},"s":{"a":0,"k":[100,100],"ix":3},"r":{"a":0,"k":0,"ix":6},"o":{"a":0,"k":100,"ix":7},"sk":{"a":0,"k":0,"ix":4},"sa":{"a":0,"k":0,"ix":5},"nm":"ë³í"}],"nm":"ê·¸ë£¹ 1","np":2,"cix":2,"bm":0,"ix":1,"mn":"ADBE Vector Group","hd":false}],"ip":0,"op":120,"st":0,"bm":0},{"ddd":0,"ind":16,"ty":4,"nm":"ì¼í ì¤ê³½ì ","parent":7,"sr":1,"ks":{"o":{"a":0,"k":100,"ix":11},"r":{"a":1,"k":[{"i":{"x":[0.833],"y":[1]},"o":{"x":[0.333],"y":[0]},"t":0,"s":[0]},{"i":{"x":[0.833],"y":[1]},"o":{"x":[0.167],"y":[0]},"t":11,"s":[0]},{"i":{"x":[0.833],"y":[1]},"o":{"x":[0.167],"y":[0]},"t":17,"s":[0]},{"i":{"x":[0.833],"y":[1]},"o":{"x":[0.167],"y":[0]},"t":56,"s":[0]},{"i":{"x":[0.833],"y":[1]},"o":{"x":[0.167],"y":[0]},"t":61,"s":[0]},{"i":{"x":[0.833],"y":[1]},"o":{"x":[0.167],"y":[0]},"t":76,"s":[0]},{"i":{"x":[0.833],"y":[1]},"o":{"x":[0.758],"y":[0.012]},"t":81,"s":[0]},{"i":{"x":[0.839],"y":[1]},"o":{"x":[0.631],"y":[0]},"t":92,"s":[-27]},{"t":99,"s":[0]}],"ix":10},"p":{"a":1,"k":[{"i":{"x":0.667,"y":0.667},"o":{"x":0.333,"y":0.333},"t":0,"s":[83.877,40.076,0],"to":[0,0,0],"ti":[0,0,0]},{"i":{"x":0.667,"y":1},"o":{"x":0.333,"y":0},"t":11,"s":[83.877,40.076,0],"to":[0,3.5,0],"ti":[0,-3.5,0]},{"i":{"x":0.667,"y":0.667},"o":{"x":0.333,"y":0.333},"t":17,"s":[83.877,61.076,0],"to":[0,0,0],"ti":[0,0,0]},{"i":{"x":0.667,"y":1},"o":{"x":0.333,"y":0},"t":37,"s":[83.877,61.076,0],"to":[0,-3.5,0],"ti":[0,3.5,0]},{"i":{"x":0.667,"y":0.667},"o":{"x":0.333,"y":0.333},"t":44,"s":[83.877,40.076,0],"to":[0,0,0],"ti":[0,0,0]},{"i":{"x":0.667,"y":1},"o":{"x":0.333,"y":0},"t":56,"s":[83.877,40.076,0],"to":[-14.333,0,0],"ti":[14,0,0]},{"i":{"x":0.667,"y":1},"o":{"x":0.333,"y":0},"t":61,"s":[-2.123,40.076,0],"to":[-14,0,0],"ti":[1.449,-0.333,0]},{"i":{"x":0.667,"y":1},"o":{"x":0.333,"y":0},"t":76,"s":[-0.123,40.076,0],"to":[-1.449,0.333,0],"ti":[-18.333,0,0]},{"i":{"x":0.667,"y":1},"o":{"x":0.75,"y":0},"t":81,"s":[-10.82,42.076,0],"to":[18.333,0,0],"ti":[-15.783,0.333,0]},{"i":{"x":0.667,"y":1},"o":{"x":0.821,"y":0},"t":92,"s":[109.877,40.076,0],"to":[15.783,-0.333,0],"ti":[4.333,0,0]},{"t":99,"s":[83.877,40.076,0]}],"ix":2},"a":{"a":0,"k":[7.046,4.195,0],"ix":1},"s":{"a":0,"k":[100,100,100],"ix":6}},"ao":0,"shapes":[{"ty":"gr","it":[{"ind":0,"ty":"sh","ix":1,"ks":{"a":0,"k":{"i":[[-4.328,-27.086],[11.892,-1.9],[4.329,27.087],[-11.893,1.901]],"o":[[4.329,27.087],[-11.892,1.901],[-4.329,-27.085],[11.891,-1.9]],"v":[[18.467,-3.442],[4.773,49.044],[-9.83,1.08],[-10.903,-49.045]],"c":true},"ix":2},"nm":"í¨ì¤ 1","mn":"ADBE Vector Shape - Group","hd":false},{"ty":"fl","c":{"a":0,"k":[1,1,1,1],"ix":4},"o":{"a":0,"k":100,"ix":5},"r":1,"bm":0,"nm":"ì¹  1","mn":"ADBE Vector Graphic - Fill","hd":false},{"ty":"tr","p":{"a":0,"k":[23.046,51.195],"ix":2},"a":{"a":0,"k":[0,0],"ix":1},"s":{"a":0,"k":[100,100],"ix":3},"r":{"a":0,"k":0,"ix":6},"o":{"a":0,"k":100,"ix":7},"sk":{"a":0,"k":0,"ix":4},"sa":{"a":0,"k":0,"ix":5},"nm":"ë³í"}],"nm":"ê·¸ë£¹ 1","np":2,"cix":2,"bm":0,"ix":1,"mn":"ADBE Vector Group","hd":false}],"ip":0,"op":120,"st":0,"bm":0},{"ddd":0,"ind":17,"ty":4,"nm":"ê·¸ë¦¼ì","sr":1,"ks":{"o":{"a":0,"k":100,"ix":11},"r":{"a":0,"k":0,"ix":10},"p":{"a":0,"k":[193.5,238,0],"ix":2},"a":{"a":0,"k":[0,0,0],"ix":1},"s":{"a":0,"k":[100,100,100],"ix":6}},"ao":0,"shapes":[{"ty":"gr","it":[{"d":1,"ty":"el","s":{"a":0,"k":[117.344,25.195],"ix":2},"p":{"a":0,"k":[0,0],"ix":3},"nm":"íì í¨ì¤ 1","mn":"ADBE Vector Shape - Ellipse","hd":false},{"ty":"st","c":{"a":0,"k":[1,1,1,1],"ix":3},"o":{"a":0,"k":100,"ix":4},"w":{"a":0,"k":0,"ix":5},"lc":1,"lj":1,"ml":4,"bm":0,"nm":"ì  1","mn":"ADBE Vector Graphic - Stroke","hd":false},{"ty":"fl","c":{"a":0,"k":[0,0,0,1],"ix":4},"o":{"a":0,"k":25,"ix":5},"r":1,"bm":0,"nm":"ì¹  1","mn":"ADBE Vector Graphic - Fill","hd":false},{"ty":"tr","p":{"a":0,"k":[61.672,197.598],"ix":2},"a":{"a":0,"k":[0,0],"ix":1},"s":{"a":0,"k":[100,100],"ix":3},"r":{"a":0,"k":0,"ix":6},"o":{"a":0,"k":100,"ix":7},"sk":{"a":0,"k":0,"ix":4},"sa":{"a":0,"k":0,"ix":5},"nm":"ë³í"}],"nm":"íì 1","np":3,"cix":2,"bm":0,"ix":1,"mn":"ADBE Vector Group","hd":false}],"ip":0,"op":120,"st":0,"bm":0}],"markers":[],"chars":[{"ch":"ì¬","size":50,"style":"Regular","w":100,"data":{"shapes":[{"ty":"gr","it":[{"ind":0,"ty":"sh","ix":1,"ks":{"a":0,"k":{"i":[[0,0],[1.5,-0.067],[1.933,-0.067],[3.633,-0.034],[5.466,0],[0,0],[0,0],[0,0],[0,0],[-9.734,-0.2],[0,0],[0,0],[0,0],[2.1,-0.033],[2.333,-0.066],[0,0],[5.133,0.034],[3.933,0.2],[0,0],[-2,0.034],[-2.067,0],[-2.867,0],[-3.667,0],[0,0],[0,0],[0,0],[0,0],[0,0],[0,0],[-2.1,0.033],[-2.134,0.066],[0,0],[-5.467,-0.067],[-4.534,-0.134]],"o":[[-1.134,0.133],[-1.5,0.066],[-1.934,0.066],[-3.634,0.033],[0,0],[0,0],[0,0],[0,0],[1.6,0],[0,0],[0,0],[0,0],[-2,0.134],[-2.1,0.034],[0,0],[-5.534,0],[-5.134,-0.033],[0,0],[2,-0.066],[2,-0.033],[2.133,-0.066],[2.866,0],[0,0],[0,0],[0,0],[0,0],[0,0],[0,0],[2.133,-0.067],[2.1,-0.034],[0,0],[5.133,0],[5.466,0.066],[0,0]],"v":[[80.1,0.9],[76.15,1.2],[71,1.4],[62.65,1.55],[49,1.6],[27.8,1.6],[27.8,-8.2],[48.6,-8.4],[58.2,-8.7],[75.2,-8.4],[79.1,-8.4],[78.9,-17.8],[79.1,-27.5],[72.95,-27.25],[66.3,-27.1],[48.9,-27.1],[32.9,-27.15],[19.3,-27.5],[19.3,-21.8],[25.3,-21.95],[31.4,-22],[38.9,-22.1],[48.7,-22.1],[71.4,-21.9],[71.4,-13.8],[47.5,-13.6],[19.8,-13.8],[20,-2.6],[19.8,7],[26.15,6.85],[32.5,6.7],[49.2,6.7],[65.1,6.8],[80.1,7.1]],"c":true},"ix":2},"nm":"ì¬","mn":"ADBE Vector Shape - Group","hd":false},{"ind":1,"ty":"sh","ix":2,"ks":{"a":0,"k":{"i":[[0,0],[2.666,-0.1],[3.066,-0.133],[3.9,-0.033],[4.866,0],[0,0],[5.366,0.1],[5.333,0.134],[2.266,0.134],[0,0],[-6.667,0],[-4.334,0],[-5.4,0],[0,0],[-5.6,-0.066],[-4,-0.133]],"o":[[-2.334,0.134],[-2.667,0.1],[-3,0.067],[-3.9,0.034],[0,0],[-6.267,0],[-5.367,-0.1],[-5.267,-0.066],[0,0],[5.666,-0.2],[3.4,-0.066],[4.333,0],[0,0],[6.666,0],[5.6,0.067],[0,0]],"v":[[93.8,-41.3],[86.3,-40.95],[77.7,-40.6],[67.35,-40.45],[54.2,-40.4],[51,-40.4],[33.55,-40.55],[17.5,-40.9],[6.2,-41.2],[6.2,-35.1],[24.7,-35.4],[36.3,-35.5],[50.9,-35.5],[61,-35.5],[79.4,-35.4],[93.8,-35.1]],"c":true},"ix":2},"nm":"ì¬","mn":"ADBE Vector Shape - Group","hd":false},{"ind":2,"ty":"sh","ix":3,"ks":{"a":0,"k":{"i":[[0.8,0.2],[0.633,0.067],[0.533,0.067],[2.7,0.867],[2.4,1.267],[1.466,1.167],[1.133,1.234],[0.7,1.2],[0.2,1],[0,0],[-0.534,1.067],[2.266,0.734],[0.866,0],[0.6,-1.466],[3.933,-3.066],[4.466,-1.533],[4,-0.666],[0.466,-0.1],[0,-0.333],[-0.867,-0.8],[-0.334,-0.366],[-0.467,-0.6],[-0.467,-0.8],[-1.1,0.234],[-0.867,0.2],[-3.934,2.267],[-3,4.4],[-0.267,0.467],[-0.267,0.534],[-0.667,-0.933],[-0.6,-0.733],[-4.667,-2.266],[-2.167,-0.766],[-2,-0.466],[-1.867,-0.066],[0,0]],"o":[[-0.8,0],[-0.634,-0.066],[-3.134,-0.466],[-2.7,-0.866],[-1.8,-0.933],[-1.467,-1.166],[-1.134,-1.233],[-0.7,-1.2],[0,0],[0,-0.4],[0,-0.466],[-2.2,-0.666],[-0.4,2.134],[-1.734,4.067],[-3.934,2.934],[-4,0.934],[-0.467,0.067],[-0.467,0.1],[0,0.334],[0.266,0.2],[0.333,0.367],[0.266,0.267],[1.333,-0.266],[1.1,-0.233],[5.2,-1.4],[5.6,-3.266],[0.266,-0.333],[0.266,-0.466],[0.733,1.134],[0.666,0.934],[3.6,4.134],[2.333,1.134],[2.166,0.767],[1.4,0.334],[0,0],[0,-0.266]],"v":[[87.8,-56.3],[85.65,-56.4],[83.9,-56.6],[75.15,-58.6],[67.5,-61.8],[62.6,-64.95],[58.7,-68.55],[55.95,-72.2],[54.6,-75.5],[54.4,-75.9],[55.2,-78.1],[51.8,-79.9],[47.2,-80.9],[45.7,-75.5],[37.2,-64.8],[24.6,-58.1],[12.6,-55.7],[11.2,-55.45],[10.5,-54.8],[11.8,-53.1],[12.7,-52.25],[13.9,-50.8],[15,-49.2],[18.65,-49.95],[21.6,-50.6],[35.3,-56.1],[48.2,-67.6],[49,-68.8],[49.8,-70.3],[51.9,-67.2],[53.8,-64.7],[66.2,-55.1],[72.95,-52.25],[79.2,-50.4],[84.1,-49.8],[89,-55.6]],"c":true},"ix":2},"nm":"ì¬","mn":"ADBE Vector Shape - Group","hd":false}],"nm":"ì¬","np":6,"cix":2,"bm":0,"ix":1,"mn":"ADBE Vector Group","hd":false}]},"fFamily":"AppleGothic"},{"ch":"ë¼","size":50,"style":"Regular","w":100,"data":{"shapes":[{"ty":"gr","it":[{"ind":0,"ty":"sh","ix":1,"ks":{"a":0,"k":{"i":[[0,0],[0,0],[0,0],[-0.267,0.634],[0,0.2],[1.866,0.2],[1.733,0],[0,-1.933],[0,-2.433],[-0.067,-3.2],[0,-4.466],[0,-5.866],[0.066,-6.033],[0,-3.666],[0,0],[0,0],[0,0],[0,0]],"o":[[0,0],[0,0],[0,-0.533],[0.266,-0.633],[0,-0.733],[-1.8,-0.2],[0.066,1.4],[0,1.667],[0,2.434],[0.066,3.2],[0,4.467],[-0.067,6.867],[-0.067,6.034],[0,0],[0,0],[0,0],[0,0],[0,0]],"v":[[94,-43.2],[80.2,-43.1],[80.2,-76.4],[80.6,-78.15],[81,-79.4],[78.2,-80.8],[72.9,-81.1],[73,-76.1],[73,-69.95],[73.1,-61.5],[73.2,-50],[73.2,-34.5],[73,-15.15],[72.9,-0.6],[72.9,8.1],[80.3,7.7],[80.2,-36.5],[94,-36.5]],"c":true},"ix":2},"nm":"ë¼","mn":"ADBE Vector Shape - Group","hd":false},{"ind":1,"ty":"sh","ix":2,"ks":{"a":0,"k":{"i":[[0,0],[1.933,-0.266],[3.366,-0.4],[4,-0.333],[1.533,-0.033],[2.2,-0.133],[1.166,-0.066],[0.133,0],[0,0],[0,0],[-1.1,0.034],[-1.5,0.034],[-2.067,0],[-2.8,0],[-2.234,0],[-1.134,-0.066],[-0.634,0],[-0.134,0],[0,0],[-0.2,7],[0,0.6],[-0.067,0.734],[0,0],[9.266,0.2],[0.866,0],[1,0.067],[0,0],[0,0],[-2.2,-0.066],[-1.534,-0.133],[0,0],[2.733,0],[3.533,0],[1.866,0],[1.933,0.067],[1.466,0.067],[1.133,0.067],[0,0],[0,0],[-1.5,0],[-1.2,0.067],[-3.067,0.167],[-2.4,0.267],[-3.334,0.4],[-3.2,0.4],[-1.234,0.167],[-1.4,0.267]],"o":[[-2.934,0.534],[-2.734,0.4],[-3.367,0.4],[-0.934,0],[-1.534,0.034],[-2.134,0.134],[-1.167,0.067],[0,0],[0,0],[0.866,0],[1.1,-0.033],[1.5,-0.033],[2.066,0],[3.6,0],[2.233,0],[1.066,0.067],[0.633,0],[0,0],[0,-1.933],[0,-0.466],[0,-0.6],[0,0],[-3.2,0],[-0.6,0],[-0.867,0],[0,0],[0,0],[3.4,0],[2.2,0.067],[0,0],[-2.2,0.134],[-2.734,0],[-1.734,0],[-1.867,0],[-1.934,-0.066],[-1.467,-0.066],[0,0],[0,0],[1.933,-0.066],[1.5,0],[3.8,-0.133],[3.066,-0.166],[3.6,-0.333],[3.333,-0.4],[1.066,-0.133],[1.233,-0.166],[0,0]],"v":[[64.3,-22.3],[57,-21.1],[47.85,-19.9],[36.8,-18.8],[33.1,-18.75],[27.5,-18.5],[22.55,-18.2],[20.6,-18.1],[17,-18.2],[17,-41.1],[19.95,-41.15],[23.85,-41.25],[29.2,-41.3],[36.5,-41.3],[45.25,-41.3],[50.3,-41.2],[52.85,-41.1],[54,-41.1],[53.8,-56],[54.1,-69.4],[54.1,-71],[54.2,-73],[33.6,-72.8],[14.9,-73.1],[12.7,-73.1],[9.9,-73.2],[9.9,-66.6],[32.7,-67.1],[41.1,-67],[46.7,-66.7],[46.7,-47.3],[39.3,-47.1],[29.9,-47.1],[24.5,-47.1],[18.8,-47.2],[13.7,-47.4],[9.8,-47.6],[10,-27.1],[9.6,-11.7],[14.75,-11.8],[18.8,-11.9],[29.1,-12.35],[37.3,-13],[47.7,-14.1],[57.5,-15.3],[60.95,-15.75],[64.9,-16.4]],"c":true},"ix":2},"nm":"ë¼","mn":"ADBE Vector Shape - Group","hd":false}],"nm":"ë¼","np":5,"cix":2,"bm":0,"ix":1,"mn":"ADBE Vector Group","hd":false}]},"fFamily":"AppleGothic"},{"ch":"ì´","size":50,"style":"Regular","w":100,"data":{"shapes":[{"ty":"gr","it":[{"ind":0,"ty":"sh","ix":1,"ks":{"a":0,"k":{"i":[[2.133,-4.266],[5.4,0],[3.133,4.467],[0,7.534],[-2.8,4.167],[-4.934,0],[-3,-3.8],[0,-8.066]],"o":[[-2.734,5.134],[-5.2,0],[-3.067,-4.466],[0,-7.866],[2.8,-4.166],[4.733,0],[3.4,4.334],[0,7.067]],"v":[[47.2,-22.6],[35,-14.9],[22.5,-21.6],[17.9,-39.6],[22.1,-57.65],[33.7,-63.9],[45.3,-58.2],[50.4,-39.6]],"c":true},"ix":2},"nm":"ì´","mn":"ADBE Vector Shape - Group","hd":false},{"ind":1,"ty":"sh","ix":2,"ks":{"a":0,"k":{"i":[[1.066,0.234],[1.533,0],[0,0],[-0.034,-2.9],[-0.067,-2.666],[0,-13.466],[0,0],[0,0],[0,0],[-0.2,0.834],[0,0.2]],"o":[[-1.067,-0.233],[0,0],[0.133,3.2],[0.033,2.9],[0.2,5.4],[0,0],[0,0],[0,0],[0,-0.733],[0.2,-0.833],[0,-0.733]],"v":[[83.5,-80.85],[79.6,-81.2],[76.8,-81.1],[77.05,-71.95],[77.2,-63.6],[77.5,-35.3],[77.2,9.2],[84.9,8.4],[84.5,-75.5],[84.8,-77.85],[85.1,-79.4]],"c":true},"ix":2},"nm":"ì´","mn":"ADBE Vector Shape - Group","hd":false},{"ind":2,"ty":"sh","ix":3,"ks":{"a":0,"k":{"i":[[3.933,5.2],[7.733,0],[4.2,-5.866],[0,-8.533],[-3.534,-5.533],[-8,0],[-4,6.467],[-0.767,3.534],[0,4.4]],"o":[[-4.134,-5.733],[-7.467,0],[-3.867,5.4],[0,8.6],[4.066,6.467],[8.533,0],[1.666,-2.533],[0.766,-3.533],[0,-9]],"v":[[51.7,-61.1],[33.9,-69.7],[16.4,-60.9],[10.6,-40],[15.9,-18.8],[34,-9.1],[52.8,-18.8],[56.45,-27.9],[57.6,-39.8]],"c":true},"ix":2},"nm":"ì´","mn":"ADBE Vector Shape - Group","hd":false}],"nm":"ì´","np":6,"cix":2,"bm":0,"ix":1,"mn":"ADBE Vector Group","hd":false}]},"fFamily":"AppleGothic"},{"ch":"ë","size":50,"style":"Regular","w":100,"data":{"shapes":[{"ty":"gr","it":[{"ind":0,"ty":"sh","ix":1,"ks":{"a":0,"k":{"i":[[1.333,0.234],[2.133,0],[0,0],[-0.134,-1.233],[0,-1.666],[0,0],[0,0],[0,0],[0,0],[0,0],[0,0],[0,0],[0.2,-10.2],[0,-0.934],[0.066,-1.134],[0,0],[0.066,6.466],[0,3.6],[0.066,4.067],[0,0],[0,0],[-0.167,0.734],[0,0.334]],"o":[[-1.334,-0.233],[0,0],[0.133,1.134],[0.133,1.234],[0,0],[0,0],[0,0],[0,0],[0,0],[0,0],[0,0],[0,3.667],[0,0.733],[0,0.933],[0,0],[-0.067,0],[-0.067,-3.266],[0,-3.6],[0,0],[0,0],[0,-0.266],[0.166,-0.733],[0,-0.8]],"v":[[83,-80.75],[77.8,-81.1],[76.8,-81.1],[77.2,-77.55],[77.4,-73.2],[77.5,-46.9],[65.9,-46.8],[51.5,-47.1],[51.5,-40],[66,-40.2],[77.4,-40],[77.4,-18.3],[77.1,2.5],[77.1,5],[77,8.1],[84.7,7.6],[84.5,-2.1],[84.4,-12.4],[84.3,-23.9],[84.3,-44.8],[84.5,-76.1],[84.75,-77.6],[85,-79.2]],"c":true},"ix":2},"nm":"ë","mn":"ADBE Vector Shape - Group","hd":false},{"ind":1,"ty":"sh","ix":2,"ks":{"a":0,"k":{"i":[[0,0],[0.866,-0.066],[3.233,-0.433],[4.133,-0.466],[2.833,-0.066],[2.2,-0.066],[0.1,4],[0,3.6],[-0.034,2.4],[-0.067,3.934],[-0.034,1.3],[-0.067,1.734],[0,0],[0,0],[0,0],[0,0],[0,0],[0,0],[-1.8,0.1],[-1.334,0.134],[-4.667,0.6],[-2.167,0.267],[-2,0.334],[-0.967,0.167],[-1.067,0.134]],"o":[[-1.134,0.334],[-2.334,0.534],[-3.234,0.434],[-4.334,0.534],[-2.834,0.067],[-0.134,-3.4],[-0.1,-4],[0,-0.933],[0.033,-2.4],[0,-0.933],[0.033,-1.3],[0,0],[0,0],[0,0],[0,0],[0,0],[0,0],[2.266,-0.133],[1.8,-0.1],[7.6,-0.6],[2.333,-0.333],[2.166,-0.266],[1.066,-0.133],[0.966,-0.166],[0,0]],"v":[[59.8,-23.4],[56.8,-22.8],[48.45,-21.35],[37.4,-20],[26.65,-19.1],[19.1,-18.9],[18.75,-30],[18.6,-41.4],[18.65,-46.4],[18.8,-55.9],[18.85,-59.25],[19,-63.8],[54.6,-63.8],[54.6,-70.3],[35.7,-69.9],[11.7,-69.8],[11.9,-40.6],[11.7,-11.6],[17.8,-11.95],[22.5,-12.3],[40.9,-14.1],[47.65,-15],[53.9,-15.9],[56.95,-16.35],[60,-16.8]],"c":true},"ix":2},"nm":"ë","mn":"ADBE Vector Shape - Group","hd":false}],"nm":"ë","np":5,"cix":2,"bm":0,"ix":1,"mn":"ADBE Vector Group","hd":false}]},"fFamily":"AppleGothic"},{"ch":" ","size":50,"style":"Regular","w":32,"data":{},"fFamily":"AppleGothic"},{"ch":"ì»¨","size":50,"style":"Regular","w":100,"data":{"shapes":[{"ty":"gr","it":[{"ind":0,"ty":"sh","ix":1,"ks":{"a":0,"k":{"i":[[0,0],[1.3,-0.034],[1.6,-0.067],[2.933,0],[4.333,0],[0,0],[0,0],[-0.234,0.834],[0,0.4],[1.066,0.234],[1.533,0],[0,0],[0,0],[0,0],[-6,0.133],[-2.567,0],[-2.334,0],[-5.467,-0.134],[-4.4,-0.134]],"o":[[-1,0.133],[-1.3,0.033],[-1.534,0.066],[-2.934,0],[0,0],[0,0],[0,-0.266],[0.233,-0.833],[0,-0.733],[-1.067,-0.233],[0,0],[0,0],[0,0],[5,-0.067],[3,-0.067],[2.566,0],[5.733,0],[5.466,0.133],[0,0]],"v":[[86.2,1.5],[82.75,1.75],[78.4,1.9],[71.7,2],[60.8,2],[30,2],[30,-13.1],[30.35,-14.75],[30.7,-16.6],[29.1,-18.05],[25.2,-18.4],[22.3,-18.3],[22.6,-6.6],[22.4,8.3],[38.9,8],[47.25,7.9],[54.6,7.9],[71.4,8.1],[86.2,8.5]],"c":true},"ix":2},"nm":"ì»¨","mn":"ADBE Vector Shape - Group","hd":false},{"ind":1,"ty":"sh","ix":2,"ks":{"a":0,"k":{"i":[[1.166,0.234],[1.6,0],[0,0],[0,0],[0,0],[0,0],[0,0],[0,0],[0,0],[0,0],[0,0],[0,0],[0,0],[-0.3,1.034],[0,0.4]],"o":[[-1.167,-0.233],[0,0],[0,0],[0,0],[0,0],[0,0],[0,0],[0,0],[0,0],[0,0],[0,0],[0,0],[0,-0.533],[0.3,-1.033],[0,-0.733]],"v":[[83.45,-80.75],[79.3,-81.1],[76.8,-81.1],[76.9,-52.8],[67.8,-52.6],[57.4,-52.8],[57.4,-46.7],[68.3,-46.9],[77,-46.8],[76.9,-30.9],[76.4,-12.3],[84.4,-12.3],[84.3,-74.8],[84.75,-77.15],[85.2,-79.3]],"c":true},"ix":2},"nm":"ì»¨","mn":"ADBE Vector Shape - Group","hd":false},{"ind":2,"ty":"sh","ix":3,"ks":{"a":0,"k":{"i":[[0,0],[0,0],[0.766,-0.066],[0.4,-0.066],[0,0],[-0.7,0.067],[-0.967,0.034],[-1.4,0],[-2,0],[0,0],[0.8,-2.4],[0,-0.533],[1.666,-0.133],[2.3,-0.1],[2.333,0],[0,0],[0,0],[-0.734,-2.066],[-0.867,0],[-0.967,0.367],[-0.6,0.067],[0,0],[0,0],[0.5,-0.8],[0.466,-0.533],[3.533,-2.6],[5.066,-2.133],[2.6,-0.866],[0.466,-0.1],[0,-0.2],[0,-0.066],[-0.667,-0.333],[0,0],[-0.4,-0.266],[-0.534,-0.4],[-2.8,1.4],[-1.834,1.1],[-1.734,1.267],[-3.867,4.667],[-1.3,2.367],[-1,2.667],[-0.6,4],[-0.067,0.834],[-0.067,0.8]],"o":[[0,0],[-0.534,0],[-0.767,0.067],[0,0],[0.6,-0.066],[0.7,-0.066],[0.966,-0.033],[1.4,0],[0,0],[0,1.134],[-0.8,2.4],[-2.2,0.267],[-2.267,0.134],[-2.3,0.1],[0,0],[0,0],[0,0.934],[0.733,1.867],[0.2,0],[0.966,-0.366],[0,0],[0,0],[-0.667,0.934],[-0.5,0.8],[-2.8,3.667],[-4.2,3.2],[-1.6,0.734],[-0.134,0.067],[-0.467,0.1],[0.133,0],[0.266,0.334],[0,0],[0.333,0.2],[0.4,0.267],[0.333,0],[2,-1.066],[1.833,-1.1],[4.8,-3.533],[1.666,-2],[1.3,-2.366],[1.333,-3.933],[0.066,-0.866],[0.066,-0.833],[0,0]],"v":[[31.6,-73.8],[17.4,-73.9],[15.45,-73.8],[13.7,-73.6],[13.7,-67.7],[15.65,-67.9],[18.15,-68.05],[21.7,-68.1],[26.8,-68.1],[51.1,-67.8],[49.9,-62.5],[48.7,-58.1],[42.9,-57.5],[36.05,-57.15],[29.1,-57],[15.4,-56.7],[11,-56.8],[12.1,-52.3],[14.5,-49.5],[16.25,-50.05],[18.6,-50.7],[31.4,-51.3],[46,-52.2],[44.25,-49.6],[42.8,-47.6],[33.3,-38.2],[19.4,-30.2],[13.1,-27.8],[12.2,-27.55],[11.5,-27.1],[11.7,-27],[13.1,-26],[16.4,-23.6],[17.5,-22.9],[18.9,-21.9],[23.6,-24],[29.35,-27.25],[34.7,-30.8],[47.7,-43.1],[52.15,-49.65],[55.6,-57.2],[58.5,-69.1],[58.7,-71.65],[58.9,-74.1]],"c":true},"ix":2},"nm":"ì»¨","mn":"ADBE Vector Shape - Group","hd":false}],"nm":"ì»¨","np":6,"cix":2,"bm":0,"ix":1,"mn":"ADBE Vector Group","hd":false}]},"fFamily":"AppleGothic"},{"ch":"í¸","size":50,"style":"Regular","w":100,"data":{"shapes":[{"ty":"gr","it":[{"ind":0,"ty":"sh","ix":1,"ks":{"a":0,"k":{"i":[[0,0],[3,-0.1],[3.4,-0.133],[4.566,-0.033],[5.866,0],[0,0],[0,0],[0,0],[-2.334,0.067],[-1.867,0],[-5,0.067],[-4.934,0],[0,0],[-15.2,-0.2],[-1.267,0],[-1.534,-0.066]],"o":[[-2.534,0.134],[-3,0.1],[-3.4,0.067],[-4.567,0.034],[0,0],[0,0],[0,0],[2.866,-0.133],[2.333,-0.066],[5.2,-0.133],[5,-0.066],[0,0],[5.933,0],[1.066,0],[1.266,0],[0,0]],"v":[[94.6,-9.2],[86.3,-8.85],[76.7,-8.5],[64.75,-8.35],[49.1,-8.3],[46.4,-8.3],[5.7,-8.7],[5.7,-1.7],[13.5,-2],[19.8,-2.1],[35.1,-2.4],[50,-2.5],[55.2,-2.5],[86.9,-2.2],[90.4,-2.2],[94.6,-2.1]],"c":true},"ix":2},"nm":"í¸","mn":"ADBE Vector Shape - Group","hd":false},{"ind":1,"ty":"sh","ix":2,"ks":{"a":0,"k":{"i":[[0,0],[4.733,-0.1],[4.966,-0.1],[4.733,-0.066],[3.4,0],[0,0],[0,0],[0,0],[0,0],[0,0],[0,0],[0,0],[0,0],[0,0],[0,0],[5.2,-0.133],[4.8,0],[0,0],[0,0],[0,0],[-5.3,0.067],[-4.934,0],[0,0]],"o":[[-3.467,0],[-4.734,0.1],[-4.967,0.1],[-4.734,0.067],[0,0],[0,0],[0,0],[0,0],[0,0],[0,0],[0,0],[0,0],[0,0],[0,0],[-4.4,0.134],[-5.2,0.134],[0,0],[0,0],[0,0],[4.466,-0.133],[5.3,-0.066],[0,0],[0,0]],"v":[[80.6,-30.7],[68.3,-30.55],[53.75,-30.25],[39.2,-30],[27,-29.9],[27,-43.7],[54.9,-44],[77.5,-43.8],[77.5,-50.2],[50,-50],[27,-50.1],[27,-64],[53,-64.2],[79.7,-64],[79.7,-70.3],[65.3,-69.9],[50.3,-69.7],[19.5,-69.9],[20,-46.5],[19.7,-23.8],[34.35,-24.1],[49.7,-24.2],[80.6,-24.2]],"c":true},"ix":2},"nm":"í¸","mn":"ADBE Vector Shape - Group","hd":false}],"nm":"í¸","np":5,"cix":2,"bm":0,"ix":1,"mn":"ADBE Vector Group","hd":false}]},"fFamily":"AppleGothic"},{"ch":"ë¡¤","size":50,"style":"Regular","w":100,"data":{"shapes":[{"ty":"gr","it":[{"ind":0,"ty":"sh","ix":1,"ks":{"a":0,"k":{"i":[[0,0],[5.466,-0.134],[5.533,0],[0,0],[0,0],[-1.267,0.034],[-1.334,0],[-2.434,0],[-3.6,0],[0,0],[0.033,0.367],[0.066,0.467],[0,0],[0,0],[5.666,-0.066],[5.8,0],[4.766,0.1],[2.533,0.134],[0,0],[-4.867,0.067],[-4.4,0],[0,0],[0,0],[0,0],[0,0],[0,0],[0,0],[-5.434,0.066],[-5,0],[0,0]],"o":[[-5.134,0.2],[-5.467,0.133],[0,0],[0,0],[1.133,-0.066],[1.266,-0.033],[1.466,-0.066],[2.433,0],[0,0],[-0.067,-0.333],[-0.034,-0.366],[0,0],[0,0],[-4.667,0.134],[-5.667,0.067],[-6.267,0],[-4.767,-0.1],[0,0],[4.066,-0.133],[4.866,-0.066],[0,0],[0,0],[0,0],[0,0],[0,0],[0,0],[4.533,-0.134],[5.433,-0.067],[0,0],[0,0]],"v":[[84.5,0.8],[68.6,1.3],[52.1,1.5],[28.3,1.4],[28.3,-7.7],[31.9,-7.85],[35.8,-7.9],[41.65,-8],[50.7,-8],[81.1,-8],[80.95,-9.05],[80.8,-10.3],[80.8,-16.1],[81.1,-26.1],[65.6,-25.8],[48.4,-25.7],[31.85,-25.85],[20.9,-26.2],[20.9,-20.3],[34.3,-20.6],[48.2,-20.7],[73.9,-20.6],[73.9,-13],[49.3,-12.7],[21.3,-12.9],[21.5,-3.1],[21.2,6.8],[36.15,6.5],[51.8,6.4],[84.5,6.7]],"c":true},"ix":2},"nm":"ë¡¤","mn":"ADBE Vector Shape - Group","hd":false},{"ind":1,"ty":"sh","ix":2,"ks":{"a":0,"k":{"i":[[0,0],[1.566,-0.066],[1.133,-0.066],[2.866,-0.1],[2.266,0],[0,0],[0,0],[0,0],[0,0],[0,0],[0,0],[0,0],[0,0],[0,0],[0,0],[0,0],[0,0],[4.933,-0.066],[6.266,0],[5.066,0.134],[4,0.134],[0,0],[0,0],[0,0],[0,0],[1.533,0],[2.2,0.067],[1.7,0],[1.266,0.067],[0,0],[0,0],[0,0],[0,0],[0,0],[0,0],[0,0],[-2.234,0.034],[-1.8,0.067],[-4.934,0.067],[-4.867,0],[-3.667,-0.033],[-3.134,-0.033],[-2.667,-0.066],[-2.334,0],[-1.2,0],[-0.067,0]],"o":[[-1.934,0.134],[-1.567,0.067],[-3.6,0.134],[-2.867,0.1],[0,0],[0,0],[0,0],[0,0],[0,0],[0,0],[0,0],[0,0],[0,0],[0,0],[0,0],[0,0],[-4.667,0.2],[-4.934,0.067],[-5.4,0],[-5.067,-0.133],[0,0],[0,0],[0,0],[0,0],[-0.934,0],[-1.534,0],[-2.2,-0.066],[-1.7,0],[0,0],[0,0],[0,0],[0,0],[0,0],[0,0],[0,0],[2.666,-0.133],[2.233,-0.033],[5,-0.133],[4.933,-0.066],[4.4,0],[3.666,0.034],[3.133,0.034],[2.666,0.067],[2.4,0.067],[1.2,0],[0,0]],"v":[[94.4,-37.7],[89.15,-37.4],[85.1,-37.2],[75.4,-36.85],[67.7,-36.7],[53.3,-36.7],[53.3,-46.9],[67,-46.9],[81.3,-46.6],[81.3,-52.3],[50.2,-51.7],[26.8,-51.7],[26.8,-60.4],[55,-60.7],[79.9,-60.6],[79.7,-69.2],[79.9,-78.6],[65.5,-78.2],[48.7,-78.1],[33,-78.3],[19.4,-78.7],[19.4,-72.9],[72.7,-73.4],[72.7,-65.5],[39.4,-65],[35.7,-65],[30.1,-65.1],[24.25,-65.2],[19.8,-65.3],[20.1,-55.7],[19.8,-46.6],[46.6,-46.9],[46.6,-36.7],[33.4,-36.7],[5.6,-37.2],[5.6,-31.1],[12.95,-31.35],[19,-31.5],[33.9,-31.8],[48.6,-31.9],[60.7,-31.85],[70.9,-31.75],[79.6,-31.6],[87.1,-31.5],[92.5,-31.4],[94.4,-31.4]],"c":true},"ix":2},"nm":"ë¡¤","mn":"ADBE Vector Shape - Group","hd":false}],"nm":"ë¡¤","np":5,"cix":2,"bm":0,"ix":1,"mn":"ADBE Vector Group","hd":false}]},"fFamily":"AppleGothic"}]}