{"v":"5.5.7","meta":{"g":"LottieFiles AE 0.1.21","a":"","k":"","d":"","tc":""},"fr":60,"ip":0,"op":420,"w":1000,"h":1000,"nm":"sensor-animation","ddd":0,"assets":[],"layers":[{"ddd":0,"ind":1,"ty":4,"nm":"MASK Outlines","sr":1,"ks":{"o":{"a":0,"k":100,"ix":11},"r":{"a":0,"k":0,"ix":10},"p":{"a":0,"k":[503.83,345.487,0],"ix":2},"a":{"a":0,"k":[407.059,183.677,0],"ix":1},"s":{"a":0,"k":[100,100,100],"ix":6}},"ao":0,"shapes":[{"ty":"gr","it":[{"ind":0,"ty":"sh","ix":1,"ks":{"a":0,"k":{"i":[[7.833,-9.382],[0,4.521],[2.294,5.131],[186.06,0],[24.735,-55.513],[0,-5.335],[-1.656,-4.549],[0,10.141],[-208.529,0],[0,-64.582]],"o":[[1.656,-4.549],[0,-5.335],[-24.736,-55.513],[-186.061,0],[-2.294,5.131],[0,4.521],[-7.833,-9.382],[0,-64.582],[208.529,0],[0,10.141]],"v":[[365.578,73.141],[368.09,59.51],[364.614,43.789],[0,-54.474],[-364.614,43.789],[-368.089,59.51],[-365.578,73.141],[-377.579,43.789],[0,-73.141],[377.579,43.789]],"c":true},"ix":2},"nm":"Path 1","mn":"ADBE Vector Shape - Group","hd":false},{"ty":"fl","c":{"a":0,"k":[0.782558964748,0.757510854684,0.776287781958,1],"ix":4},"o":{"a":0,"k":100,"ix":5},"r":1,"bm":0,"nm":"Fill 1","mn":"ADBE Vector Graphic - Fill","hd":false},{"ty":"tr","p":{"a":0,"k":[407.058,247.763],"ix":2},"a":{"a":0,"k":[0,0],"ix":1},"s":{"a":0,"k":[100,100],"ix":3},"r":{"a":0,"k":0,"ix":6},"o":{"a":0,"k":100,"ix":7},"sk":{"a":0,"k":0,"ix":4},"sa":{"a":0,"k":0,"ix":5},"nm":"Transform"}],"nm":"Group 1","np":4,"cix":2,"bm":0,"ix":1,"mn":"ADBE Vector Group","hd":false},{"ty":"gr","it":[{"ind":0,"ty":"sh","ix":1,"ks":{"a":0,"k":{"i":[[0,-64.568],[0,0],[208.53,0],[0,-64.582],[0,64.582],[-224.671,0]],"o":[[0,64.582],[0,-64.582],[-208.529,0],[0,0],[0,-64.568],[224.671,0]],"v":[[406.808,-28.735],[377.579,145.652],[0,28.72],[-377.579,145.652],[-406.809,-28.735],[0,-145.652]],"c":true},"ix":2},"nm":"Path 1","mn":"ADBE Vector Shape - Group","hd":false},{"ty":"fl","c":{"a":0,"k":[0.938640100816,0.931820858226,0.937704527612,1],"ix":4},"o":{"a":0,"k":100,"ix":5},"r":1,"bm":0,"nm":"Fill 1","mn":"ADBE Vector Graphic - Fill","hd":false},{"ty":"tr","p":{"a":0,"k":[407.058,145.902],"ix":2},"a":{"a":0,"k":[0,0],"ix":1},"s":{"a":0,"k":[100,100],"ix":3},"r":{"a":0,"k":0,"ix":6},"o":{"a":0,"k":100,"ix":7},"sk":{"a":0,"k":0,"ix":4},"sa":{"a":0,"k":0,"ix":5},"nm":"Transform"}],"nm":"Group 2","np":4,"cix":2,"bm":0,"ix":2,"mn":"ADBE Vector Group","hd":false},{"ty":"gr","it":[{"ind":0,"ty":"sh","ix":1,"ks":{"a":0,"k":{"i":[[0,-53.979],[7.671,-8.445],[0,0],[0,0.489],[143.608,0],[0,-26.88],[-0.081,-0.49],[0,0],[0,9.204],[-174.331,0]],"o":[[0,9.204],[0,0],[0.082,-0.49],[0,-26.88],[-143.609,0],[0,0.489],[0,0],[-7.671,-8.445],[0,-53.979],[174.332,0]],"v":[[315.645,30.811],[303.861,57.366],[254.688,57.366],[254.811,55.913],[-5.199,12.89],[-265.209,55.913],[-265.087,57.366],[-303.86,57.366],[-315.645,30.811],[0,-57.366]],"c":true},"ix":2},"nm":"Path 1","mn":"ADBE Vector Shape - Group","hd":false},{"ty":"fl","c":{"a":0,"k":[0.295719281365,0.271882390041,0.352870387657,1],"ix":4},"o":{"a":0,"k":100,"ix":5},"r":1,"bm":0,"nm":"Fill 1","mn":"ADBE Vector Graphic - Fill","hd":false},{"ty":"tr","p":{"a":0,"k":[407.058,309.738],"ix":2},"a":{"a":0,"k":[0,0],"ix":1},"s":{"a":0,"k":[100,100],"ix":3},"r":{"a":0,"k":0,"ix":6},"o":{"a":0,"k":100,"ix":7},"sk":{"a":0,"k":0,"ix":4},"sa":{"a":0,"k":0,"ix":5},"nm":"Transform"}],"nm":"Group 3","np":4,"cix":2,"bm":0,"ix":3,"mn":"ADBE Vector Group","hd":false},{"ty":"gr","it":[{"ind":0,"ty":"sh","ix":1,"ks":{"a":0,"k":{"i":[[-29.826,-18.853],[0,0],[0,9.204],[-174.331,0],[0,-53.979],[7.671,-8.441],[0,0],[0,20.222],[203.289,0],[0,-62.953]],"o":[[0,0],[-7.671,-8.441],[0,-53.979],[174.331,0],[0,9.204],[0,0],[29.826,-18.853],[0,-62.953],[-203.289,0],[0,20.222]],"v":[[-321.24,86.905],[-303.857,86.905],[-315.645,60.355],[0,-27.822],[315.644,60.355],[303.856,86.905],[321.239,86.905],[368.09,27.081],[0,-86.905],[-368.09,27.081]],"c":true},"ix":2},"nm":"Path 1","mn":"ADBE Vector Shape - Group","hd":false},{"ty":"fl","c":{"a":0,"k":[0.176289741666,0.102649262372,0.24248416377,1],"ix":4},"o":{"a":0,"k":100,"ix":5},"r":1,"bm":0,"nm":"Fill 1","mn":"ADBE Vector Graphic - Fill","hd":false},{"ty":"tr","p":{"a":0,"k":[407.059,280.193],"ix":2},"a":{"a":0,"k":[0,0],"ix":1},"s":{"a":0,"k":[100,100],"ix":3},"r":{"a":0,"k":0,"ix":6},"o":{"a":0,"k":100,"ix":7},"sk":{"a":0,"k":0,"ix":4},"sa":{"a":0,"k":0,"ix":5},"nm":"Transform"}],"nm":"Group 4","np":4,"cix":2,"bm":0,"ix":4,"mn":"ADBE Vector Group","hd":false}],"ip":43,"op":311,"st":43,"bm":0},{"ddd":0,"ind":2,"ty":4,"nm":"GLARE Outlines","parent":5,"sr":1,"ks":{"o":{"a":0,"k":30,"ix":11},"r":{"a":0,"k":0,"ix":10},"p":{"a":0,"k":[257.191,154.682,0],"ix":2},"a":{"a":0,"k":[223.594,112.41,0],"ix":1},"s":{"a":0,"k":[100,100,100],"ix":6}},"ao":0,"shapes":[{"ty":"gr","it":[{"ind":0,"ty":"sh","ix":1,"ks":{"a":0,"k":{"i":[[1.445,-3.116],[-6.036,-8.367],[-2.027,-1.851],[-8.57,-10.755],[-1.307,-2.092],[-0.81,-2.162],[-0.22,-4.946],[-0.084,-3.016],[0.426,-2.994],[-3.971,4.235],[-2.906,4.968],[-1.322,3.467],[19.762,18.232],[10.769,3.11],[9.507,-5.618]],"o":[[-4.893,10.549],[1.488,2.063],[10.11,9.227],[1.617,1.922],[1.089,2.015],[1.622,4.325],[0.55,2.969],[0.084,3.017],[4.348,-3.852],[3.97,-4.236],[2.118,-3.18],[9.027,-23.68],[-8.245,-7.608],[-10.136,-2.928],[-3.112,1.839]],"v":[[-41.608,-50.778],[-36.744,-15.911],[-31.487,-10.03],[-0.962,17.976],[3.443,23.985],[6.306,30.254],[9.157,44.131],[10.123,53.126],[9.617,62.16],[22.314,50.111],[32.777,36.394],[37.922,26.401],[27.544,-43.021],[-1.81,-59.528],[-34.853,-58.379]],"c":true},"ix":2},"nm":"Path 1","mn":"ADBE Vector Shape - Group","hd":false},{"ty":"fl","c":{"a":0,"k":[1,0.999998922909,1,1],"ix":4},"o":{"a":0,"k":100,"ix":5},"r":1,"bm":0,"nm":"Fill 1","mn":"ADBE Vector Graphic - Fill","hd":false},{"ty":"tr","p":{"a":0,"k":[403.322,62.16],"ix":2},"a":{"a":0,"k":[0,0],"ix":1},"s":{"a":0,"k":[100,100],"ix":3},"r":{"a":0,"k":0,"ix":6},"o":{"a":0,"k":100,"ix":7},"sk":{"a":0,"k":0,"ix":4},"sa":{"a":0,"k":0,"ix":5},"nm":"Transform"}],"nm":"Group 1","np":4,"cix":2,"bm":0,"ix":1,"mn":"ADBE Vector Group","hd":false},{"ty":"gr","it":[{"ind":0,"ty":"sh","ix":1,"ks":{"a":0,"k":{"i":[[96.017,-53.971],[-92.711,-48.887],[-111.706,56.359],[36.399,41.73]],"o":[[-28.642,16.099],[92.711,48.886],[-64.011,27.701],[-36.398,-41.732]],"v":[[-174.949,-99.859],[-91.483,77.742],[187.155,65.191],[-46.299,41.655]],"c":true},"ix":2},"nm":"Path 1","mn":"ADBE Vector Shape - Group","hd":false},{"ty":"fl","c":{"a":0,"k":[1,0.999998922909,1,1],"ix":4},"o":{"a":0,"k":100,"ix":5},"r":1,"bm":0,"nm":"Fill 1","mn":"ADBE Vector Graphic - Fill","hd":false},{"ty":"tr","p":{"a":0,"k":[187.155,113.61],"ix":2},"a":{"a":0,"k":[0,0],"ix":1},"s":{"a":0,"k":[100,100],"ix":3},"r":{"a":0,"k":0,"ix":6},"o":{"a":0,"k":100,"ix":7},"sk":{"a":0,"k":0,"ix":4},"sa":{"a":0,"k":0,"ix":5},"nm":"Transform"}],"nm":"Group 2","np":4,"cix":2,"bm":0,"ix":2,"mn":"ADBE Vector Group","hd":false}],"ip":43,"op":311,"st":43,"bm":0},{"ddd":0,"ind":3,"ty":4,"nm":"Layer 3 Outlines","sr":1,"ks":{"o":{"a":0,"k":100,"ix":11},"r":{"a":1,"k":[{"i":{"x":[0.084],"y":[1]},"o":{"x":[0.167],"y":[0.167]},"t":50,"s":[-155.243]},{"i":{"x":[0.833],"y":[0.833]},"o":{"x":[0.167],"y":[0.167]},"t":100,"s":[0]},{"i":{"x":[0.609],"y":[0.926]},"o":{"x":[0.171],"y":[0.053]},"t":131,"s":[0]},{"i":{"x":[0.672],"y":[0.837]},"o":{"x":[0.338],"y":[-0.149]},"t":143,"s":[50.084]},{"i":{"x":[0.685],"y":[1]},"o":{"x":[0.349],"y":[-0.297]},"t":156.639,"s":[25.526]},{"t":174,"s":[43.808],"h":1},{"i":{"x":[0.667],"y":[1]},"o":{"x":[0.167],"y":[0.167]},"t":199,"s":[43.808]},{"i":{"x":[0.575],"y":[0.808]},"o":{"x":[0.185],"y":[0.072]},"t":213,"s":[-49.51]},{"i":{"x":[0.703],"y":[1]},"o":{"x":[0.341],"y":[-0.263]},"t":228,"s":[-18.663]},{"t":243,"s":[-36.703],"h":1},{"i":{"x":[0.084],"y":[1]},"o":{"x":[0.167],"y":[0.167]},"t":262,"s":[-36.703]},{"t":284,"s":[0]}],"ix":10},"p":{"a":1,"k":[{"i":{"x":0.294,"y":1},"o":{"x":0.167,"y":0.167},"t":50,"s":[496.277,296.716,0],"to":[0,45,0],"ti":[0,-45,0]},{"i":{"x":0.833,"y":0.833},"o":{"x":0.167,"y":0.167},"t":100,"s":[496.277,566.716,0],"to":[0,0,0],"ti":[0,0,0]},{"i":{"x":0.667,"y":1},"o":{"x":0.167,"y":0.167},"t":131,"s":[496.277,566.716,0],"to":[-0.125,7.083,0],"ti":[9.25,-1.083,0]},{"t":165,"s":[484.277,583.716,0],"h":1},{"i":{"x":0.667,"y":1},"o":{"x":0.167,"y":0.167},"t":199,"s":[484.277,583.716,0],"to":[-3.445,0.403,0],"ti":[-29.917,28.375,0]},{"t":238,"s":[547.277,580.716,0],"h":1},{"i":{"x":0.294,"y":1},"o":{"x":0.167,"y":0.167},"t":262,"s":[547.277,580.716,0],"to":[1.209,-1.147,0],"ti":[8.5,-1.667,0]},{"i":{"x":0.667,"y":1},"o":{"x":0.167,"y":0.167},"t":284,"s":[496.277,566.716,0],"to":[-8.5,1.667,0],"ti":[0,39.5,0]},{"i":{"x":0.667,"y":1},"o":{"x":0.333,"y":0},"t":289.5,"s":[496.277,590.716,0],"to":[0,-39.5,0],"ti":[0,43.5,0]},{"t":298,"s":[496.277,329.716,0]}],"ix":2},"a":{"a":0,"k":[112.776,63.129,0],"ix":1},"s":{"a":1,"k":[{"i":{"x":[0.833,0.833,0.833],"y":[1,1,1]},"o":{"x":[0.167,0.167,0.167],"y":[0.167,0,0]},"t":284,"s":[100,100,100]},{"t":298,"s":[72.008,100,100]}],"ix":6}},"ao":0,"shapes":[{"ty":"gr","it":[{"ind":0,"ty":"sh","ix":1,"ks":{"a":0,"k":{"i":[[0,-17.851],[19.152,0],[0,17.851],[-19.152,0]],"o":[[0,17.851],[-19.152,0],[0,-17.851],[19.152,0]],"v":[[34.678,0],[0.001,32.32],[-34.677,0],[0.001,-32.321]],"c":true},"ix":2},"nm":"Path 1","mn":"ADBE Vector Shape - Group","hd":false},{"ty":"fl","c":{"a":0,"k":[0.887224982767,0.179018940645,0.558118752872,1],"ix":4},"o":{"a":0,"k":100,"ix":5},"r":1,"bm":0,"nm":"Fill 1","mn":"ADBE Vector Graphic - Fill","hd":false},{"ty":"tr","p":{"a":0,"k":[112.776,117.123],"ix":2},"a":{"a":0,"k":[0,0],"ix":1},"s":{"a":0,"k":[100,100],"ix":3},"r":{"a":0,"k":0,"ix":6},"o":{"a":0,"k":100,"ix":7},"sk":{"a":0,"k":0,"ix":4},"sa":{"a":0,"k":0,"ix":5},"nm":"Transform"}],"nm":"Group 1","np":4,"cix":2,"bm":0,"ix":1,"mn":"ADBE Vector Group","hd":false},{"ty":"gr","it":[{"ind":0,"ty":"sh","ix":1,"ks":{"a":0,"k":{"i":[[0,-29.113],[31.236,0],[0,29.113],[-31.236,0]],"o":[[0,29.113],[-31.236,0],[0,-29.113],[31.236,0]],"v":[[56.558,-0.001],[0,52.715],[-56.558,-0.001],[0,-52.715]],"c":true},"ix":2},"nm":"Path 1","mn":"ADBE Vector Shape - Group","hd":false},{"ty":"fl","c":{"a":0,"k":[0.176289741666,0.102649262372,0.24248416377,1],"ix":4},"o":{"a":0,"k":100,"ix":5},"r":1,"bm":0,"nm":"Fill 1","mn":"ADBE Vector Graphic - Fill","hd":false},{"ty":"tr","p":{"a":0,"k":[112.776,128.405],"ix":2},"a":{"a":0,"k":[0,0],"ix":1},"s":{"a":0,"k":[100,100],"ix":3},"r":{"a":0,"k":0,"ix":6},"o":{"a":0,"k":100,"ix":7},"sk":{"a":0,"k":0,"ix":4},"sa":{"a":0,"k":0,"ix":5},"nm":"Transform"}],"nm":"Group 2","np":4,"cix":2,"bm":0,"ix":2,"mn":"ADBE Vector Group","hd":false},{"ty":"gr","it":[{"ind":0,"ty":"sh","ix":1,"ks":{"a":0,"k":{"i":[[0,-57.923],[62.146,0],[0,57.923],[-62.146,0]],"o":[[0,57.923],[-62.146,0],[0,-57.923],[62.146,0]],"v":[[112.526,0],[0,104.879],[-112.526,0],[0,-104.879]],"c":true},"ix":2},"nm":"Path 1","mn":"ADBE Vector Shape - Group","hd":false},{"ty":"fl","c":{"a":0,"k":[0.295719281365,0.271882390041,0.352870387657,1],"ix":4},"o":{"a":0,"k":100,"ix":5},"r":1,"bm":0,"nm":"Fill 1","mn":"ADBE Vector Graphic - Fill","hd":false},{"ty":"tr","p":{"a":0,"k":[112.776,105.129],"ix":2},"a":{"a":0,"k":[0,0],"ix":1},"s":{"a":0,"k":[100,100],"ix":3},"r":{"a":0,"k":0,"ix":6},"o":{"a":0,"k":100,"ix":7},"sk":{"a":0,"k":0,"ix":4},"sa":{"a":0,"k":0,"ix":5},"nm":"Transform"}],"nm":"Group 3","np":4,"cix":2,"bm":0,"ix":3,"mn":"ADBE Vector Group","hd":false}],"ip":55,"op":311,"st":50,"bm":0},{"ddd":0,"ind":4,"ty":4,"nm":"Layer 5 Outlines","sr":1,"ks":{"o":{"a":0,"k":100,"ix":11},"r":{"a":0,"k":0,"ix":10},"p":{"a":1,"k":[{"i":{"x":0.325,"y":1},"o":{"x":0.167,"y":0.167},"t":58,"s":[493.455,418.581,0],"to":[0,20.667,0],"ti":[0,-20.667,0]},{"i":{"x":0.833,"y":0.833},"o":{"x":0.167,"y":0.167},"t":100,"s":[493.455,542.581,0],"to":[0,0,0],"ti":[0,0,0]},{"i":{"x":0.667,"y":1},"o":{"x":0.167,"y":0.167},"t":131,"s":[493.455,542.581,0],"to":[-6.5,0,0],"ti":[6.5,0,0]},{"t":148,"s":[454.455,542.581,0],"h":1},{"i":{"x":0.667,"y":1},"o":{"x":0.167,"y":0.167},"t":199,"s":[454.455,542.581,0],"to":[15.333,0,0],"ti":[-15.333,0,0]},{"t":219,"s":[546.455,542.581,0],"h":1},{"i":{"x":0.325,"y":1},"o":{"x":0.167,"y":0.167},"t":262,"s":[546.455,542.581,0],"to":[-8.833,0,0],"ti":[0,0,0]},{"i":{"x":0.667,"y":1},"o":{"x":0.167,"y":0.167},"t":282,"s":[493.455,542.581,0],"to":[0,0,0],"ti":[0,33.833,0]},{"i":{"x":0.667,"y":1},"o":{"x":0.333,"y":0},"t":288.463,"s":[493.455,557.581,0],"to":[0,-33.833,0],"ti":[0,36.333,0]},{"t":296,"s":[493.455,339.581,0]}],"ix":2},"a":{"a":0,"k":[189.642,86.752,0],"ix":1},"s":{"a":1,"k":[{"i":{"x":[0.667,0.667,0.667],"y":[1,1,1]},"o":{"x":[0.167,0.167,0.167],"y":[0.167,0.167,0]},"t":282,"s":[100,100,100]},{"t":296,"s":[52.934,126.234,100]}],"ix":6}},"ao":0,"shapes":[{"ty":"gr","it":[{"ind":0,"ty":"sh","ix":1,"ks":{"a":0,"k":{"i":[[-16.936,-5.702],[5.247,-8.246],[0,0],[0,0],[0,0],[-12.904,-2.053]],"o":[[-10.778,45.092],[-7.178,11.295],[0,0],[0,0],[15.399,1.389],[25.501,4.08]],"v":[[59.489,-64.602],[22.742,73.51],[-59.489,81.671],[-54.044,13.378],[-46.216,-84.805],[-3.804,-79.594]],"c":true},"ix":2},"nm":"Path 1","mn":"ADBE Vector Shape - Group","hd":false},{"ty":"fl","c":{"a":0,"k":[0.176289741666,0.102649262372,0.24248416377,1],"ix":4},"o":{"a":0,"k":100,"ix":5},"r":1,"bm":0,"nm":"Fill 1","mn":"ADBE Vector Graphic - Fill","hd":false},{"ty":"tr","p":{"a":0,"k":[319.545,88.449],"ix":2},"a":{"a":0,"k":[0,0],"ix":1},"s":{"a":0,"k":[100,100],"ix":3},"r":{"a":0,"k":0,"ix":6},"o":{"a":0,"k":100,"ix":7},"sk":{"a":0,"k":0,"ix":4},"sa":{"a":0,"k":0,"ix":5},"nm":"Transform"}],"nm":"Group 1","np":4,"cix":2,"bm":0,"ix":1,"mn":"ADBE Vector Group","hd":false},{"ty":"gr","it":[{"ind":0,"ty":"sh","ix":1,"ks":{"a":0,"k":{"i":[[0,0],[7.177,11.295],[10.876,45.435],[-25.55,4.313],[-15.448,1.487],[0,0]],"o":[[0,0],[-5.186,-8.16],[16.677,-5.923],[12.88,-2.176],[0,0],[0,0]],"v":[[59.311,81.451],[-22.921,73.29],[-59.311,-63.323],[3.625,-79.041],[46.074,-84.585],[53.867,13.156]],"c":true},"ix":2},"nm":"Path 1","mn":"ADBE Vector Shape - Group","hd":false},{"ty":"fl","c":{"a":0,"k":[0.176289741666,0.102649262372,0.24248416377,1],"ix":4},"o":{"a":0,"k":100,"ix":5},"r":1,"bm":0,"nm":"Fill 1","mn":"ADBE Vector Graphic - Fill","hd":false},{"ty":"tr","p":{"a":0,"k":[59.561,88.67],"ix":2},"a":{"a":0,"k":[0,0],"ix":1},"s":{"a":0,"k":[100,100],"ix":3},"r":{"a":0,"k":0,"ix":6},"o":{"a":0,"k":100,"ix":7},"sk":{"a":0,"k":0,"ix":4},"sa":{"a":0,"k":0,"ix":5},"nm":"Transform"}],"nm":"Group 2","np":4,"cix":2,"bm":0,"ix":2,"mn":"ADBE Vector Group","hd":false},{"ty":"gr","it":[{"ind":0,"ty":"sh","ix":1,"ks":{"a":0,"k":{"i":[[-12.904,-2.053],[0,0],[0,0],[0,0],[-15.449,1.488],[-32.53,0],[-23.941,-2.151]],"o":[[0,0],[0,0],[0,0],[12.88,-2.175],[25.071,-2.433],[30.528,0],[15.399,1.389]],"v":[[126.278,-42.184],[126.278,50.788],[-126.278,50.788],[-126.278,-41.41],[-83.828,-46.953],[2.347,-50.788],[83.866,-47.395]],"c":true},"ix":2},"nm":"Path 1","mn":"ADBE Vector Shape - Group","hd":false},{"ty":"fl","c":{"a":0,"k":[0.08313368255,0.012227398741,0.157163627475,1],"ix":4},"o":{"a":0,"k":100,"ix":5},"r":1,"bm":0,"nm":"Fill 1","mn":"ADBE Vector Graphic - Fill","hd":false},{"ty":"tr","p":{"a":0,"k":[189.464,51.038],"ix":2},"a":{"a":0,"k":[0,0],"ix":1},"s":{"a":0,"k":[100,100],"ix":3},"r":{"a":0,"k":0,"ix":6},"o":{"a":0,"k":100,"ix":7},"sk":{"a":0,"k":0,"ix":4},"sa":{"a":0,"k":0,"ix":5},"nm":"Transform"}],"nm":"Group 3","np":4,"cix":2,"bm":0,"ix":3,"mn":"ADBE Vector Group","hd":false}],"ip":58,"op":311,"st":58,"bm":0},{"ddd":0,"ind":5,"ty":4,"nm":"LENS Outlines","sr":1,"ks":{"o":{"a":0,"k":100,"ix":11},"r":{"a":0,"k":0,"ix":10},"p":{"a":1,"k":[{"i":{"x":0.214,"y":1},"o":{"x":0.167,"y":0.167},"t":43,"s":[498.63,331.734,0],"to":[0,45.667,0],"ti":[0,-45.667,0]},{"i":{"x":0.833,"y":0.833},"o":{"x":0.167,"y":0.167},"t":83,"s":[498.63,605.734,0],"to":[0,0,0],"ti":[0,0,0]},{"i":{"x":0.833,"y":0.833},"o":{"x":0.844,"y":0},"t":296,"s":[498.63,605.734,0],"to":[0,-47,0],"ti":[0,47,0]},{"t":308,"s":[498.63,323.734,0]}],"ix":2},"a":{"a":0,"k":[260.195,149.905,0],"ix":1},"s":{"a":0,"k":[100,100,100],"ix":6}},"ao":0,"shapes":[{"ty":"gr","it":[{"ind":0,"ty":"sh","ix":1,"ks":{"a":0,"k":{"i":[[1.861,6.548],[-6.053,-12.151],[-1.585,-2.997],[-1.69,-2.936],[-3.957,-5.491],[-22.079,-15.455],[-12.206,-5.659],[-12.972,-3.592],[-13.366,-1.712],[0,0],[-3.363,-0.235],[0,0],[-1.687,-0.039],[0,0],[0,0],[-1.685,0.059],[0,0],[-3.355,0.316],[0,0],[-12.994,3.538],[-12.214,5.648],[-11.041,7.717],[-15.585,22.116],[-3.529,5.786],[-1.616,2.982],[-1.465,3.06],[-4.302,12.918],[2.311,-6.416],[2.89,-6.184],[1.496,-3.072],[1.606,-3.017],[3.817,-5.683],[9.44,-9.967],[11.127,-8.085],[26.43,-7.594],[13.618,-1.811],[0,0],[3.425,-0.252],[0,0],[1.715,-0.046],[0,0],[0,0],[1.715,0.067],[0,0],[3.418,0.333],[0,0],[0,0],[0,0],[0,0],[0,0],[1.686,0.334],[0,0],[1.658,0.464],[0,0],[22.237,16.247],[9.435,9.971],[7.599,11.388],[3.364,5.949],[1.528,3.054],[1.373,3.127],[2.412,6.375]],"o":[[4.301,12.919],[1.465,3.061],[1.615,2.982],[3.529,5.786],[15.586,22.117],[11.038,7.721],[12.214,5.65],[12.997,3.528],[0,0],[3.356,0.315],[0,0],[1.685,0.059],[0,0],[0,0],[1.686,-0.039],[0,0],[3.363,-0.237],[0,0],[13.364,-1.714],[12.972,-3.591],[12.206,-5.659],[22.078,-15.454],[3.959,-5.49],[1.691,-2.935],[1.585,-2.997],[6.054,-12.15],[-1.86,6.549],[-2.413,6.375],[-1.372,3.128],[-1.527,3.054],[-3.364,5.949],[-7.603,11.386],[-9.438,9.969],[-22.237,16.25],[-13.251,3.743],[0,0],[-3.418,0.334],[0,0],[-1.715,0.068],[0,0],[0,0],[-1.715,-0.046],[0,0],[-3.425,-0.251],[0,0],[0,0],[0,0],[0,0],[0,0],[-1.694,-0.284],[0,0],[-1.681,-0.36],[0,0],[-26.432,-7.589],[-11.126,-8.085],[-9.439,-9.967],[-3.818,-5.683],[-1.607,-3.017],[-1.497,-3.071],[-2.889,-6.185],[-2.312,-6.416]],"v":[[-246.078,-89.824],[-230.567,-52.145],[-225.871,-43.118],[-220.839,-34.281],[-209.722,-17.282],[-152.873,39.837],[-117.892,59.906],[-80.003,73.712],[-40.372,81.426],[-30.32,82.514],[-20.228,83.2],[-15.18,83.52],[-10.12,83.63],[0,83.826],[10.119,83.627],[15.178,83.515],[20.226,83.197],[30.318,82.51],[40.371,81.423],[80,73.702],[117.888,59.899],[152.867,39.827],[209.714,-17.288],[220.833,-34.285],[225.867,-43.121],[230.564,-52.147],[246.078,-89.824],[239.823,-70.369],[231.999,-51.463],[227.574,-42.225],[222.798,-33.156],[212.14,-15.624],[186.546,16.506],[155.586,43.64],[81.52,79.176],[41.096,87.24],[30.853,88.382],[20.578,89.119],[15.439,89.46],[10.293,89.593],[0,89.824],[-10.294,89.589],[-15.44,89.458],[-20.579,89.117],[-30.853,88.38],[-41.097,87.239],[-43.657,86.951],[-46.203,86.549],[-51.296,85.744],[-56.388,84.938],[-61.445,83.926],[-66.496,82.882],[-71.53,81.764],[-81.519,79.171],[-155.582,43.633],[-186.54,16.501],[-212.133,-15.628],[-222.792,-33.16],[-227.569,-42.227],[-231.995,-51.464],[-239.82,-70.37]],"c":true},"ix":2},"nm":"Path 1","mn":"ADBE Vector Shape - Group","hd":false},{"ty":"mm","mm":4,"nm":"Merge Paths 1","mn":"ADBE Vector Filter - Merge","hd":false},{"ty":"fl","c":{"a":0,"k":[0.974431535309,0.967696784524,0.973507391238,1],"ix":4},"o":{"a":0,"k":100,"ix":5},"r":1,"bm":0,"nm":"Fill 1","mn":"ADBE Vector Graphic - Fill","hd":false},{"ty":"tr","p":{"a":0,"k":[260.195,209.737],"ix":2},"a":{"a":0,"k":[0,0],"ix":1},"s":{"a":0,"k":[100,100],"ix":3},"r":{"a":0,"k":0,"ix":6},"o":{"a":0,"k":100,"ix":7},"sk":{"a":0,"k":0,"ix":4},"sa":{"a":0,"k":0,"ix":5},"nm":"Transform"}],"nm":"Group 1","np":3,"cix":2,"bm":0,"ix":1,"mn":"ADBE Vector Group","hd":false},{"ty":"gr","it":[{"ty":"gr","it":[{"ind":0,"ty":"sh","ix":1,"ks":{"a":0,"k":{"i":[[6.231,-17.561],[-228.121,0],[6.244,17.574],[193.971,0]],"o":[[-6.245,17.574],[228.134,0],[-6.231,-17.561],[-193.958,0]],"v":[[-253.7,-80.587],[-0.006,148.157],[253.701,-80.587],[-0.006,-148.157]],"c":true},"ix":2},"nm":"Path 2","mn":"ADBE Vector Shape - Group","hd":false},{"ty":"tr","p":{"a":0,"k":[0,0],"ix":2},"a":{"a":0,"k":[0,0],"ix":1},"s":{"a":0,"k":[100,100],"ix":3},"r":{"a":0,"k":0,"ix":6},"o":{"a":0,"k":100,"ix":7},"sk":{"a":0,"k":0,"ix":4},"sa":{"a":0,"k":0,"ix":5},"nm":"Transform"}],"nm":"Group 1","np":1,"cix":2,"bm":0,"ix":1,"mn":"ADBE Vector Group","hd":false},{"ty":"mm","mm":4,"nm":"Merge Paths 1","mn":"ADBE Vector Filter - Merge","hd":false},{"ty":"gf","o":{"a":0,"k":100,"ix":10},"r":1,"bm":0,"g":{"p":3,"k":{"a":0,"k":[0,0.431,0.525,1,0.5,0.655,0.49,1,1,0.878,0.455,1],"ix":9}},"s":{"a":0,"k":[0,0],"ix":5},"e":{"a":0,"k":[100,0],"ix":6},"t":1,"nm":"Gradient Fill 1","mn":"ADBE Vector Graphic - G-Fill","hd":false},{"ty":"tr","p":{"a":0,"k":[260.195,148.407],"ix":2},"a":{"a":0,"k":[0,0],"ix":1},"s":{"a":0,"k":[100,100],"ix":3},"r":{"a":0,"k":0,"ix":6},"o":{"a":0,"k":100,"ix":7},"sk":{"a":0,"k":0,"ix":4},"sa":{"a":0,"k":0,"ix":5},"nm":"Transform"}],"nm":"Group 2","np":3,"cix":2,"bm":0,"ix":2,"mn":"ADBE Vector Group","hd":false}],"ip":43,"op":311,"st":43,"bm":0},{"ddd":0,"ind":6,"ty":4,"nm":"Layer 7 Outlines","sr":1,"ks":{"o":{"a":1,"k":[{"i":{"x":[0.833],"y":[0.833]},"o":{"x":[0.167],"y":[0.167]},"t":19,"s":[0]},{"t":29,"s":[100]}],"ix":11},"r":{"a":0,"k":0,"ix":10},"p":{"a":1,"k":[{"i":{"x":0.182,"y":1},"o":{"x":0.167,"y":0.167},"t":19,"s":[503.83,611.602,0],"to":[0,-22.333,0],"ti":[0,22.333,0]},{"t":43,"s":[503.83,477.602,0]}],"ix":2},"a":{"a":0,"k":[368.34,122.754,0],"ix":1},"s":{"a":1,"k":[{"i":{"x":[0.833,0.833,0.833],"y":[0.833,0.833,17.5]},"o":{"x":[0.333,0.333,0.333],"y":[0,0,0]},"t":311,"s":[100,100,100]},{"t":318,"s":[1,1,100]}],"ix":6}},"ao":0,"shapes":[{"ty":"gr","it":[{"ind":0,"ty":"sh","ix":1,"ks":{"a":0,"k":{"i":[[0,-26.888],[143.601,0],[0,26.888],[-143.602,0]],"o":[[0,26.888],[-143.602,0],[0,-26.888],[143.601,0]],"v":[[260.013,-8.027],[0,51.052],[-260.013,-8.027],[0,-51.052]],"c":true},"ix":2},"nm":"Path 1","mn":"ADBE Vector Shape - Group","hd":false},{"ty":"fl","c":{"a":0,"k":[0,0,0,1],"ix":4},"o":{"a":0,"k":100,"ix":5},"r":1,"bm":0,"nm":"Fill 1","mn":"ADBE Vector Graphic - Fill","hd":false},{"ty":"tr","p":{"a":0,"k":[363.139,180.646],"ix":2},"a":{"a":0,"k":[0,0],"ix":1},"s":{"a":0,"k":[100,100],"ix":3},"r":{"a":0,"k":0,"ix":6},"o":{"a":0,"k":100,"ix":7},"sk":{"a":0,"k":0,"ix":4},"sa":{"a":0,"k":0,"ix":5},"nm":"Transform"}],"nm":"Group 1","np":4,"cix":2,"bm":0,"ix":1,"mn":"ADBE Vector Group","hd":false},{"ty":"gr","it":[{"ind":0,"ty":"sh","ix":1,"ks":{"a":0,"k":{"i":[[0,-53.979],[39.682,-16.332],[95.685,-0.543],[1.725,0],[1.724,0.014],[64.745,22.93],[0,22.034],[-174.331,0]],"o":[[0,22.034],[-64.745,22.93],[-1.724,0.014],[-1.724,0],[-95.684,-0.543],[-39.682,-16.332],[0,-53.979],[174.332,0]],"v":[[315.645,-4.786],[252.449,53.904],[5.173,92.949],[0,92.963],[-5.172,92.949],[-252.448,53.904],[-315.645,-4.786],[0,-92.963]],"c":true},"ix":2},"nm":"Path 1","mn":"ADBE Vector Shape - Group","hd":false},{"ty":"fl","c":{"a":0,"k":[0.295719281365,0.271882390041,0.352870387657,1],"ix":4},"o":{"a":0,"k":100,"ix":5},"r":1,"bm":0,"nm":"Fill 1","mn":"ADBE Vector Graphic - Fill","hd":false},{"ty":"tr","p":{"a":0,"k":[368.339,152.296],"ix":2},"a":{"a":0,"k":[0,0],"ix":1},"s":{"a":0,"k":[100,100],"ix":3},"r":{"a":0,"k":0,"ix":6},"o":{"a":0,"k":100,"ix":7},"sk":{"a":0,"k":0,"ix":4},"sa":{"a":0,"k":0,"ix":5},"nm":"Transform"}],"nm":"Group 2","np":4,"cix":2,"bm":0,"ix":2,"mn":"ADBE Vector Group","hd":false},{"ty":"gr","it":[{"ind":0,"ty":"sh","ix":1,"ks":{"a":0,"k":{"i":[[0,-62.953],[71.193,-25.197],[0,22.035],[174.331,0],[0,-53.979],[-39.683,-16.332],[0,32.691],[-203.289,0]],"o":[[0,32.691],[39.683,-16.332],[0,-53.979],[-174.331,0],[0,22.035],[-71.193,-25.197],[0,-62.953],[203.289,0]],"v":[[368.089,11.01],[252.448,102.975],[315.645,44.285],[0,-43.892],[-315.645,44.285],[-252.449,102.975],[-368.089,11.01],[0,-102.975]],"c":true},"ix":2},"nm":"Path 1","mn":"ADBE Vector Shape - Group","hd":false},{"ty":"fl","c":{"a":0,"k":[0.176289741666,0.102649262372,0.24248416377,1],"ix":4},"o":{"a":0,"k":100,"ix":5},"r":1,"bm":0,"nm":"Fill 1","mn":"ADBE Vector Graphic - Fill","hd":false},{"ty":"tr","p":{"a":0,"k":[368.34,103.225],"ix":2},"a":{"a":0,"k":[0,0],"ix":1},"s":{"a":0,"k":[100,100],"ix":3},"r":{"a":0,"k":0,"ix":6},"o":{"a":0,"k":100,"ix":7},"sk":{"a":0,"k":0,"ix":4},"sa":{"a":0,"k":0,"ix":5},"nm":"Transform"}],"nm":"Group 3","np":4,"cix":2,"bm":0,"ix":3,"mn":"ADBE Vector Group","hd":false}],"ip":19,"op":321,"st":19,"bm":0},{"ddd":0,"ind":7,"ty":4,"nm":"Layer 1 Outlines","sr":1,"ks":{"o":{"a":1,"k":[{"i":{"x":[0.833],"y":[0.833]},"o":{"x":[0.167],"y":[0.167]},"t":0,"s":[0]},{"i":{"x":[0.833],"y":[0.833]},"o":{"x":[0.167],"y":[0.167]},"t":9,"s":[100]},{"i":{"x":[0.833],"y":[0.833]},"o":{"x":[0.167],"y":[0.167]},"t":320,"s":[100]},{"t":324,"s":[0]}],"ix":11},"r":{"a":0,"k":0,"ix":10},"p":{"a":1,"k":[{"i":{"x":0.338,"y":1},"o":{"x":0.167,"y":0.167},"t":0,"s":[504.275,267.807,0],"to":[0,-17.667,0],"ti":[0,17.667,0]},{"i":{"x":0.833,"y":0.833},"o":{"x":0.167,"y":0.167},"t":21,"s":[504.275,161.807,0],"to":[0,0,0],"ti":[0,0,0]},{"i":{"x":0.833,"y":0.833},"o":{"x":0.91,"y":0},"t":315,"s":[504.275,161.807,0],"to":[0,-25,0],"ti":[0,25,0]},{"t":324,"s":[504.275,11.807,0]}],"ix":2},"a":{"a":0,"k":[407.5,0,0],"ix":1},"s":{"a":0,"k":[100,100,100],"ix":6}},"ao":0,"shapes":[{"ty":"gr","it":[{"ind":0,"ty":"sh","ix":1,"ks":{"a":0,"k":{"i":[[0,-64.574],[208.533,0],[0,64.575],[-208.532,0]],"o":[[0,64.575],[-208.532,0],[0,-64.574],[208.533,0]],"v":[[377.582,0],[-0.001,116.923],[-377.582,0],[-0.001,-116.922]],"c":true},"ix":2},"nm":"Path 1","mn":"ADBE Vector Shape - Group","hd":false},{"ty":"fl","c":{"a":0,"k":[0.782558964748,0.757510854684,0.776287781958,1],"ix":4},"o":{"a":0,"k":100,"ix":5},"r":1,"bm":0,"nm":"Fill 1","mn":"ADBE Vector Graphic - Fill","hd":false},{"ty":"tr","p":{"a":0,"k":[407.055,291.549],"ix":2},"a":{"a":0,"k":[0,0],"ix":1},"s":{"a":0,"k":[100,100],"ix":3},"r":{"a":0,"k":0,"ix":6},"o":{"a":0,"k":100,"ix":7},"sk":{"a":0,"k":0,"ix":4},"sa":{"a":0,"k":0,"ix":5},"nm":"Transform"}],"nm":"Group 1","np":4,"cix":2,"bm":0,"ix":1,"mn":"ADBE Vector Group","hd":false},{"ty":"gr","it":[{"ind":0,"ty":"sh","ix":1,"ks":{"a":0,"k":{"i":[[0,0],[0,64.574],[-224.672,0],[0,-64.575],[0,0]],"o":[[0,0],[0,-64.575],[224.672,0],[0,64.574],[0,0]],"v":[[-377.581,145.649],[-406.805,-28.726],[0,-145.649],[406.805,-28.726],[377.582,145.649]],"c":false},"ix":2},"nm":"Path 1","mn":"ADBE Vector Shape - Group","hd":false},{"ty":"fl","c":{"a":0,"k":[0.938640100816,0.931820858226,0.937704527612,1],"ix":4},"o":{"a":0,"k":100,"ix":5},"r":1,"bm":0,"nm":"Fill 1","mn":"ADBE Vector Graphic - Fill","hd":false},{"ty":"tr","p":{"a":0,"k":[407.055,145.899],"ix":2},"a":{"a":0,"k":[0,0],"ix":1},"s":{"a":0,"k":[100,100],"ix":3},"r":{"a":0,"k":0,"ix":6},"o":{"a":0,"k":100,"ix":7},"sk":{"a":0,"k":0,"ix":4},"sa":{"a":0,"k":0,"ix":5},"nm":"Transform"}],"nm":"Group 2","np":4,"cix":2,"bm":0,"ix":2,"mn":"ADBE Vector Group","hd":false}],"ip":0,"op":420,"st":0,"bm":0},{"ddd":0,"ind":8,"ty":4,"nm":"Shape Layer 1","parent":3,"sr":1,"ks":{"o":{"a":0,"k":100,"ix":11},"r":{"a":0,"k":0,"ix":10},"p":{"a":0,"k":[112.934,236.804,0],"ix":2},"a":{"a":0,"k":[11,245,0],"ix":1},"s":{"a":0,"k":[120.336,120.336,100],"ix":6}},"ao":0,"shapes":[{"ty":"gr","it":[{"d":1,"ty":"el","s":{"a":0,"k":[310,310],"ix":2},"p":{"a":0,"k":[0,0],"ix":3},"nm":"Ellipse Path 1","mn":"ADBE Vector Shape - Ellipse","hd":false},{"ty":"gf","o":{"a":0,"k":100,"ix":10},"r":1,"bm":0,"g":{"p":3,"k":{"a":0,"k":[0,0.2,0.708,1,0.5,0.131,0.849,1,1,0.063,0.989,1,0.002,1,0.525,0.5,1,0],"ix":9}},"s":{"a":0,"k":[0,0],"ix":5},"e":{"a":0,"k":[153.471,0],"ix":6},"t":2,"h":{"a":0,"k":0,"ix":7},"a":{"a":0,"k":0,"ix":8},"nm":"Gradient Fill 1","mn":"ADBE Vector Graphic - G-Fill","hd":false},{"ty":"tr","p":{"a":0,"k":[11,189],"ix":2},"a":{"a":0,"k":[0,0],"ix":1},"s":{"a":0,"k":[134.653,134.653],"ix":3},"r":{"a":0,"k":0,"ix":6},"o":{"a":0,"k":100,"ix":7},"sk":{"a":0,"k":0,"ix":4},"sa":{"a":0,"k":0,"ix":5},"nm":"Transform"}],"nm":"Ellipse 1","np":3,"cix":2,"bm":0,"ix":1,"mn":"ADBE Vector Group","hd":false}],"ip":58,"op":299,"st":0,"bm":0}],"markers":[]}