{"v":"5.9.0","fr":60,"ip":0,"op":900,"w":1920,"h":1920,"nm":"Cyber Security","ddd":0,"assets":[{"id":"comp_0","nm":"Cybersecurity","fr":60,"layers":[{"ddd":0,"ind":1,"ty":0,"nm":"Circle_set_1","refId":"comp_1","sr":1,"ks":{"o":{"a":0,"k":100,"ix":11},"r":{"a":0,"k":240,"ix":10},"p":{"a":0,"k":[650,650,0],"ix":2,"l":2},"a":{"a":0,"k":[2000,600,0],"ix":1,"l":2},"s":{"a":0,"k":[106,106,100],"ix":6,"l":2}},"ao":0,"w":4000,"h":1200,"ip":0,"op":900,"st":0,"bm":0},{"ddd":0,"ind":2,"ty":0,"nm":"Circle_set_1","refId":"comp_1","sr":1,"ks":{"o":{"a":0,"k":100,"ix":11},"r":{"a":0,"k":120,"ix":10},"p":{"a":0,"k":[650,650,0],"ix":2,"l":2},"a":{"a":0,"k":[2000,600,0],"ix":1,"l":2},"s":{"a":0,"k":[106,106,100],"ix":6,"l":2}},"ao":0,"w":4000,"h":1200,"ip":0,"op":900,"st":0,"bm":0},{"ddd":0,"ind":3,"ty":0,"nm":"Circle_set_1","refId":"comp_1","sr":1,"ks":{"o":{"a":0,"k":100,"ix":11},"r":{"a":0,"k":0,"ix":10},"p":{"a":0,"k":[650,650,0],"ix":2,"l":2},"a":{"a":0,"k":[2000,600,0],"ix":1,"l":2},"s":{"a":0,"k":[106,106,100],"ix":6,"l":2}},"ao":0,"w":4000,"h":1200,"ip":0,"op":900,"st":0,"bm":0},{"ddd":0,"ind":4,"ty":4,"nm":"Cyber_icon","sr":1,"ks":{"o":{"a":0,"k":100,"ix":11},"r":{"a":0,"k":0,"ix":10},"p":{"a":0,"k":[650,630,0],"ix":2,"l":2},"a":{"a":0,"k":[259,330.001,0],"ix":1,"l":2},"s":{"a":0,"k":[77,77,100],"ix":6,"l":2}},"ao":0,"shapes":[{"ty":"gr","it":[{"ind":0,"ty":"sh","ix":1,"ks":{"a":0,"k":{"i":[[0,0],[0,0],[0,0],[0,21.073],[-29.919,0],[0,-29.92],[17.569,-8.958]],"o":[[0,0],[0,0],[-17.569,-8.958],[0,-29.92],[29.919,0],[0,21.073],[0,0]],"v":[[42.324,200.615],[-42.324,200.615],[-24.548,96.499],[-54.175,48.249],[0,-5.926],[54.175,48.249],[24.548,96.499]],"c":true},"ix":2},"nm":"Path 1","mn":"ADBE Vector Shape - Group","hd":false},{"ind":1,"ty":"sh","ix":2,"ks":{"a":0,"k":{"i":[[0,0],[-56.942,0],[0,-56.942],[0,0],[35.783,0],[32.859,-9.198]],"o":[[0,-56.942],[56.942,0],[0,0],[-32.858,-9.198],[-35.783,0],[0,0]],"v":[[-103.27,-129.512],[0,-232.782],[103.27,-129.512],[103.27,-95.048],[0,-109.196],[-103.27,-95.048]],"c":true},"ix":2},"nm":"Path 2","mn":"ADBE Vector Shape - Group","hd":false},{"ind":2,"ty":"sh","ix":3,"ks":{"a":0,"k":{"i":[[18.378,9.203],[0,0],[94.283,0],[0,-94.283],[0,0],[16.544,-11.929],[0,0],[-83.395,0],[-62.876,45.337],[0,0]],"o":[[0,0],[0,-94.283],[-94.283,0],[0,0],[-18.379,9.203],[0,0],[62.876,45.337],[83.395,0],[0,0],[-16.543,-11.929]],"v":[[170.989,-68.875],[170.989,-129.512],[0,-300.5],[-170.989,-129.512],[-170.989,-68.875],[-223.47,-37.144],[-223.47,228.447],[0,300.5],[223.47,228.447],[223.47,-37.144]],"c":true},"ix":2},"nm":"Path 3","mn":"ADBE Vector Shape - Group","hd":false},{"ty":"mm","mm":1,"nm":"Merge Paths 1","mn":"ADBE Vector Filter - Merge","hd":false},{"ty":"fl","c":{"a":0,"k":[1,1,1,1],"ix":4},"o":{"a":0,"k":100,"ix":5},"r":1,"bm":0,"nm":"Fill 1","mn":"ADBE Vector Graphic - Fill","hd":false},{"ty":"tr","p":{"a":0,"k":[259,330.001],"ix":2},"a":{"a":0,"k":[0,0],"ix":1},"s":{"a":0,"k":[100,100],"ix":3},"r":{"a":0,"k":0,"ix":6},"o":{"a":0,"k":100,"ix":7},"sk":{"a":0,"k":0,"ix":4},"sa":{"a":0,"k":0,"ix":5},"nm":"Transform"}],"nm":"Group 1","np":5,"cix":2,"bm":0,"ix":1,"mn":"ADBE Vector Group","hd":false}],"ip":0,"op":900,"st":0,"bm":0},{"ddd":0,"ind":5,"ty":4,"nm":"Badge_outline","td":1,"sr":1,"ks":{"o":{"a":0,"k":100,"ix":11},"r":{"a":0,"k":0,"ix":10},"p":{"a":0,"k":[650,650,0],"ix":2,"l":2},"a":{"a":0,"k":[350,404,0],"ix":1,"l":2},"s":{"a":0,"k":[120,120,100],"ix":6,"l":2}},"ao":0,"shapes":[{"ty":"gr","it":[{"ind":0,"ty":"sh","ix":1,"ks":{"a":0,"k":{"i":[[0,0],[0,0],[-90.513,-47.941],[-16.781,-12.041],[-23.819,12.582],[0,141.795],[0,0],[0,0]],"o":[[0,0],[0,140.576],[25.792,13.661],[15.962,-10.877],[92.309,-48.768],[0,0],[0,0],[0,0]],"v":[[-279.496,-255.778],[-279.496,63.414],[-65.021,317.588],[0.122,355.245],[60.764,320.765],[279.495,63.414],[279.495,-255.778],[0,-357.902]],"c":true},"ix":2},"nm":"Path 1","mn":"ADBE Vector Shape - Group","hd":false},{"ind":1,"ty":"sh","ix":2,"ks":{"a":0,"k":{"i":[[0,0],[0,0],[27.559,14.597],[43.944,41.731],[0,66.444],[0,0],[0,0],[0,0],[0,0],[53.299,-50.228],[45.734,-24.162],[15.587,-11.301]],"o":[[0,0],[-16.126,-12.404],[-45.112,-23.894],[-52.021,-49.401],[0,0],[0,0],[0,0],[0,0],[0,66.95],[-44.92,42.333],[-25.648,13.549],[0,0]],"v":[[-0.134,373.979],[-4.603,370.54],[-72.089,330.933],[-217.287,235.572],[-294.597,63.414],[-294.597,-266.338],[0,-373.979],[294.597,-266.338],[294.597,63.414],[215.389,237.553],[67.817,334.117],[4.432,370.669]],"c":true},"ix":2},"nm":"Path 2","mn":"ADBE Vector Shape - Group","hd":false},{"ty":"mm","mm":1,"nm":"Merge Paths 1","mn":"ADBE Vector Filter - Merge","hd":false},{"ty":"fl","c":{"a":0,"k":[0.666666666667,0.294117647059,0.286274509804,1],"ix":4},"o":{"a":0,"k":100,"ix":5},"r":1,"bm":0,"nm":"Fill 1","mn":"ADBE Vector Graphic - Fill","hd":false},{"ty":"tr","p":{"a":0,"k":[350,404.692],"ix":2},"a":{"a":0,"k":[0,0],"ix":1},"s":{"a":0,"k":[100,100],"ix":3},"r":{"a":0,"k":0,"ix":6},"o":{"a":0,"k":100,"ix":7},"sk":{"a":0,"k":0,"ix":4},"sa":{"a":0,"k":0,"ix":5},"nm":"Transform"}],"nm":"Group 1","np":4,"cix":2,"bm":0,"ix":1,"mn":"ADBE Vector Group","hd":false}],"ip":0,"op":900,"st":0,"bm":0},{"ddd":0,"ind":6,"ty":4,"nm":"Gradient 2","tt":1,"sr":1,"ks":{"o":{"a":0,"k":100,"ix":11},"r":{"a":1,"k":[{"i":{"x":[0.833],"y":[0.833]},"o":{"x":[0.167],"y":[0.167]},"t":0,"s":[0]},{"t":300,"s":[-360]}],"ix":10,"x":"var $bm_rt;\n$bm_rt = loopOut();"},"p":{"a":0,"k":[650,650,0],"ix":2,"l":2},"a":{"a":0,"k":[-15.959,30.041,0],"ix":1,"l":2},"s":{"a":0,"k":[100,100,100],"ix":6,"l":2}},"ao":0,"shapes":[{"ty":"gr","it":[{"d":1,"ty":"el","s":{"a":0,"k":[1128.083,1128.083],"ix":2},"p":{"a":0,"k":[0,0],"ix":3},"nm":"Ellipse Path 1","mn":"ADBE Vector Shape - Ellipse","hd":false},{"ty":"st","c":{"a":0,"k":[1,1,1,1],"ix":3},"o":{"a":0,"k":100,"ix":4},"w":{"a":0,"k":0,"ix":5},"lc":1,"lj":1,"ml":4,"bm":0,"nm":"Stroke 1","mn":"ADBE Vector Graphic - Stroke","hd":false},{"ty":"gf","o":{"a":0,"k":100,"ix":10},"r":1,"bm":0,"g":{"p":3,"k":{"a":0,"k":[0,0.305,0.086,0.828,0.663,0.153,0.377,0.914,1,0,0.669,1],"ix":9}},"s":{"a":0,"k":[-394.926,230.603],"ix":5},"e":{"a":0,"k":[394.267,-226.063],"ix":6},"t":1,"nm":"Gradient Fill 1","mn":"ADBE Vector Graphic - G-Fill","hd":false},{"ty":"tr","p":{"a":0,"k":[-15.959,30.041],"ix":2},"a":{"a":0,"k":[0,0],"ix":1},"s":{"a":0,"k":[100,100],"ix":3},"r":{"a":0,"k":0,"ix":6},"o":{"a":0,"k":100,"ix":7},"sk":{"a":0,"k":0,"ix":4},"sa":{"a":0,"k":0,"ix":5},"nm":"Transform"}],"nm":"Ellipse 1","np":3,"cix":2,"bm":0,"ix":1,"mn":"ADBE Vector Group","hd":false}],"ip":0,"op":1142,"st":0,"bm":0},{"ddd":0,"ind":7,"ty":4,"nm":"Badge","td":1,"sr":1,"ks":{"o":{"a":0,"k":100,"ix":11},"r":{"a":0,"k":0,"ix":10},"p":{"a":0,"k":[650,650,0],"ix":2,"l":2},"a":{"a":0,"k":[272,350,0],"ix":1,"l":2},"s":{"a":0,"k":[120,120,100],"ix":6,"l":2}},"ao":0,"shapes":[{"ty":"gr","it":[{"ind":0,"ty":"sh","ix":1,"ks":{"a":0,"k":{"i":[[12.781,-7.237],[17.127,9.072],[41.359,39.276],[0,53.727],[0,0],[0,0],[0,0],[0,0],[44.52,-41.957],[48.907,-25.838]],"o":[[-14.465,-8.408],[-48.149,-25.503],[-43.23,-41.053],[0,0],[0,0],[0,0],[0,0],[0,54.182],[-42.476,40.028],[-14.898,7.87]],"v":[[0.653,332.5],[-46.856,306.59],[-190.939,212.905],[-254.303,73.983],[-254.303,-239.58],[0,-332.5],[254.303,-239.58],[254.303,73.983],[189.047,214.898],[42.234,310.049]],"c":true},"ix":2},"nm":"Path 1","mn":"ADBE Vector Shape - Group","hd":false},{"ty":"fl","c":{"a":0,"k":[0.666666666667,0.294117647059,0.286274509804,1],"ix":4},"o":{"a":0,"k":100,"ix":5},"r":1,"bm":0,"nm":"Fill 1","mn":"ADBE Vector Graphic - Fill","hd":false},{"ty":"tr","p":{"a":0,"k":[272,350],"ix":2},"a":{"a":0,"k":[0,0],"ix":1},"s":{"a":0,"k":[100,100],"ix":3},"r":{"a":0,"k":0,"ix":6},"o":{"a":0,"k":100,"ix":7},"sk":{"a":0,"k":0,"ix":4},"sa":{"a":0,"k":0,"ix":5},"nm":"Transform"}],"nm":"Group 1","np":2,"cix":2,"bm":0,"ix":1,"mn":"ADBE Vector Group","hd":false}],"ip":0,"op":1366,"st":0,"bm":0},{"ddd":0,"ind":8,"ty":4,"nm":"Gradient","tt":1,"sr":1,"ks":{"o":{"a":0,"k":100,"ix":11},"r":{"a":1,"k":[{"i":{"x":[0.833],"y":[0.833]},"o":{"x":[0.167],"y":[0.167]},"t":-150,"s":[0]},{"t":150,"s":[360]}],"ix":10,"x":"var $bm_rt;\n$bm_rt = loopOut();"},"p":{"a":0,"k":[650,650,0],"ix":2,"l":2},"a":{"a":0,"k":[-15.959,30.041,0],"ix":1,"l":2},"s":{"a":0,"k":[100,100,100],"ix":6,"l":2}},"ao":0,"shapes":[{"ty":"gr","it":[{"d":1,"ty":"el","s":{"a":0,"k":[1128.083,1128.083],"ix":2},"p":{"a":0,"k":[0,0],"ix":3},"nm":"Ellipse Path 1","mn":"ADBE Vector Shape - Ellipse","hd":false},{"ty":"st","c":{"a":0,"k":[1,1,1,1],"ix":3},"o":{"a":0,"k":100,"ix":4},"w":{"a":0,"k":0,"ix":5},"lc":1,"lj":1,"ml":4,"bm":0,"nm":"Stroke 1","mn":"ADBE Vector Graphic - Stroke","hd":false},{"ty":"gf","o":{"a":0,"k":100,"ix":10},"r":1,"bm":0,"g":{"p":3,"k":{"a":0,"k":[0,0.361,0.176,0.8,0.663,0.361,0.475,0.888,1,0.361,0.773,0.976],"ix":9}},"s":{"a":0,"k":[-394.926,230.603],"ix":5},"e":{"a":0,"k":[394.267,-226.063],"ix":6},"t":1,"nm":"Gradient Fill 1","mn":"ADBE Vector Graphic - G-Fill","hd":false},{"ty":"tr","p":{"a":0,"k":[-15.959,30.041],"ix":2},"a":{"a":0,"k":[0,0],"ix":1},"s":{"a":0,"k":[100,100],"ix":3},"r":{"a":0,"k":0,"ix":6},"o":{"a":0,"k":100,"ix":7},"sk":{"a":0,"k":0,"ix":4},"sa":{"a":0,"k":0,"ix":5},"nm":"Transform"}],"nm":"Ellipse 1","np":3,"cix":2,"bm":0,"ix":1,"mn":"ADBE Vector Group","hd":false}],"ip":0,"op":1188,"st":-150,"bm":0}]},{"id":"comp_1","nm":"Circle_set_1","fr":60,"layers":[{"ddd":0,"ind":1,"ty":4,"nm":"Purple_sphere 3","parent":2,"sr":1,"ks":{"o":{"a":0,"k":100,"ix":11},"r":{"a":0,"k":0,"ix":10},"p":{"a":0,"k":[519,319.724,0],"ix":2,"l":2},"a":{"a":0,"k":[91.724,-494.276,0],"ix":1,"l":2},"s":{"a":0,"k":[110,110,100],"ix":6,"l":2}},"ao":0,"shapes":[{"ty":"gr","it":[{"d":1,"ty":"el","s":{"a":0,"k":[83.448,83.448],"ix":2},"p":{"a":0,"k":[0,0],"ix":3},"nm":"Ellipse Path 1","mn":"ADBE Vector Shape - Ellipse","hd":false},{"ty":"gs","o":{"a":0,"k":100,"ix":9},"w":{"a":0,"k":0,"ix":10},"g":{"p":3,"k":{"a":0,"k":[0,0.873,0.006,0.889,0.515,0.565,0.096,0.944,1,0.258,0.185,1],"ix":8}},"s":{"a":0,"k":[0,0],"ix":4},"e":{"a":0,"k":[100,0],"ix":5},"t":1,"lc":1,"lj":1,"ml":4,"ml2":{"a":0,"k":4,"ix":13},"bm":0,"nm":"Gradient Stroke 1","mn":"ADBE Vector Graphic - G-Stroke","hd":false},{"ty":"fl","c":{"a":0,"k":[0.360784313725,0.176470588235,0.8,1],"ix":4},"o":{"a":0,"k":100,"ix":5},"r":1,"bm":0,"nm":"Fill 1","mn":"ADBE Vector Graphic - Fill","hd":false},{"ty":"tr","p":{"a":0,"k":[91.724,-494.276],"ix":2},"a":{"a":0,"k":[0,0],"ix":1},"s":{"a":0,"k":[100,100],"ix":3},"r":{"a":0,"k":0,"ix":6},"o":{"a":0,"k":100,"ix":7},"sk":{"a":0,"k":0,"ix":4},"sa":{"a":0,"k":0,"ix":5},"nm":"Transform"}],"nm":"Ellipse 1","np":3,"cix":2,"bm":0,"ix":1,"mn":"ADBE Vector Group","hd":false},{"ty":"rp","c":{"a":0,"k":3,"ix":1},"o":{"a":0,"k":0,"ix":2},"m":1,"ix":2,"tr":{"ty":"tr","p":{"a":0,"k":[0,0],"ix":2},"a":{"a":0,"k":[0,0],"ix":1},"s":{"a":0,"k":[100,100],"ix":3},"r":{"a":0,"k":0,"ix":4},"so":{"a":0,"k":100,"ix":5},"eo":{"a":0,"k":100,"ix":6},"nm":"Transform"},"nm":"Repeater 1","mn":"ADBE Vector Filter - Repeater","hd":false}],"ip":0,"op":922,"st":0,"bm":0},{"ddd":0,"ind":2,"ty":3,"nm":"Rotating_null","sr":1,"ks":{"o":{"a":0,"k":0,"ix":11},"r":{"a":1,"k":[{"i":{"x":[0.833],"y":[0.833]},"o":{"x":[0.167],"y":[0.167]},"t":0,"s":[0]},{"t":360,"s":[360]}],"ix":10,"x":"var $bm_rt;\n$bm_rt = loopOut();"},"p":{"a":0,"k":[2000,600,0],"ix":2,"l":2},"a":{"a":0,"k":[50,50,0],"ix":1,"l":2},"s":{"a":0,"k":[100,100,100],"ix":6,"l":2}},"ao":0,"ip":0,"op":922,"st":0,"bm":0},{"ddd":0,"ind":3,"ty":4,"nm":"Purple_sphere 4","parent":2,"td":1,"sr":1,"ks":{"o":{"a":0,"k":100,"ix":11},"r":{"a":0,"k":0,"ix":10},"p":{"a":0,"k":[519,319.724,0],"ix":2,"l":2},"a":{"a":0,"k":[91.724,-494.276,0],"ix":1,"l":2},"s":{"a":0,"k":[201,201,100],"ix":6,"l":2}},"ao":0,"shapes":[{"ty":"gr","it":[{"d":1,"ty":"el","s":{"a":0,"k":[83.448,83.448],"ix":2},"p":{"a":0,"k":[0,0],"ix":3},"nm":"Ellipse Path 1","mn":"ADBE Vector Shape - Ellipse","hd":false},{"ty":"gs","o":{"a":0,"k":100,"ix":9},"w":{"a":0,"k":0,"ix":10},"g":{"p":3,"k":{"a":0,"k":[0,0.873,0.006,0.889,0.515,0.565,0.096,0.944,1,0.258,0.185,1],"ix":8}},"s":{"a":0,"k":[0,0],"ix":4},"e":{"a":0,"k":[100,0],"ix":5},"t":1,"lc":1,"lj":1,"ml":4,"ml2":{"a":0,"k":4,"ix":13},"bm":0,"nm":"Gradient Stroke 1","mn":"ADBE Vector Graphic - G-Stroke","hd":false},{"ty":"fl","c":{"a":0,"k":[0.360784313725,0.176470588235,0.8,1],"ix":4},"o":{"a":0,"k":100,"ix":5},"r":1,"bm":0,"nm":"Fill 1","mn":"ADBE Vector Graphic - Fill","hd":false},{"ty":"tr","p":{"a":0,"k":[91.724,-494.276],"ix":2},"a":{"a":0,"k":[0,0],"ix":1},"s":{"a":0,"k":[100,100],"ix":3},"r":{"a":0,"k":0,"ix":6},"o":{"a":0,"k":100,"ix":7},"sk":{"a":0,"k":0,"ix":4},"sa":{"a":0,"k":0,"ix":5},"nm":"Transform"}],"nm":"Ellipse 1","np":3,"cix":2,"bm":0,"ix":1,"mn":"ADBE Vector Group","hd":false},{"ty":"rp","c":{"a":0,"k":3,"ix":1},"o":{"a":0,"k":0,"ix":2},"m":1,"ix":2,"tr":{"ty":"tr","p":{"a":0,"k":[0,0],"ix":2},"a":{"a":0,"k":[0,0],"ix":1},"s":{"a":0,"k":[100,100],"ix":3},"r":{"a":0,"k":0,"ix":4},"so":{"a":0,"k":100,"ix":5},"eo":{"a":0,"k":100,"ix":6},"nm":"Transform"},"nm":"Repeater 1","mn":"ADBE Vector Filter - Repeater","hd":false}],"ip":0,"op":922,"st":0,"bm":0},{"ddd":0,"ind":4,"ty":4,"nm":"Gradient_circle","parent":2,"tt":2,"sr":1,"ks":{"o":{"a":0,"k":100,"ix":11},"r":{"a":0,"k":0,"ix":10},"p":{"a":0,"k":[50,50,0],"ix":2,"l":2},"a":{"a":0,"k":[59.433,15.433,0],"ix":1,"l":2},"s":{"a":0,"k":[95,95,100],"ix":6,"l":2}},"ao":0,"shapes":[{"ty":"gr","it":[{"ind":0,"ty":"sh","ix":1,"ks":{"a":0,"k":{"i":[[-314.489,0],[0,-314.489],[48.411,-83.731]],"o":[[314.489,0],[0,103.673],[-98.442,170.264]],"v":[[0,-569.433],[569.433,0],[493.317,284.607]],"c":false},"ix":2},"nm":"Path 1","mn":"ADBE Vector Shape - Group","hd":false},{"ty":"gs","o":{"a":0,"k":100,"ix":9},"w":{"a":0,"k":23,"ix":10},"g":{"p":5,"k":{"a":0,"k":[0,0.169,0,0.573,0.187,0.265,0.088,0.686,0.344,0.361,0.176,0.8,0.696,0.229,0.48,0.9,1,0.098,0.784,1,0,0,0.293,0.5,1,1],"ix":8}},"s":{"a":0,"k":[4.659,-574.99],"ix":4},"e":{"a":0,"k":[534.263,204.853],"ix":5},"t":1,"lc":1,"lj":1,"ml":4,"ml2":{"a":0,"k":4,"ix":13},"bm":0,"nm":"Gradient Stroke 1","mn":"ADBE Vector Graphic - G-Stroke","hd":false},{"ty":"tr","p":{"a":0,"k":[59.433,15.433],"ix":2},"a":{"a":0,"k":[0,0],"ix":1},"s":{"a":0,"k":[100,100],"ix":3},"r":{"a":0,"k":0,"ix":6},"o":{"a":0,"k":100,"ix":7},"sk":{"a":0,"k":0,"ix":4},"sa":{"a":0,"k":0,"ix":5},"nm":"Transform"}],"nm":"Ellipse 1","np":3,"cix":2,"bm":0,"ix":1,"mn":"ADBE Vector Group","hd":false}],"ip":0,"op":922,"st":0,"bm":0}]}],"layers":[{"ddd":0,"ind":1,"ty":0,"nm":"Cybersecurity","refId":"comp_0","sr":1,"ks":{"o":{"a":0,"k":100,"ix":11},"r":{"a":0,"k":0,"ix":10},"p":{"a":0,"k":[960,960,0],"ix":2,"l":2},"a":{"a":0,"k":[650,650,0],"ix":1,"l":2},"s":{"a":0,"k":[100,100,100],"ix":6,"l":2}},"ao":0,"w":1300,"h":1300,"ip":0,"op":1500,"st":0,"bm":0}],"markers":[]}