{"v":"5.6.1","fr":60,"ip":0,"op":577,"w":600,"h":600,"nm":"Comp 1","ddd":0,"assets":[{"id":"comp_0","layers":[{"ddd":0,"ind":1,"ty":0,"nm":"logo","refId":"comp_1","sr":1,"ks":{"o":{"a":0,"k":100,"ix":11},"r":{"a":0,"k":0,"ix":10},"p":{"a":0,"k":[380,300,0],"ix":2},"a":{"a":0,"k":[400,300,0],"ix":1},"s":{"a":0,"k":[100,100,100],"ix":6}},"ao":0,"w":800,"h":600,"ip":0,"op":900,"st":0,"bm":0}]},{"id":"comp_1","layers":[{"ddd":0,"ind":1,"ty":3,"nm":"rotation controller","sr":1,"ks":{"o":{"a":0,"k":0,"ix":11},"r":{"a":1,"k":[{"i":{"x":[0.833],"y":[0.833]},"o":{"x":[0.167],"y":[0.167]},"t":0,"s":[0]},{"t":598,"s":[360]}],"ix":10},"p":{"a":0,"k":[400,300,0],"ix":2},"a":{"a":0,"k":[0,0,0],"ix":1},"s":{"a":0,"k":[100,100,100],"ix":6}},"ao":0,"ip":0,"op":900,"st":0,"bm":0},{"ddd":0,"ind":2,"ty":0,"nm":"logo-salesloft","parent":4,"refId":"comp_2","sr":1,"ks":{"o":{"a":0,"k":100,"ix":11},"r":{"a":1,"k":[{"i":{"x":[0.833],"y":[0.833]},"o":{"x":[0.167],"y":[0.167]},"t":0,"s":[25]},{"t":598,"s":[-335]}],"ix":10},"p":{"a":0,"k":[235.25,-4.633,0],"ix":2},"a":{"a":0,"k":[400,300,0],"ix":1},"s":{"a":0,"k":[25,25,100],"ix":6}},"ao":0,"w":800,"h":600,"ip":0,"op":900,"st":0,"bm":0},{"ddd":0,"ind":3,"ty":4,"nm":"salesloft line","parent":4,"sr":1,"ks":{"o":{"a":0,"k":100,"ix":11},"r":{"a":0,"k":0,"ix":10},"p":{"a":0,"k":[235.25,-4.633,0],"ix":2},"a":{"a":0,"k":[235.25,-4.633,0],"ix":1},"s":{"a":0,"k":[120,120,100],"ix":6}},"ao":0,"shapes":[{"ty":"gr","it":[{"d":1,"ty":"el","s":{"a":0,"k":[128.875,128.875],"ix":2},"p":{"a":0,"k":[0,0],"ix":3},"nm":"Ellipse Path 1","mn":"ADBE Vector Shape - Ellipse","hd":false},{"ty":"st","c":{"a":0,"k":[0.274509803922,0.560784313725,0.772549019608,1],"ix":3},"o":{"a":0,"k":100,"ix":4},"w":{"a":0,"k":1,"ix":5},"lc":1,"lj":1,"ml":4,"bm":0,"nm":"Stroke 1","mn":"ADBE Vector Graphic - Stroke","hd":false},{"ty":"tr","p":{"a":0,"k":[235.25,-4.633],"ix":2},"a":{"a":0,"k":[0,0],"ix":1},"s":{"a":0,"k":[82.164,82.164],"ix":3},"r":{"a":0,"k":0,"ix":6},"o":{"a":0,"k":100,"ix":7},"sk":{"a":0,"k":0,"ix":4},"sa":{"a":0,"k":0,"ix":5},"nm":"Transform"}],"nm":"Ellipse 1","np":3,"cix":2,"bm":0,"ix":1,"mn":"ADBE Vector Group","hd":false},{"ty":"tm","s":{"a":0,"k":72,"ix":1},"e":{"a":0,"k":0,"ix":2},"o":{"a":0,"k":0,"ix":3},"m":1,"ix":2,"nm":"Trim Paths 1","mn":"ADBE Vector Filter - Trim","hd":false},{"ty":"st","c":{"a":0,"k":[0.274509803922,0.560784313725,0.772549019608,1],"ix":3},"o":{"a":0,"k":100,"ix":4},"w":{"a":0,"k":2,"ix":5},"lc":1,"lj":1,"ml":4,"bm":0,"nm":"Stroke 1","mn":"ADBE Vector Graphic - Stroke","hd":false}],"ip":0,"op":900,"st":0,"bm":0},{"ddd":0,"ind":4,"ty":4,"nm":"salesloft bg","parent":1,"sr":1,"ks":{"o":{"a":0,"k":100,"ix":11},"r":{"a":0,"k":326,"ix":10},"p":{"a":0,"k":[131.095,-188.686,0],"ix":2},"a":{"a":0,"k":[235.25,-4.633,0],"ix":1},"s":{"a":1,"k":[{"i":{"x":[0.667,0.667,0.667],"y":[1.034,1.034,1]},"o":{"x":[0.333,0.333,0.333],"y":[0,0,0]},"t":53,"s":[0,0,100]},{"i":{"x":[0.667,0.667,0.667],"y":[1.454,1.454,1]},"o":{"x":[0.333,0.333,0.333],"y":[0.252,0.252,0]},"t":74,"s":[69,69,100]},{"i":{"x":[0.667,0.667,0.667],"y":[1,1,1]},"o":{"x":[0.333,0.333,0.333],"y":[-0.659,-0.659,0]},"t":82.975,"s":[65,65,100]},{"i":{"x":[0.667,0.667,0.667],"y":[1,1,1]},"o":{"x":[0.333,0.333,0.333],"y":[0,0,0]},"t":96,"s":[61,61,100]},{"i":{"x":[0.667,0.667,0.667],"y":[1,1,1]},"o":{"x":[0.333,0.333,0.333],"y":[0,0,0]},"t":106,"s":[67,67,100]},{"i":{"x":[0.833,0.833,0.833],"y":[1,1,1]},"o":{"x":[0.167,0.167,0.167],"y":[0,0,0]},"t":117,"s":[60,60,100]},{"i":{"x":[0.833,0.833,0.833],"y":[1,1,1]},"o":{"x":[0.167,0.167,0.167],"y":[0,0,0]},"t":476,"s":[60,60,100]},{"t":489,"s":[0,0,100]}],"ix":6}},"ao":0,"shapes":[{"ty":"gr","it":[{"d":1,"ty":"el","s":{"a":0,"k":[128.875,128.875],"ix":2},"p":{"a":0,"k":[0,0],"ix":3},"nm":"Ellipse Path 1","mn":"ADBE Vector Shape - Ellipse","hd":false},{"ty":"fl","c":{"a":0,"k":[0.274509803922,0.560784313725,0.772549019608,1],"ix":4},"o":{"a":0,"k":0,"ix":5},"r":1,"bm":0,"nm":"Fill 1","mn":"ADBE Vector Graphic - Fill","hd":false},{"ty":"tr","p":{"a":0,"k":[235.25,-4.633],"ix":2},"a":{"a":0,"k":[0,0],"ix":1},"s":{"a":0,"k":[82.164,82.164],"ix":3},"r":{"a":0,"k":0,"ix":6},"o":{"a":0,"k":100,"ix":7},"sk":{"a":0,"k":0,"ix":4},"sa":{"a":0,"k":0,"ix":5},"nm":"Transform"}],"nm":"Ellipse 1","np":3,"cix":2,"bm":0,"ix":1,"mn":"ADBE Vector Group","hd":false},{"ty":"fl","c":{"a":0,"k":[0.274509803922,0.560784313725,0.772549019608,1],"ix":4},"o":{"a":0,"k":100,"ix":5},"r":1,"bm":0,"nm":"Fill 1","mn":"ADBE Vector Graphic - Fill","hd":false}],"ip":0,"op":900,"st":0,"bm":0},{"ddd":0,"ind":5,"ty":4,"nm":"logo-sheet","parent":7,"sr":1,"ks":{"o":{"a":0,"k":100,"ix":11},"r":{"a":1,"k":[{"i":{"x":[0.833],"y":[0.833]},"o":{"x":[0.167],"y":[0.167]},"t":0,"s":[120]},{"t":598,"s":[-240]}],"ix":10},"p":{"a":0,"k":[236.991,-5.027,0],"ix":2},"a":{"a":0,"k":[113,111.5,0],"ix":1},"s":{"a":0,"k":[25,25,100],"ix":6}},"ao":0,"shapes":[{"ty":"gr","it":[{"ind":0,"ty":"sh","ix":1,"ks":{"a":0,"k":{"i":[[0.536,0.535],[0,3.079],[0,0],[0,0],[0,0],[0,0],[0,0],[0,0]],"o":[[-0.535,-0.535],[0,0],[0,0],[0,0],[0,0],[0,0],[0,0],[-8.298,0]],"v":[[3.894,12.168],[2.921,5.597],[2.921,0],[18.983,0],[35.045,0],[35.045,6.57],[35.045,13.142],[19.956,13.142]],"c":true},"ix":2},"nm":"Path 1","mn":"ADBE Vector Shape - Group","hd":false},{"ind":1,"ty":"sh","ix":2,"ks":{"a":0,"k":{"i":[[0,0],[0,0],[0,0],[0,0],[0,0],[0,0],[0,0],[0,0]],"o":[[0,0],[0,0],[0,0],[0,0],[0,0],[0,0],[0,0],[0,0]],"v":[[-35.045,6.62],[-35.045,0],[-18.898,0],[-2.752,0],[-3.201,6.205],[-3.65,12.411],[-19.348,12.826],[-35.045,13.24]],"c":true},"ix":2},"nm":"Path 2","mn":"ADBE Vector Shape - Group","hd":false},{"ind":2,"ty":"sh","ix":3,"ks":{"a":0,"k":{"i":[[0.608,1.583],[-0.258,2.686],[0,0],[0,0],[0,0],[0,0],[0,0],[0,0]],"o":[[-0.432,-1.128],[0,0],[0,0],[0,0],[0,0],[0,0],[0,0],[-11.859,0]],"v":[[3.502,32.993],[3.183,26.058],[3.651,21.173],[19.348,20.758],[35.046,20.344],[35.046,27.694],[35.046,35.045],[19.667,35.045]],"c":true},"ix":2},"nm":"Path 3","mn":"ADBE Vector Shape - Group","hd":false},{"ind":3,"ty":"sh","ix":4,"ks":{"a":0,"k":{"i":[[0,0],[0,0],[0,0],[0,0],[0,0],[0,0],[0,0],[0,0]],"o":[[0,0],[0,0],[0,0],[0,0],[0,0],[0,0],[0,0],[0,0]],"v":[[-35.045,27.744],[-35.045,20.344],[-19.348,20.758],[-3.65,21.173],[-3.65,27.744],[-3.65,34.314],[-19.348,34.73],[-35.045,35.144]],"c":true},"ix":2},"nm":"Path 4","mn":"ADBE Vector Shape - Group","hd":false},{"ind":4,"ty":"sh","ix":5,"ks":{"a":0,"k":{"i":[[0.608,1.583],[-0.258,2.686],[0,0],[0,0],[0,0],[0,0],[0,0],[0,0]],"o":[[-0.432,-1.128],[0,0],[0,0],[0,0],[0,0],[0,0],[0,0],[-11.859,0]],"v":[[3.502,54.897],[3.183,47.961],[3.651,43.076],[19.348,42.662],[35.046,42.247],[35.046,49.598],[35.046,56.948],[19.667,56.948]],"c":true},"ix":2},"nm":"Path 5","mn":"ADBE Vector Shape - Group","hd":false},{"ind":5,"ty":"sh","ix":6,"ks":{"a":0,"k":{"i":[[0,0],[0,0],[0,0],[0,0],[0,0],[0,0],[0,0],[0,0]],"o":[[0,0],[0,0],[0,0],[0,0],[0,0],[0,0],[0,0],[0,0]],"v":[[-35.045,49.647],[-35.045,42.247],[-19.348,42.662],[-3.65,43.076],[-3.65,49.647],[-3.65,56.218],[-19.348,56.633],[-35.045,57.047]],"c":true},"ix":2},"nm":"Path 6","mn":"ADBE Vector Shape - Group","hd":false},{"ind":6,"ty":"sh","ix":7,"ks":{"a":0,"k":{"i":[[0,0],[0,0],[0,0],[0,0],[0,0],[0,0],[0,0],[0,0]],"o":[[0,0],[0,0],[0,0],[0,0],[0,0],[0,0],[0,0],[0,0]],"v":[[42.347,28.474],[42.347,-7.302],[0,-7.302],[-42.346,-7.302],[-42.346,28.474],[-42.346,64.249],[0,64.249],[42.347,64.249]],"c":true},"ix":2},"nm":"Path 7","mn":"ADBE Vector Shape - Group","hd":false},{"ind":7,"ty":"sh","ix":8,"ks":{"a":0,"k":{"i":[[0,0],[0,0],[0,0],[0,0],[0,0],[0,0],[0,0],[0,0],[0,0],[0,0],[0,0],[0,0],[0,0],[0,0],[0,0],[0,0]],"o":[[0,0],[0,0],[0,0],[0,0],[0,0],[0,0],[0,0],[0,0],[0,0],[0,0],[0,0],[0,0],[0,0],[0,0],[0,0],[0,0]],"v":[[-73.807,100.091],[-77.392,96.507],[-77.392,0.684],[-77.392,-95.14],[-73.123,-99.408],[-68.855,-103.676],[-21.635,-103.676],[25.584,-103.676],[51.489,-77.743],[77.392,-51.809],[77.392,22.349],[77.392,96.507],[73.808,100.091],[70.224,103.676],[0,103.676],[-70.223,103.676]],"c":true},"ix":2},"nm":"Path 8","mn":"ADBE Vector Shape - Group","hd":false},{"ty":"mm","mm":1,"nm":"Merge Paths 1","mn":"ADBE Vector Filter - Merge","hd":false},{"ty":"fl","c":{"a":0,"k":[1,1,1,1],"ix":4},"o":{"a":0,"k":100,"ix":5},"r":1,"bm":0,"nm":"Fill 1","mn":"ADBE Vector Graphic - Fill","hd":false},{"ty":"tr","p":{"a":0,"k":[113.396,111.752],"ix":2},"a":{"a":0,"k":[0,0],"ix":1},"s":{"a":0,"k":[100,100],"ix":3},"r":{"a":0,"k":0,"ix":6},"o":{"a":0,"k":100,"ix":7},"sk":{"a":0,"k":0,"ix":4},"sa":{"a":0,"k":0,"ix":5},"nm":"Transform"}],"nm":"Group 1","np":10,"cix":2,"bm":0,"ix":1,"mn":"ADBE Vector Group","hd":false}],"ip":0,"op":900,"st":0,"bm":0},{"ddd":0,"ind":6,"ty":4,"nm":"sheet outline","parent":7,"sr":1,"ks":{"o":{"a":0,"k":100,"ix":11},"r":{"a":0,"k":360,"ix":10},"p":{"a":0,"k":[235.25,-4.633,0],"ix":2},"a":{"a":0,"k":[235.25,-4.633,0],"ix":1},"s":{"a":0,"k":[120,120,100],"ix":6}},"ao":0,"shapes":[{"ty":"gr","it":[{"d":1,"ty":"el","s":{"a":0,"k":[128.875,128.875],"ix":2},"p":{"a":0,"k":[0,0],"ix":3},"nm":"Ellipse Path 1","mn":"ADBE Vector Shape - Ellipse","hd":false},{"ty":"tm","s":{"a":0,"k":0,"ix":1},"e":{"a":0,"k":91,"ix":2},"o":{"a":0,"k":0,"ix":3},"m":1,"ix":2,"nm":"Trim Paths 1","mn":"ADBE Vector Filter - Trim","hd":false},{"ty":"st","c":{"a":0,"k":[0.309803921569,0.635294117647,0.419607843137,1],"ix":3},"o":{"a":0,"k":100,"ix":4},"w":{"a":0,"k":2,"ix":5},"lc":1,"lj":1,"ml":4,"bm":0,"nm":"Stroke 1","mn":"ADBE Vector Graphic - Stroke","hd":false},{"ty":"tr","p":{"a":0,"k":[235.25,-4.633],"ix":2},"a":{"a":0,"k":[0,0],"ix":1},"s":{"a":0,"k":[82.164,82.164],"ix":3},"r":{"a":0,"k":0,"ix":6},"o":{"a":0,"k":100,"ix":7},"sk":{"a":0,"k":0,"ix":4},"sa":{"a":0,"k":0,"ix":5},"nm":"Transform"}],"nm":"Ellipse 1","np":4,"cix":2,"bm":0,"ix":1,"mn":"ADBE Vector Group","hd":false}],"ip":0,"op":900,"st":0,"bm":0},{"ddd":0,"ind":7,"ty":4,"nm":"sheet bg","parent":1,"sr":1,"ks":{"o":{"a":0,"k":100,"ix":11},"r":{"a":0,"k":240,"ix":10},"p":{"a":0,"k":[-144.628,-179.838,0],"ix":2},"a":{"a":0,"k":[235.25,-4.633,0],"ix":1},"s":{"a":1,"k":[{"i":{"x":[0.667,0.667,0.667],"y":[1.034,1.034,1]},"o":{"x":[0.333,0.333,0.333],"y":[0,0,0]},"t":41,"s":[0,0,100]},{"i":{"x":[0.667,0.667,0.667],"y":[1.454,1.454,1]},"o":{"x":[0.333,0.333,0.333],"y":[0.252,0.252,0]},"t":62,"s":[69,69,100]},{"i":{"x":[0.667,0.667,0.667],"y":[1,1,1]},"o":{"x":[0.333,0.333,0.333],"y":[-0.659,-0.659,0]},"t":70.975,"s":[65,65,100]},{"i":{"x":[0.667,0.667,0.667],"y":[1,1,1]},"o":{"x":[0.333,0.333,0.333],"y":[0,0,0]},"t":84,"s":[61,61,100]},{"i":{"x":[0.667,0.667,0.667],"y":[1,1,1]},"o":{"x":[0.333,0.333,0.333],"y":[0,0,0]},"t":94,"s":[67,67,100]},{"i":{"x":[0.833,0.833,0.833],"y":[1,1,1]},"o":{"x":[0.167,0.167,0.167],"y":[0,0,0]},"t":105,"s":[60,60,100]},{"i":{"x":[0.833,0.833,0.833],"y":[1,1,1]},"o":{"x":[0.167,0.167,0.167],"y":[0,0,0]},"t":490,"s":[60,60,100]},{"t":502,"s":[0,0,100]}],"ix":6}},"ao":0,"shapes":[{"ty":"gr","it":[{"d":1,"ty":"el","s":{"a":0,"k":[128.875,128.875],"ix":2},"p":{"a":0,"k":[0,0],"ix":3},"nm":"Ellipse Path 1","mn":"ADBE Vector Shape - Ellipse","hd":false},{"ty":"fl","c":{"a":0,"k":[0.309803921569,0.635294117647,0.419607843137,1],"ix":4},"o":{"a":0,"k":0,"ix":5},"r":1,"bm":0,"nm":"Fill 1","mn":"ADBE Vector Graphic - Fill","hd":false},{"ty":"tr","p":{"a":0,"k":[235.25,-4.633],"ix":2},"a":{"a":0,"k":[0,0],"ix":1},"s":{"a":0,"k":[82.164,82.164],"ix":3},"r":{"a":0,"k":0,"ix":6},"o":{"a":0,"k":100,"ix":7},"sk":{"a":0,"k":0,"ix":4},"sa":{"a":0,"k":0,"ix":5},"nm":"Transform"}],"nm":"Ellipse 1","np":3,"cix":2,"bm":0,"ix":1,"mn":"ADBE Vector Group","hd":false},{"ty":"fl","c":{"a":0,"k":[0.309803921569,0.635294117647,0.419607843137,1],"ix":4},"o":{"a":0,"k":100,"ix":5},"r":1,"bm":0,"nm":"Fill 1","mn":"ADBE Vector Graphic - Fill","hd":false}],"ip":0,"op":900,"st":0,"bm":0},{"ddd":0,"ind":8,"ty":0,"nm":"salesforce logo","parent":10,"refId":"comp_3","sr":1,"ks":{"o":{"a":0,"k":100,"ix":11},"r":{"a":1,"k":[{"i":{"x":[0.833],"y":[0.833]},"o":{"x":[0.167],"y":[0.167]},"t":0,"s":[0]},{"t":598,"s":[-360]}],"ix":10},"p":{"a":0,"k":[235.308,-4.668,0],"ix":2},"a":{"a":0,"k":[400,300,0],"ix":1},"s":{"a":0,"k":[28,28,100],"ix":6}},"ao":0,"w":800,"h":600,"ip":0,"op":900,"st":0,"bm":0},{"ddd":0,"ind":9,"ty":4,"nm":"salesforce line","parent":10,"sr":1,"ks":{"o":{"a":0,"k":100,"ix":11},"r":{"a":0,"k":159,"ix":10},"p":{"a":0,"k":[235.25,-4.633,0],"ix":2},"a":{"a":0,"k":[235.721,-4.412,0],"ix":1},"s":{"a":0,"k":[120,120,100],"ix":6}},"ao":0,"shapes":[{"ty":"gr","it":[{"d":1,"ty":"el","s":{"a":0,"k":[128.875,128.875],"ix":2},"p":{"a":0,"k":[0,0],"ix":3},"nm":"Ellipse Path 1","mn":"ADBE Vector Shape - Ellipse","hd":false},{"ty":"st","c":{"a":0,"k":[0.250980392157,0.611764705882,0.839215746113,1],"ix":3},"o":{"a":0,"k":100,"ix":4},"w":{"a":0,"k":1,"ix":5},"lc":1,"lj":1,"ml":4,"bm":0,"nm":"Stroke 1","mn":"ADBE Vector Graphic - Stroke","hd":false},{"ty":"tr","p":{"a":0,"k":[235.25,-4.633],"ix":2},"a":{"a":0,"k":[0,0],"ix":1},"s":{"a":0,"k":[82.164,82.164],"ix":3},"r":{"a":0,"k":0,"ix":6},"o":{"a":0,"k":100,"ix":7},"sk":{"a":0,"k":0,"ix":4},"sa":{"a":0,"k":0,"ix":5},"nm":"Transform"}],"nm":"Ellipse 1","np":3,"cix":2,"bm":0,"ix":1,"mn":"ADBE Vector Group","hd":false},{"ty":"tm","s":{"a":0,"k":97,"ix":1},"e":{"a":0,"k":23,"ix":2},"o":{"a":0,"k":0,"ix":3},"m":1,"ix":2,"nm":"Trim Paths 1","mn":"ADBE Vector Filter - Trim","hd":false},{"ty":"st","c":{"a":0,"k":[0.250980392157,0.611764705882,0.839215746113,1],"ix":3},"o":{"a":0,"k":100,"ix":4},"w":{"a":0,"k":2,"ix":5},"lc":1,"lj":1,"ml":4,"bm":0,"nm":"Stroke 1","mn":"ADBE Vector Graphic - Stroke","hd":false}],"ip":0,"op":900,"st":0,"bm":0},{"ddd":0,"ind":10,"ty":4,"nm":"salesforce bg","parent":1,"sr":1,"ks":{"o":{"a":0,"k":100,"ix":11},"r":{"a":0,"k":0,"ix":10},"p":{"a":0,"k":[-209.244,95.686,0],"ix":2},"a":{"a":0,"k":[235.25,-4.633,0],"ix":1},"s":{"a":1,"k":[{"i":{"x":[0.667,0.667,0.667],"y":[1.034,1.034,1]},"o":{"x":[0.333,0.333,0.333],"y":[0,0,0]},"t":26,"s":[0,0,100]},{"i":{"x":[0.667,0.667,0.667],"y":[1.454,1.454,1]},"o":{"x":[0.333,0.333,0.333],"y":[0.252,0.252,0]},"t":47,"s":[69,69,100]},{"i":{"x":[0.667,0.667,0.667],"y":[1,1,1]},"o":{"x":[0.333,0.333,0.333],"y":[-0.659,-0.659,0]},"t":55.975,"s":[65,65,100]},{"i":{"x":[0.667,0.667,0.667],"y":[1,1,1]},"o":{"x":[0.333,0.333,0.333],"y":[0,0,0]},"t":69,"s":[61,61,100]},{"i":{"x":[0.667,0.667,0.667],"y":[1,1,1]},"o":{"x":[0.333,0.333,0.333],"y":[0,0,0]},"t":79,"s":[67,67,100]},{"i":{"x":[0.833,0.833,0.833],"y":[1,1,1]},"o":{"x":[0.167,0.167,0.167],"y":[0,0,0]},"t":90,"s":[60,60,100]},{"i":{"x":[0.833,0.833,0.833],"y":[1,1,1]},"o":{"x":[0.167,0.167,0.167],"y":[0,0,0]},"t":498,"s":[60,60,100]},{"t":511,"s":[0,0,100]}],"ix":6}},"ao":0,"shapes":[{"ty":"gr","it":[{"d":1,"ty":"el","s":{"a":0,"k":[128.875,128.875],"ix":2},"p":{"a":0,"k":[0,0],"ix":3},"nm":"Ellipse Path 1","mn":"ADBE Vector Shape - Ellipse","hd":false},{"ty":"fl","c":{"a":0,"k":[0.250980392157,0.611764705882,0.839215686275,1],"ix":4},"o":{"a":0,"k":0,"ix":5},"r":1,"bm":0,"nm":"Fill 1","mn":"ADBE Vector Graphic - Fill","hd":false},{"ty":"tr","p":{"a":0,"k":[235.25,-4.633],"ix":2},"a":{"a":0,"k":[0,0],"ix":1},"s":{"a":0,"k":[82.164,82.164],"ix":3},"r":{"a":0,"k":0,"ix":6},"o":{"a":0,"k":100,"ix":7},"sk":{"a":0,"k":0,"ix":4},"sa":{"a":0,"k":0,"ix":5},"nm":"Transform"}],"nm":"Ellipse 1","np":3,"cix":2,"bm":0,"ix":1,"mn":"ADBE Vector Group","hd":false},{"ty":"fl","c":{"a":0,"k":[0.250980392157,0.611764705882,0.839215686275,1],"ix":4},"o":{"a":0,"k":100,"ix":5},"r":1,"bm":0,"nm":"Fill 1","mn":"ADBE Vector Graphic - Fill","hd":false}],"ip":0,"op":900,"st":0,"bm":0},{"ddd":0,"ind":11,"ty":4,"nm":"logo-outreach","parent":13,"sr":1,"ks":{"o":{"a":0,"k":100,"ix":11},"r":{"a":1,"k":[{"i":{"x":[0.833],"y":[0.833]},"o":{"x":[0.167],"y":[0.167]},"t":0,"s":[36.197]},{"t":598,"s":[-323.803]}],"ix":10},"p":{"a":0,"k":[238.068,-2.66,0],"ix":2},"a":{"a":0,"k":[113,111.5,0],"ix":1},"s":{"a":0,"k":[27,27,100],"ix":6}},"ao":0,"shapes":[{"ty":"gr","it":[{"ind":0,"ty":"sh","ix":1,"ks":{"a":0,"k":{"i":[[10.01,-10.06],[9.373,0],[5.924,5.955],[0,11.082],[-5.059,5.077],[-14.404,0],[-9.441,-9.479],[0,-4.938]],"o":[[-10.012,10.053],[-9.378,0],[-6.412,-6.428],[0,-11.089],[6.446,-6.479],[11.376,0],[6.156,6.176],[0,6.817]],"v":[[25.996,16.756],[-3.07,30.579],[-27.682,20.223],[-39.98,-7.997],[-30.551,-31.968],[-0.021,-43.018],[31.251,-30.863],[38.702,-12.5]],"c":true},"ix":2},"nm":"Path 1","mn":"ADBE Vector Shape - Group","hd":false},{"ind":1,"ty":"sh","ix":2,"ks":{"a":0,"k":{"i":[[5.285,5.308],[29.647,0],[13.215,-13.27],[0,-19.701],[-21.971,-22.064],[-25.941,0],[-12.401,12.453],[0,27.075]],"o":[[-20.851,-20.936],[-30.238,0],[-14.272,14.322],[0,31.226],[5.735,5.764],[26.537,0],[23.99,-24.096],[0,-15.228]],"v":[[84.597,-61.152],[-10.701,-91.219],[-76.926,-70.267],[-96.794,-19.011],[-59.083,67.767],[-7.592,91.219],[51.078,62.493],[96.794,-30.216]],"c":true},"ix":2},"nm":"Path 2","mn":"ADBE Vector Shape - Group","hd":false},{"ty":"mm","mm":1,"nm":"Merge Paths 1","mn":"ADBE Vector Filter - Merge","hd":false},{"ty":"fl","c":{"a":0,"k":[1,1,1,1],"ix":4},"o":{"a":0,"k":100,"ix":5},"r":1,"bm":0,"nm":"Fill 1","mn":"ADBE Vector Graphic - Fill","hd":false},{"ty":"tr","p":{"a":0,"k":[112.71,111.435],"ix":2},"a":{"a":0,"k":[0,0],"ix":1},"s":{"a":0,"k":[100,100],"ix":3},"r":{"a":0,"k":0,"ix":6},"o":{"a":0,"k":100,"ix":7},"sk":{"a":0,"k":0,"ix":4},"sa":{"a":0,"k":0,"ix":5},"nm":"Transform"}],"nm":"Group 1","np":4,"cix":2,"bm":0,"ix":1,"mn":"ADBE Vector Group","hd":false}],"ip":0,"op":900,"st":0,"bm":0},{"ddd":0,"ind":12,"ty":4,"nm":"outreach line","parent":13,"sr":1,"ks":{"o":{"a":0,"k":100,"ix":11},"r":{"a":0,"k":0,"ix":10},"p":{"a":0,"k":[-47.05,0.927,0],"ix":2},"a":{"a":0,"k":[0,0,0],"ix":1},"s":{"a":0,"k":[120,120,100],"ix":6}},"ao":0,"shapes":[{"ty":"gr","it":[{"d":1,"ty":"el","s":{"a":0,"k":[128.875,128.875],"ix":2},"p":{"a":0,"k":[0,0],"ix":3},"nm":"Ellipse Path 1","mn":"ADBE Vector Shape - Ellipse","hd":false},{"ty":"tr","p":{"a":0,"k":[235.25,-4.633],"ix":2},"a":{"a":0,"k":[0,0],"ix":1},"s":{"a":0,"k":[82.164,82.164],"ix":3},"r":{"a":0,"k":0,"ix":6},"o":{"a":0,"k":100,"ix":7},"sk":{"a":0,"k":0,"ix":4},"sa":{"a":0,"k":0,"ix":5},"nm":"Transform"}],"nm":"Ellipse 1","np":3,"cix":2,"bm":0,"ix":1,"mn":"ADBE Vector Group","hd":false},{"ty":"tm","s":{"a":0,"k":84,"ix":1},"e":{"a":0,"k":0,"ix":2},"o":{"a":0,"k":0,"ix":3},"m":1,"ix":2,"nm":"Trim Paths 1","mn":"ADBE Vector Filter - Trim","hd":false},{"ty":"st","c":{"a":0,"k":[0.337254911661,0.317647069693,0.960784375668,1],"ix":3},"o":{"a":0,"k":100,"ix":4},"w":{"a":0,"k":2,"ix":5},"lc":1,"lj":1,"ml":4,"bm":0,"nm":"Stroke 1","mn":"ADBE Vector Graphic - Stroke","hd":false}],"ip":0,"op":900,"st":0,"bm":0},{"ddd":0,"ind":13,"ty":4,"nm":"outreach bg","parent":1,"sr":1,"ks":{"o":{"a":0,"k":100,"ix":11},"r":{"a":0,"k":83,"ix":10},"p":{"a":0,"k":[24.273,225.964,0],"ix":2},"a":{"a":0,"k":[235.25,-4.633,0],"ix":1},"s":{"a":1,"k":[{"i":{"x":[0.667,0.667,0.667],"y":[1.034,1.034,1]},"o":{"x":[0.333,0.333,0.333],"y":[0,0,0]},"t":16,"s":[0,0,100]},{"i":{"x":[0.667,0.667,0.667],"y":[1.454,1.454,1]},"o":{"x":[0.333,0.333,0.333],"y":[0.252,0.252,0]},"t":37,"s":[69,69,100]},{"i":{"x":[0.667,0.667,0.667],"y":[1,1,1]},"o":{"x":[0.333,0.333,0.333],"y":[-0.659,-0.659,0]},"t":45.975,"s":[65,65,100]},{"i":{"x":[0.667,0.667,0.667],"y":[1,1,1]},"o":{"x":[0.333,0.333,0.333],"y":[0,0,0]},"t":59,"s":[61,61,100]},{"i":{"x":[0.667,0.667,0.667],"y":[1,1,1]},"o":{"x":[0.333,0.333,0.333],"y":[0,0,0]},"t":69,"s":[67,67,100]},{"i":{"x":[0.833,0.833,0.833],"y":[1,1,1]},"o":{"x":[0.167,0.167,0.167],"y":[0,0,0]},"t":80,"s":[60,60,100]},{"i":{"x":[0.833,0.833,0.833],"y":[1,1,1]},"o":{"x":[0.167,0.167,0.167],"y":[0,0,0]},"t":457,"s":[60,60,100]},{"t":470,"s":[0,0,100]}],"ix":6}},"ao":0,"shapes":[{"ty":"gr","it":[{"d":1,"ty":"el","s":{"a":0,"k":[128.875,128.875],"ix":2},"p":{"a":0,"k":[0,0],"ix":3},"nm":"Ellipse Path 1","mn":"ADBE Vector Shape - Ellipse","hd":false},{"ty":"fl","c":{"a":0,"k":[0.337254901961,0.317647058824,0.960784313725,1],"ix":4},"o":{"a":0,"k":0,"ix":5},"r":1,"bm":0,"nm":"Fill 1","mn":"ADBE Vector Graphic - Fill","hd":false},{"ty":"tr","p":{"a":0,"k":[235.25,-4.633],"ix":2},"a":{"a":0,"k":[0,0],"ix":1},"s":{"a":0,"k":[82.164,82.164],"ix":3},"r":{"a":0,"k":0,"ix":6},"o":{"a":0,"k":100,"ix":7},"sk":{"a":0,"k":0,"ix":4},"sa":{"a":0,"k":0,"ix":5},"nm":"Transform"}],"nm":"Ellipse 1","np":3,"cix":2,"bm":0,"ix":1,"mn":"ADBE Vector Group","hd":false},{"ty":"fl","c":{"a":0,"k":[0.337254901961,0.317647058824,0.960784313725,1],"ix":4},"o":{"a":0,"k":100,"ix":5},"r":1,"bm":0,"nm":"Fill 1","mn":"ADBE Vector Graphic - Fill","hd":false}],"ip":0,"op":900,"st":0,"bm":0},{"ddd":0,"ind":14,"ty":4,"nm":"hubspot/logo ","parent":16,"sr":1,"ks":{"o":{"a":0,"k":100,"ix":11},"r":{"a":1,"k":[{"i":{"x":[0.833],"y":[0.833]},"o":{"x":[0.167],"y":[0.167]},"t":0,"s":[0]},{"t":598,"s":[-360]}],"ix":10},"p":{"a":0,"k":[234.364,-2.381,0],"ix":2},"a":{"a":0,"k":[93.5,109,0],"ix":1},"s":{"a":0,"k":[26,26,100],"ix":6}},"ao":0,"shapes":[{"ty":"gr","it":[{"ind":0,"ty":"sh","ix":1,"ks":{"a":0,"k":{"i":[[25.7,2.931],[0,0],[0,8.654],[10.874,0],[0,-10.401],[-7.354,-2.73],[0,0],[5.722,-3.03],[0,0],[0,2.748],[11.902,0],[0,-11.379],[-11.899,0],[-3.466,2.28],[0,0],[0,-14.22],[-14.707,-8.744],[0,0],[0.614,0],[0,-8.336],[-8.717,0],[0,8.341],[2.013,2.536],[0,0],[-5.586,0],[0,27.37]],"o":[[0,0],[8.317,-2.203],[0,-10.401],[-10.877,0],[0,7.996],[0,0],[-6.785,0.774],[0,0],[1.02,-2.396],[0,-11.379],[-11.899,0],[0,11.381],[4.526,0],[0,0],[-10.032,9.039],[0,17.781],[0,0],[-0.594,-0.064],[-8.717,0],[0,8.341],[8.723,0],[0,-3.426],[0,0],[5.041,1.563],[28.621,0],[0,-25.364]],"v":[[47.244,-37.385],[47.244,-60.386],[61.674,-78.516],[41.983,-97.345],[22.292,-78.516],[34.865,-60.976],[34.865,-37.385],[15.976,-31.573],[-51.376,-79.995],[-49.784,-87.754],[-71.332,-108.36],[-92.88,-87.754],[-71.332,-67.146],[-59.141,-70.769],[5.557,-24.254],[-10.774,11.791],[13.758,53.862],[-2.277,78.267],[-4.089,78.161],[-19.878,93.259],[-4.089,108.36],[11.702,93.259],[8.481,84.146],[25.057,58.919],[41.055,61.353],[92.88,11.791]],"c":true},"ix":2},"nm":"Path 1","mn":"ADBE Vector Shape - Group","hd":false},{"ind":1,"ty":"sh","ix":2,"ks":{"a":0,"k":{"i":[[16.725,0],[0,15.991],[-16.722,0],[0,-15.993]],"o":[[-16.722,0],[0,-15.993],[16.725,0],[0,15.991]],"v":[[41.797,40.856],[11.517,11.902],[41.797,-17.054],[72.075,11.902]],"c":true},"ix":2},"nm":"Path 2","mn":"ADBE Vector Shape - Group","hd":false},{"ty":"mm","mm":1,"nm":"Merge Paths 1","mn":"ADBE Vector Filter - Merge","hd":false},{"ty":"fl","c":{"a":0,"k":[1,1,1,1],"ix":4},"o":{"a":0,"k":100,"ix":5},"r":1,"bm":0,"nm":"Fill 1","mn":"ADBE Vector Graphic - Fill","hd":false},{"ty":"tr","p":{"a":0,"k":[93.369,109.13],"ix":2},"a":{"a":0,"k":[0,0],"ix":1},"s":{"a":0,"k":[100,100],"ix":3},"r":{"a":0,"k":0,"ix":6},"o":{"a":0,"k":100,"ix":7},"sk":{"a":0,"k":0,"ix":4},"sa":{"a":0,"k":0,"ix":5},"nm":"Transform"}],"nm":"Group 1","np":4,"cix":2,"bm":0,"ix":1,"mn":"ADBE Vector Group","hd":false}],"ip":-1,"op":899,"st":-1,"bm":0},{"ddd":0,"ind":15,"ty":4,"nm":"hubspot line","parent":16,"sr":1,"ks":{"o":{"a":0,"k":100,"ix":11},"r":{"a":0,"k":0,"ix":10},"p":{"a":0,"k":[239.326,-2.119,0],"ix":2},"a":{"a":0,"k":[239.326,-2.119,0],"ix":1},"s":{"a":0,"k":[120,120,100],"ix":6}},"ao":0,"shapes":[{"ty":"gr","it":[{"d":1,"ty":"el","s":{"a":0,"k":[128.875,128.875],"ix":2},"p":{"a":0,"k":[0,0],"ix":3},"nm":"Ellipse Path 1","mn":"ADBE Vector Shape - Ellipse","hd":false},{"ty":"tr","p":{"a":0,"k":[235.25,-4.633],"ix":2},"a":{"a":0,"k":[0,0],"ix":1},"s":{"a":0,"k":[82.164,82.164],"ix":3},"r":{"a":0,"k":0,"ix":6},"o":{"a":0,"k":100,"ix":7},"sk":{"a":0,"k":0,"ix":4},"sa":{"a":0,"k":0,"ix":5},"nm":"Transform"}],"nm":"Ellipse 1","np":3,"cix":2,"bm":0,"ix":1,"mn":"ADBE Vector Group","hd":false},{"ty":"tm","s":{"a":0,"k":26,"ix":1},"e":{"a":0,"k":100,"ix":2},"o":{"a":0,"k":0,"ix":3},"m":1,"ix":2,"nm":"Trim Paths 1","mn":"ADBE Vector Filter - Trim","hd":false},{"ty":"st","c":{"a":0,"k":[0.945098102093,0.568627476692,0.207843154669,1],"ix":3},"o":{"a":0,"k":100,"ix":4},"w":{"a":0,"k":2,"ix":5},"lc":1,"lj":1,"ml":4,"bm":0,"nm":"Stroke 1","mn":"ADBE Vector Graphic - Stroke","hd":false}],"ip":0,"op":900,"st":0,"bm":0},{"ddd":0,"ind":16,"ty":4,"nm":"hubspot bg","parent":1,"sr":1,"ks":{"o":{"a":0,"k":100,"ix":11},"r":{"a":0,"k":0,"ix":10},"p":{"a":0,"k":[228.608,74.569,0],"ix":2},"a":{"a":0,"k":[239.326,-2.119,0],"ix":1},"s":{"a":1,"k":[{"i":{"x":[0.667,0.667,0.667],"y":[1.034,1.034,4.719]},"o":{"x":[0.333,0.333,0.333],"y":[0,0,0]},"t":0,"s":[0,0,100]},{"i":{"x":[0.667,0.667,0.667],"y":[1.454,1.454,-4.446]},"o":{"x":[0.333,0.333,0.333],"y":[0.252,0.252,-1.59]},"t":21,"s":[69,69,100]},{"i":{"x":[0.667,0.667,0.667],"y":[1,1,1]},"o":{"x":[0.333,0.333,0.333],"y":[-0.659,-0.659,7.904]},"t":29.975,"s":[65,65,100]},{"i":{"x":[0.667,0.667,0.667],"y":[1,1,1]},"o":{"x":[0.333,0.333,0.333],"y":[0,0,0]},"t":43,"s":[61,61,100]},{"i":{"x":[0.667,0.667,0.667],"y":[1,1,1]},"o":{"x":[0.333,0.333,0.333],"y":[0,0,0]},"t":53,"s":[67,67,100]},{"i":{"x":[0.833,0.833,0.833],"y":[1,1,1]},"o":{"x":[0.167,0.167,0.167],"y":[0,0,0]},"t":64,"s":[60,60,100]},{"i":{"x":[0.833,0.833,0.833],"y":[1,1,1]},"o":{"x":[0.167,0.167,0.167],"y":[0,0,0]},"t":470,"s":[60,60,100]},{"t":482,"s":[0,0,100]}],"ix":6}},"ao":0,"shapes":[{"ty":"gr","it":[{"d":1,"ty":"el","s":{"a":0,"k":[128.875,128.875],"ix":2},"p":{"a":0,"k":[0,0],"ix":3},"nm":"Ellipse Path 1","mn":"ADBE Vector Shape - Ellipse","hd":false},{"ty":"fl","c":{"a":0,"k":[0.945098099054,0.56862745098,0.207843152214,1],"ix":4},"o":{"a":0,"k":0,"ix":5},"r":1,"bm":0,"nm":"Fill 1","mn":"ADBE Vector Graphic - Fill","hd":false},{"ty":"tr","p":{"a":0,"k":[235.25,-4.633],"ix":2},"a":{"a":0,"k":[0,0],"ix":1},"s":{"a":0,"k":[82.164,82.164],"ix":3},"r":{"a":0,"k":0,"ix":6},"o":{"a":0,"k":100,"ix":7},"sk":{"a":0,"k":0,"ix":4},"sa":{"a":0,"k":0,"ix":5},"nm":"Transform"}],"nm":"Ellipse 1","np":3,"cix":2,"bm":0,"ix":1,"mn":"ADBE Vector Group","hd":false},{"ty":"fl","c":{"a":0,"k":[0.945098099054,0.56862745098,0.207843152214,1],"ix":4},"o":{"a":0,"k":100,"ix":5},"r":1,"bm":0,"nm":"Fill 1","mn":"ADBE Vector Graphic - Fill","hd":false}],"ip":0,"op":900,"st":0,"bm":0},{"ddd":0,"ind":17,"ty":4,"nm":"circle","sr":1,"ks":{"o":{"a":0,"k":100,"ix":11},"r":{"a":0,"k":115.618,"ix":10},"p":{"a":0,"k":[400,300,0],"ix":2},"a":{"a":0,"k":[-9.524,-2.206,0],"ix":1},"s":{"a":0,"k":[131,131,100],"ix":6}},"ao":0,"shapes":[{"ty":"gr","it":[{"d":1,"ty":"el","s":{"a":0,"k":[352.539,352.539],"ix":2},"p":{"a":0,"k":[0,0],"ix":3},"nm":"Ellipse Path 1","mn":"ADBE Vector Shape - Ellipse","hd":false},{"ty":"st","c":{"a":0,"k":[0.774892747402,0.774892747402,0.774892747402,1],"ix":3},"o":{"a":0,"k":100,"ix":4},"w":{"a":0,"k":2,"ix":5},"lc":1,"lj":1,"ml":4,"bm":0,"d":[{"n":"d","nm":"dash","v":{"a":0,"k":2,"ix":1}},{"n":"g","nm":"gap","v":{"a":0,"k":7,"ix":2}},{"n":"o","nm":"offset","v":{"a":0,"k":-300,"ix":7}}],"nm":"Stroke 1","mn":"ADBE Vector Graphic - Stroke","hd":false},{"ty":"tr","p":{"a":0,"k":[0.512,-1.066],"ix":2},"a":{"a":0,"k":[0,0],"ix":1},"s":{"a":0,"k":[100,100],"ix":3},"r":{"a":0,"k":0,"ix":6},"o":{"a":0,"k":100,"ix":7},"sk":{"a":0,"k":0,"ix":4},"sa":{"a":0,"k":0,"ix":5},"nm":"Transform"}],"nm":"Ellipse 1","np":3,"cix":2,"bm":0,"ix":1,"mn":"ADBE Vector Group","hd":false},{"ty":"tm","s":{"a":0,"k":0,"ix":1},"e":{"a":1,"k":[{"i":{"x":[0],"y":[1.386]},"o":{"x":[0.333],"y":[0]},"t":0,"s":[0]},{"i":{"x":[0.833],"y":[1]},"o":{"x":[0.167],"y":[0]},"t":174,"s":[100]},{"i":{"x":[0.747],"y":[1]},"o":{"x":[0.64],"y":[0]},"t":441,"s":[100]},{"t":517,"s":[0]}],"ix":2},"o":{"a":0,"k":0,"ix":3},"m":1,"ix":2,"nm":"Trim Paths 1","mn":"ADBE Vector Filter - Trim","hd":false},{"ty":"st","c":{"a":0,"k":[1,1,1,1],"ix":3},"o":{"a":0,"k":100,"ix":4},"w":{"a":0,"k":0,"ix":5},"lc":2,"lj":1,"ml":1,"bm":0,"nm":"Stroke 1","mn":"ADBE Vector Graphic - Stroke","hd":false}],"ip":0,"op":900,"st":0,"bm":0}]},{"id":"comp_2","layers":[{"ddd":0,"ind":1,"ty":4,"nm":"Layer 4/logo-salesloft Outlines","sr":1,"ks":{"o":{"a":0,"k":100,"ix":11},"r":{"a":0,"k":0,"ix":10},"p":{"a":0,"k":[410,302,0],"ix":2},"a":{"a":0,"k":[99.5,100.5,0],"ix":1},"s":{"a":0,"k":[100,100,100],"ix":6}},"ao":0,"shapes":[{"ty":"gr","it":[{"ind":0,"ty":"sh","ix":1,"ks":{"a":0,"k":{"i":[[-2.272,-0.426],[28.259,-11.786],[9.798,-9.088],[-3.409,-12.922],[-13.632,-10.367],[-0.426,-15.62],[14.626,-8.946],[15.195,8.379],[-0.284,36.069],[-18.177,17.182],[-32.519,6.39],[-25.134,-0.852],[-0.994,0]],"o":[[-31.525,1.562],[-12.212,4.97],[-10.082,9.372],[4.259,17.04],[12.213,9.23],[0.426,17.324],[-14.91,9.23],[-31.24,-17.466],[0.284,-25.134],[24.566,-23.288],[24.708,-4.828],[0.852,0],[0.994,0]],"v":[[98.977,-98.054],[9.514,-80.73],[-23.573,-59.997],[-32.945,-26.2],[-4.26,13.987],[15.904,50.482],[-5.538,90.385],[-51.264,91.379],[-98.693,11.005],[-69.865,-52.187],[17.182,-93.794],[91.875,-98.906],[94.574,-98.764]],"c":true},"ix":2},"nm":"Path 1","mn":"ADBE Vector Shape - Group","hd":false},{"ty":"fl","c":{"a":0,"k":[1,1,1,1],"ix":4},"o":{"a":0,"k":100,"ix":5},"r":1,"bm":0,"nm":"Fill 1","mn":"ADBE Vector Graphic - Fill","hd":false},{"ty":"tr","p":{"a":0,"k":[99.227,100.008],"ix":2},"a":{"a":0,"k":[0,0],"ix":1},"s":{"a":0,"k":[100,100],"ix":3},"r":{"a":0,"k":0,"ix":6},"o":{"a":0,"k":100,"ix":7},"sk":{"a":0,"k":0,"ix":4},"sa":{"a":0,"k":0,"ix":5},"nm":"Transform"}],"nm":"Group 1","np":2,"cix":2,"bm":0,"ix":1,"mn":"ADBE Vector Group","hd":false}],"ip":0,"op":900,"st":0,"bm":0},{"ddd":0,"ind":2,"ty":4,"nm":"Layer 3/logo-salesloft Outlines","sr":1,"ks":{"o":{"a":0,"k":100,"ix":11},"r":{"a":0,"k":0,"ix":10},"p":{"a":0,"k":[448.023,321.708,0],"ix":2},"a":{"a":0,"k":[35.023,76.708,0],"ix":1},"s":{"a":0,"k":[100,100,100],"ix":6}},"ao":0,"shapes":[{"ty":"gr","it":[{"ind":0,"ty":"sh","ix":1,"ks":{"a":0,"k":{"i":[[2.271,0.853],[3.124,23.856],[4.97,6.39],[5.964,6.532],[1.989,3.124],[-6.532,8.378],[-7.383,3.834],[-1.562,-1.136],[-3.691,-23.998],[32.093,-18.034]],"o":[[19.454,-15.336],[-1.136,-8.236],[-5.396,-6.959],[-2.557,-2.698],[-5.538,-9.23],[5.113,-6.674],[2.273,-1.136],[19.455,14.484],[5.823,36.779],[-1.704,0.994]],"v":[[-18.815,75.545],[3.905,16.046],[-6.461,-5.538],[-23.927,-25.419],[-30.744,-34.081],[-29.324,-60.352],[-9.87,-75.262],[-4.757,-73.984],[30.459,-16.473],[-13.277,74.125]],"c":true},"ix":2},"nm":"Path 1","mn":"ADBE Vector Shape - Group","hd":false},{"ty":"fl","c":{"a":0,"k":[1,1,1,1],"ix":4},"o":{"a":0,"k":100,"ix":5},"r":1,"bm":0,"nm":"Fill 1","mn":"ADBE Vector Graphic - Fill","hd":false},{"ty":"tr","p":{"a":0,"k":[36.532,76.648],"ix":2},"a":{"a":0,"k":[0,0],"ix":1},"s":{"a":0,"k":[100,100],"ix":3},"r":{"a":0,"k":0,"ix":6},"o":{"a":0,"k":100,"ix":7},"sk":{"a":0,"k":0,"ix":4},"sa":{"a":0,"k":0,"ix":5},"nm":"Transform"}],"nm":"Group 1","np":2,"cix":2,"bm":0,"ix":1,"mn":"ADBE Vector Group","hd":false}],"ip":0,"op":900,"st":0,"bm":0}]},{"id":"comp_3","layers":[{"ddd":0,"ind":1,"ty":4,"nm":"force/logo salesforce Outlines","sr":1,"ks":{"o":{"a":0,"k":100,"ix":11},"r":{"a":0,"k":0,"ix":10},"p":{"a":0,"k":[390,300,0],"ix":2},"a":{"a":0,"k":[31.5,19.5,0],"ix":1},"s":{"a":0,"k":[100,100,100],"ix":6}},"ao":0,"shapes":[{"ty":"gr","it":[{"ind":0,"ty":"sh","ix":1,"ks":{"a":0,"k":{"i":[[0,0],[0.217,0],[0,0],[0,0.216],[0,0],[-0.216,0],[0,0],[0,-0.216]],"o":[[0,0.216],[0,0],[-0.216,0],[0,0],[0,-0.216],[0,0],[0.217,0],[0,0]],"v":[[-26.949,9.365],[-27.322,9.757],[-30.747,9.757],[-31.117,9.365],[-31.117,-18.212],[-30.747,-18.604],[-27.322,-18.604],[-26.949,-18.212]],"c":true},"ix":2},"nm":"Path 1","mn":"ADBE Vector Shape - Group","hd":false},{"ind":1,"ty":"sh","ix":2,"ks":{"a":0,"k":{"i":[[0.088,0.035],[0.489,0.091],[0.67,0],[1.293,-1.302],[0.439,-2.594],[0,0],[0,0],[0.076,-0.387],[0,0],[-0.343,0],[0,0],[0,0],[0.289,-0.813],[0.343,-0.439],[0.54,-0.181],[0.562,0],[0.308,0.063],[0.232,0.099],[0.134,-0.334],[0.092,-0.258],[-0.162,-0.061],[-0.517,-0.124],[-0.568,0],[-0.899,0.323],[-0.699,0.768],[-0.451,1.191],[-0.304,1.701],[0,0],[0,0],[-0.073,0.391],[0,0],[0.347,0],[0,0],[-0.473,1.369],[-0.321,0.324],[-0.4,0.13],[-0.511,0],[-0.289,-0.061],[-0.105,-0.032],[-0.082,0.203],[0,0]],"o":[[-0.413,-0.127],[-0.495,-0.089],[-2.338,0],[-1.286,1.296],[0,0],[0,0],[0,0],[0,0],[-0.035,0.254],[0,0],[0,0],[-0.226,1.302],[-0.283,0.8],[-0.33,0.419],[-0.444,0.149],[-0.311,0],[-0.305,-0.061],[0,0],[-0.104,0.276],[-0.089,0.257],[0.381,0.133],[0.719,0.168],[1.188,0],[0.902,-0.328],[0.752,-0.832],[0.447,-1.175],[0,0],[0,0],[0,0],[0,0],[0.033,-0.256],[0,0],[0.022,-0.091],[0.204,-0.581],[0.318,-0.317],[0.409,-0.134],[0.387,0],[0.4,0.085],[0.422,0.127],[0,0],[0.101,-0.293]],"v":[[30.777,-18.581],[29.501,-18.885],[27.745,-19.02],[22.273,-17.057],[19.674,-11.195],[19.516,-10.322],[16.581,-10.322],[16.15,-9.947],[15.671,-7.257],[16.09,-6.84],[18.945,-6.84],[16.049,9.331],[15.273,12.516],[14.372,14.355],[13.189,15.266],[11.669,15.484],[10.633,15.37],[9.934,15.145],[9.467,15.352],[8.508,17.978],[8.708,18.495],[9.889,18.842],[11.783,19.02],[14.956,18.527],[17.344,16.863],[19.021,13.969],[20.156,9.633],[23.07,-6.84],[27.324,-6.84],[27.757,-7.219],[28.238,-9.906],[27.816,-10.322],[23.686,-10.322],[24.368,-13.236],[25.273,-14.615],[26.357,-15.288],[27.745,-15.484],[28.805,-15.38],[29.465,-15.217],[30.027,-15.417],[31.016,-18.13]],"c":true},"ix":2},"nm":"Path 2","mn":"ADBE Vector Shape - Group","hd":false},{"ty":"mm","mm":1,"nm":"Merge Paths 1","mn":"ADBE Vector Filter - Merge","hd":false},{"ty":"fl","c":{"a":0,"k":[0,0.63137254902,0.878431432387,1],"ix":4},"o":{"a":0,"k":100,"ix":5},"r":1,"bm":0,"nm":"Fill 1","mn":"ADBE Vector Graphic - Fill","hd":false},{"ty":"tr","p":{"a":0,"k":[31.366,19.27],"ix":2},"a":{"a":0,"k":[0,0],"ix":1},"s":{"a":0,"k":[100,100],"ix":3},"r":{"a":0,"k":0,"ix":6},"o":{"a":0,"k":100,"ix":7},"sk":{"a":0,"k":0,"ix":4},"sa":{"a":0,"k":0,"ix":5},"nm":"Transform"}],"nm":"Group 1","np":4,"cix":2,"bm":0,"ix":1,"mn":"ADBE Vector Group","hd":false}],"ip":0,"op":900,"st":0,"bm":0},{"ddd":0,"ind":2,"ty":4,"nm":"sales/logo salesforce Outlines","sr":1,"ks":{"o":{"a":0,"k":100,"ix":11},"r":{"a":0,"k":0,"ix":10},"p":{"a":0,"k":[403.5,300,0],"ix":2},"a":{"a":0,"k":[84.5,11,0],"ix":1},"s":{"a":0,"k":[100,100,100],"ix":6}},"ao":0,"shapes":[{"ty":"gr","it":[{"ind":0,"ty":"sh","ix":1,"ks":{"a":0,"k":{"i":[[-0.121,0.353],[0.086,0.031],[0.848,0.054],[0.807,-0.362],[0.496,-0.664],[0,0],[0.216,0],[0,0],[0,-0.219],[0,0],[-0.215,0],[0,0],[0.001,0.216],[0,0],[-0.286,0.81],[-0.47,0.461],[-0.588,0.182],[-0.471,0],[0,0],[-0.083,0.226]],"o":[[0.098,-0.292],[-0.219,-0.086],[-1.622,-0.099],[-0.8,0.361],[0,0],[0,-0.219],[0,0],[-0.216,0],[0,0],[0,0.216],[0,0],[0.217,-0.001],[0,0],[0,-1.292],[0.279,-0.801],[0.473,-0.457],[0.6,-0.184],[0.676,0],[0.248,0.028],[0.222,-0.59]],"v":[[48.422,-9.385],[48.228,-9.848],[46.062,-10.22],[42.73,-9.683],[40.546,-8.073],[40.546,-9.645],[40.174,-10.039],[36.861,-10.039],[36.491,-9.645],[36.491,9.628],[36.883,10.022],[40.279,10.022],[40.669,9.628],[40.669,-0.001],[41.098,-3.392],[42.229,-5.295],[43.827,-6.254],[45.561,-6.498],[46.98,-6.323],[47.45,-6.673]],"c":true},"ix":2},"nm":"Path 1","mn":"ADBE Vector Shape - Group","hd":false},{"ind":1,"ty":"sh","ix":2,"ks":{"a":0,"k":{"i":[[0,0],[0.813,0],[1.003,-0.27],[0.782,-0.559],[0.452,-0.846],[0,-1.125],[-0.393,-0.813],[-0.724,-0.525],[-1.029,-0.232],[-1.257,0],[-1.28,0.22],[-0.432,0.098],[-0.301,0.082],[0,0],[0,0],[1.363,1.191],[2.581,0],[0.934,-0.187],[1.163,-0.909],[-0.139,-0.355],[0,0],[0,0],[-0.115,0.067],[0,0],[-0.724,-0.556],[0,-1.721],[0,0]],"o":[[-0.524,-0.038],[-1.109,0],[-1.01,0.269],[-0.78,0.556],[-0.458,0.851],[0,1.143],[0.394,0.816],[0.717,0.524],[1.013,0.231],[1.325,0],[1.267,-0.215],[0.302,-0.073],[0.321,-0.079],[0,0],[0,-2.591],[-1.356,-1.187],[-0.969,0],[0,0],[0,0],[0,0],[0.114,0.318],[0,0],[2.486,-1.353],[1.397,0],[0.704,0.539],[0,0],[-1.111,-0.159]],"v":[[-55.801,-2.727],[-57.816,-2.787],[-60.999,-2.377],[-63.699,-1.126],[-65.572,1.005],[-66.262,3.984],[-65.671,6.934],[-63.984,8.954],[-61.352,10.094],[-57.932,10.443],[-54.006,10.115],[-50.751,9.487],[-49.846,9.255],[-49.551,8.833],[-49.557,-2.984],[-51.611,-8.688],[-57.547,-10.476],[-61.008,-10.155],[-64.995,-8.7],[-65.109,-8.186],[-64.193,-5.728],[-63.771,-5.518],[-63.557,-5.623],[-57.928,-6.934],[-54.732,-6.099],[-53.67,-3.022],[-53.67,-2.476]],"c":true},"ix":2},"nm":"Path 2","mn":"ADBE Vector Shape - Group","hd":false},{"ind":2,"ty":"sh","ix":3,"ks":{"a":0,"k":{"i":[[-0.01,-0.003],[0.171,0.261],[0,0.718],[-0.778,0.549],[-2.636,-0.035],[0,0],[0,0],[0,0],[1.848,-0.111]],"o":[[-0.505,-0.404],[-0.254,-0.397],[0,-1.137],[-0.009,0.003],[1.851,0.026],[0,0],[0,0],[0,0],[-2.63,0.159]],"v":[[-60.941,6.353],[-61.688,5.587],[-62.073,3.907],[-60.92,1.405],[-57.172,0.471],[-53.665,0.77],[-53.665,6.645],[-53.663,6.645],[-57.152,7.108]],"c":true},"ix":2},"nm":"Path 3","mn":"ADBE Vector Shape - Group","hd":false},{"ind":3,"ty":"sh","ix":4,"ks":{"a":0,"k":{"i":[[0.832,2.912],[0.526,0.565],[0.806,0.35],[1.385,0],[1.188,-0.559],[0.785,-0.949],[0.374,-1.28],[0,-1.464],[-0.391,-1.248],[-0.85,-0.918],[-1.308,-0.505],[-1.814,0.003],[-0.81,0.448],[0.171,0.4],[0,0],[0,0],[3.07,0.006],[0.931,0.924],[0.082,1.962],[0,0],[-0.034,0.33]],"o":[[-0.324,-1.222],[-0.833,-0.896],[-1.055,-0.451],[-1.61,0],[-1.191,0.559],[-0.784,0.947],[-0.375,1.273],[0,1.49],[0.394,1.258],[0.848,0.924],[1.299,0.502],[3.731,-0.013],[0.143,-0.079],[0,0],[-0.13,-0.352],[-0.924,0.343],[-2.001,-0.003],[-0.956,-0.947],[0,0],[0,0],[0.013,-0.14]],"v":[[-20.161,-4.811],[-21.812,-7.834],[-24.264,-9.705],[-27.967,-10.454],[-32.232,-9.625],[-35.208,-7.355],[-36.958,-4.001],[-37.527,0.124],[-36.939,4.249],[-35.066,7.533],[-31.816,9.686],[-27.126,10.445],[-20.618,9.152],[-20.51,8.533],[-21.353,6.167],[-21.842,5.945],[-27.148,6.898],[-31.566,5.38],[-33.07,1.08],[-20.148,1.093],[-19.775,0.756]],"c":true},"ix":2},"nm":"Path 4","mn":"ADBE Vector Shape - Group","hd":false},{"ind":4,"ty":"sh","ix":5,"ks":{"a":0,"k":{"i":[[0,0],[-0.524,0.797],[-1.696,0],[-0.806,-1.207],[-0.093,-1.185]],"o":[[0.184,-1.229],[0.79,-1.21],[1.695,0],[0.53,0.797],[0,0]],"v":[[-33.01,-2.108],[-31.965,-5.157],[-28.273,-7.031],[-24.65,-5.157],[-23.795,-2.108]],"c":true},"ix":2},"nm":"Path 5","mn":"ADBE Vector Shape - Group","hd":false},{"ind":5,"ty":"sh","ix":6,"ks":{"a":0,"k":{"i":[[0.829,2.912],[0.527,0.565],[0.807,0.35],[1.385,0],[1.187,-0.559],[0.785,-0.949],[0.374,-1.28],[0,-1.464],[-0.391,-1.248],[-0.852,-0.918],[-1.309,-0.505],[-1.814,0.003],[-0.81,0.448],[0.172,0.4],[0,0],[0,0],[3.064,0.006],[0.931,0.924],[0.082,1.962],[0,0],[-0.036,0.33]],"o":[[-0.323,-1.222],[-0.832,-0.896],[-1.054,-0.451],[-1.613,0],[-1.191,0.559],[-0.785,0.947],[-0.378,1.273],[0,1.49],[0.394,1.258],[0.847,0.924],[1.298,0.502],[3.731,-0.013],[0.143,-0.079],[0,0],[-0.126,-0.352],[-0.924,0.343],[-2.004,-0.003],[-0.956,-0.947],[0,0],[0,0],[0.012,-0.14]],"v":[[83.327,-4.811],[81.674,-7.834],[79.221,-9.705],[75.519,-10.454],[71.255,-9.625],[68.279,-7.355],[66.529,-4.001],[65.96,0.124],[66.548,4.249],[68.422,7.533],[71.671,9.686],[76.361,10.445],[82.868,9.152],[82.976,8.533],[82.131,6.167],[81.645,5.945],[76.342,6.898],[71.921,5.38],[70.415,1.08],[83.338,1.093],[83.713,0.756]],"c":true},"ix":2},"nm":"Path 6","mn":"ADBE Vector Shape - Group","hd":false},{"ind":6,"ty":"sh","ix":7,"ks":{"a":0,"k":{"i":[[0,0],[-0.524,0.797],[-1.695,0],[-0.804,-1.207],[-0.093,-1.185]],"o":[[0.181,-1.229],[0.791,-1.21],[1.697,0],[0.533,0.797],[0,0]],"v":[[70.476,-2.108],[71.521,-5.157],[75.214,-7.031],[78.835,-5.157],[79.693,-2.108]],"c":true},"ix":2},"nm":"Path 7","mn":"ADBE Vector Shape - Group","hd":false},{"ind":7,"ty":"sh","ix":8,"ks":{"a":0,"k":{"i":[[0,0],[0,0],[0.629,-0.099],[0.753,0],[1.051,1.086],[-0.006,2.375],[-0.937,1.238],[-1.89,0],[-1.258,-0.397],[-0.143,0.394],[-0.356,1.02],[0.089,0.035],[0.883,0.134],[1.074,0],[1.223,-0.546],[0.819,-0.934],[0.416,-1.264],[0,-1.464],[-1.687,-1.874],[-3.309,0],[-1.442,0.568],[0.121,0.32]],"o":[[-0.126,-0.372],[-0.556,0.213],[-0.638,0.098],[-1.848,0],[-1.054,-1.087],[0.006,-2.163],[0.931,-1.232],[1.575,0],[0,0],[0.333,-0.928],[0.101,-0.289],[-0.496,-0.194],[-0.826,-0.127],[-1.604,0],[-1.219,0.543],[-0.82,0.934],[-0.413,1.261],[0,3.166],[1.689,1.88],[1.957,0],[0,0],[0,0]],"v":[[63.797,6.424],[63.312,6.192],[61.536,6.7],[59.443,6.849],[55.077,5.214],[53.438,-0.004],[54.902,-5.031],[59.139,-6.895],[63.172,-6.318],[63.616,-6.581],[64.553,-9.192],[64.318,-9.639],[61.771,-10.281],[58.906,-10.474],[54.65,-9.655],[51.577,-7.429],[49.719,-4.114],[49.096,-0.004],[51.637,7.595],[59.173,10.431],[64.579,9.466],[64.734,9.012]],"c":true},"ix":2},"nm":"Path 8","mn":"ADBE Vector Shape - Group","hd":false},{"ind":8,"ty":"sh","ix":9,"ks":{"a":0,"k":{"i":[[0.375,1.261],[0.778,0.93],[1.169,0.545],[1.546,0],[1.165,-0.543],[0.781,-0.934],[0.378,-1.264],[0,-1.464],[-0.371,-1.257],[-0.782,-0.933],[-1.166,-0.53],[-1.55,0],[-1.169,0.53],[-0.778,0.934],[-0.375,1.267],[0,1.461]],"o":[[-0.375,-1.267],[-0.778,-0.934],[-1.165,-0.543],[-1.55,0],[-1.169,0.545],[-0.775,0.934],[-0.371,1.261],[0,1.464],[0.378,1.264],[0.778,0.935],[1.168,0.53],[1.546,0],[1.165,-0.53],[0.778,-0.93],[0.375,-1.26],[0,-1.46]],"v":[[32.451,-4.091],[30.714,-7.406],[27.782,-9.635],[23.693,-10.455],[19.598,-9.635],[16.665,-7.406],[14.926,-4.091],[14.368,0.012],[14.926,4.115],[16.667,7.43],[19.598,9.641],[23.693,10.441],[27.783,9.641],[30.714,7.43],[32.451,4.115],[33.012,0.012]],"c":true},"ix":2},"nm":"Path 9","mn":"ADBE Vector Shape - Group","hd":false},{"ind":9,"ty":"sh","ix":10,"ks":{"a":0,"k":{"i":[[0,-2.21],[0.813,-1.232],[1.695,0],[0.79,1.223],[0,2.214],[-0.801,1.22],[-1.7,0],[-0.807,-1.206]],"o":[[0,2.214],[-0.804,1.22],[-1.7,0],[-0.801,-1.229],[0,-2.21],[0.79,-1.206],[1.695,0],[0.81,1.219]],"v":[[28.633,0.012],[27.408,5.201],[23.693,7.014],[19.993,5.201],[18.786,0.012],[19.993,-5.158],[23.693,-6.952],[27.411,-5.158]],"c":true},"ix":2},"nm":"Path 10","mn":"ADBE Vector Shape - Group","hd":false},{"ind":10,"ty":"sh","ix":11,"ks":{"a":0,"k":{"i":[[0,0],[-0.045,-0.063],[-0.428,-0.245],[-2.245,0],[0,3.916],[0,0],[3.007,0.949],[0,0],[0,1.493],[0,0],[-1.772,0],[-1.505,-0.832],[-0.162,0.429],[-0.079,0.222],[0.156,0.096],[2.458,0],[0,0],[0,-3.623],[0,0],[-3.02,-0.863],[0,0],[0,-1.55],[0,0],[1.989,0],[2.658,1.68],[0.241,0.156],[0.133,-0.409]],"o":[[-0.139,0.366],[0.419,0.305],[2.274,1.206],[4.573,0],[0,0],[0,-3.621],[0,0],[-2.268,-0.737],[0,0],[0,-1.277],[1.969,0],[0,0],[0.089,-0.228],[0.086,-0.241],[-1.718,-1.045],[0,0],[-4.186,0],[0,0],[0,3.82],[0,0],[2.2,0.676],[0,0],[0,1.416],[-0.771,0],[-0.321,-0.187],[-0.083,-0.054],[0,0]],"v":[[-17.07,7.682],[-16.975,8.187],[-15.702,8.956],[-9.036,10.515],[-1.624,4.166],[-1.624,4.091],[-7.835,-1.794],[-8.226,-1.921],[-12.45,-4.786],[-12.45,-4.865],[-9.535,-7.082],[-3.723,-5.595],[-3.12,-5.739],[-2.189,-8.241],[-2.411,-8.756],[-8.963,-10.515],[-9.42,-10.512],[-16.527,-4.361],[-16.527,-4.284],[-10.284,1.638],[-9.798,1.788],[-5.698,4.595],[-5.698,4.672],[-8.922,7.142],[-14.812,5.446],[-15.564,4.973],[-16.167,5.179]],"c":true},"ix":2},"nm":"Path 11","mn":"ADBE Vector Shape - Group","hd":false},{"ind":11,"ty":"sh","ix":12,"ks":{"a":0,"k":{"i":[[0,0],[-0.045,-0.063],[-0.429,-0.245],[-2.245,0],[0,3.916],[0,0],[3.008,0.949],[0,0],[0,1.493],[0,0],[-1.772,0],[-1.505,-0.832],[-0.162,0.429],[-0.079,0.222],[0.155,0.096],[2.458,0],[0,0],[0,-3.623],[0,0],[-3.021,-0.863],[0,0],[0,-1.55],[0,0],[1.988,0],[2.658,1.68],[0.248,0.149],[0.143,-0.432]],"o":[[-0.14,0.366],[0.419,0.305],[2.274,1.206],[4.573,0],[0,0],[0,-3.621],[0,0],[-2.267,-0.737],[0,0],[0,-1.277],[1.968,0],[0,0],[0.089,-0.228],[0.086,-0.241],[-1.718,-1.045],[0,0],[-4.186,0],[0,0],[0,3.82],[0,0],[2.201,0.676],[0,0],[0,1.416],[-0.772,0],[-0.321,-0.187],[-0.13,-0.083],[0,0]],"v":[[-84.017,7.682],[-83.922,8.187],[-82.649,8.956],[-75.982,10.515],[-68.57,4.166],[-68.57,4.091],[-74.783,-1.794],[-75.173,-1.921],[-79.396,-4.786],[-79.396,-4.865],[-76.48,-7.082],[-70.67,-5.595],[-70.066,-5.739],[-69.135,-8.241],[-69.357,-8.756],[-75.91,-10.515],[-76.367,-10.512],[-83.474,-4.361],[-83.474,-4.284],[-77.23,1.638],[-76.745,1.788],[-72.648,4.595],[-72.648,4.672],[-75.868,7.142],[-81.758,5.446],[-82.515,4.973],[-83.115,5.179]],"c":true},"ix":2},"nm":"Path 12","mn":"ADBE Vector Shape - Group","hd":false},{"ty":"mm","mm":1,"nm":"Merge Paths 1","mn":"ADBE Vector Filter - Merge","hd":false},{"ty":"fl","c":{"a":0,"k":[0,0.63137254902,0.878431432387,1],"ix":4},"o":{"a":0,"k":100,"ix":5},"r":1,"bm":0,"nm":"Fill 1","mn":"ADBE Vector Graphic - Fill","hd":false},{"ty":"tr","p":{"a":0,"k":[84.407,10.765],"ix":2},"a":{"a":0,"k":[0,0],"ix":1},"s":{"a":0,"k":[100,100],"ix":3},"r":{"a":0,"k":0,"ix":6},"o":{"a":0,"k":100,"ix":7},"sk":{"a":0,"k":0,"ix":4},"sa":{"a":0,"k":0,"ix":5},"nm":"Transform"}],"nm":"Group 1","np":14,"cix":2,"bm":0,"ix":1,"mn":"ADBE Vector Group","hd":false}],"ip":0,"op":900,"st":0,"bm":0},{"ddd":0,"ind":3,"ty":4,"nm":"cloud/logo salesforce Outlines","sr":1,"ks":{"o":{"a":0,"k":100,"ix":11},"r":{"a":0,"k":0,"ix":10},"p":{"a":0,"k":[400,300,0],"ix":2},"a":{"a":0,"k":[112,78.5,0],"ix":1},"s":{"a":0,"k":[100,100,100],"ix":6}},"ao":0,"shapes":[{"ty":"gr","it":[{"ind":0,"ty":"sh","ix":1,"ks":{"a":0,"k":{"i":[[-7.911,-10.344],[-11.07,0],[-6.838,-12.182],[-6.92,0],[0,-26.774],[26.543,0],[3.116,0.63],[13.17,0],[4.643,2.264],[16.574,0],[5.646,15.317],[2.624,0],[0,20.766],[-11.121,6.5],[0,6.114],[-23.913,0]],"o":[[7.19,-7.492],[14.717,0],[5.941,-2.655],[26.543,0],[0,26.777],[-3.179,0.001],[-6.021,10.74],[-5.513,0],[-6.104,14.357],[-17.26,0],[-2.468,0.524],[-20.549,0.001],[0,-13.916],[-2.29,-5.268],[0,-23.881],[14.04,0]],"v":[[-18.695,-61.002],[9.575,-73.139],[43.969,-52.752],[63.406,-56.883],[111.467,-8.403],[63.406,40.081],[53.939,39.137],[23.275,57.135],[7.905,53.598],[-28.995,78.021],[-66.611,51.784],[-74.258,52.581],[-111.467,14.984],[-92.861,-17.584],[-96.424,-34.781],[-53.124,-78.021]],"c":true},"ix":2},"nm":"Path 1","mn":"ADBE Vector Shape - Group","hd":false},{"ty":"fl","c":{"a":0,"k":[1,1,1,1],"ix":4},"o":{"a":0,"k":100,"ix":5},"r":1,"bm":0,"nm":"Fill 1","mn":"ADBE Vector Graphic - Fill","hd":false},{"ty":"tr","p":{"a":0,"k":[111.717,78.271],"ix":2},"a":{"a":0,"k":[0,0],"ix":1},"s":{"a":0,"k":[100,100],"ix":3},"r":{"a":0,"k":0,"ix":6},"o":{"a":0,"k":100,"ix":7},"sk":{"a":0,"k":0,"ix":4},"sa":{"a":0,"k":0,"ix":5},"nm":"Transform"}],"nm":"Group 1","np":2,"cix":2,"bm":0,"ix":1,"mn":"ADBE Vector Group","hd":false}],"ip":0,"op":900,"st":0,"bm":0}]},{"id":"comp_4","layers":[{"ddd":0,"ind":1,"ty":4,"nm":"Shape Layer 15","sr":1,"ks":{"o":{"a":0,"k":100,"ix":11},"r":{"a":0,"k":0,"ix":10},"p":{"a":0,"k":[396,300,0],"ix":2},"a":{"a":0,"k":[0,0,0],"ix":1},"s":{"a":0,"k":[100,100,100],"ix":6}},"ao":0,"shapes":[{"ty":"gr","it":[{"ty":"rc","d":2,"s":{"a":0,"k":[10,215.641],"ix":2},"p":{"a":0,"k":[0,0],"ix":3},"r":{"a":0,"k":0,"ix":4},"nm":"Rectangle Path 1","mn":"ADBE Vector Shape - Rect","hd":false},{"ty":"tm","s":{"a":1,"k":[{"i":{"x":[0.282],"y":[1]},"o":{"x":[0.333],"y":[0]},"t":143,"s":[49]},{"t":173,"s":[0]}],"ix":1},"e":{"a":1,"k":[{"i":{"x":[0.294],"y":[1]},"o":{"x":[0.333],"y":[0]},"t":141,"s":[49]},{"t":172,"s":[0]}],"ix":2},"o":{"a":0,"k":0,"ix":3},"m":1,"ix":2,"nm":"Trim Paths 1","mn":"ADBE Vector Filter - Trim","hd":false},{"ty":"st","c":{"a":0,"k":[0.847104779412,0.172301737467,0.361718031939,1],"ix":3},"o":{"a":0,"k":100,"ix":4},"w":{"a":0,"k":10,"ix":5},"lc":2,"lj":1,"ml":4,"bm":0,"nm":"Stroke 1","mn":"ADBE Vector Graphic - Stroke","hd":false},{"ty":"st","c":{"a":0,"k":[0.847104779412,0.172301737467,0.361718031939,1],"ix":3},"o":{"a":0,"k":100,"ix":4},"w":{"a":0,"k":10,"ix":5},"lc":2,"lj":1,"ml":4,"bm":0,"nm":"Stroke 4","mn":"ADBE Vector Graphic - Stroke","hd":false},{"ty":"st","c":{"a":0,"k":[0.847104779412,0.172301737467,0.361718031939,1],"ix":3},"o":{"a":0,"k":100,"ix":4},"w":{"a":0,"k":10,"ix":5},"lc":2,"lj":1,"ml":4,"bm":0,"nm":"Stroke 2","mn":"ADBE Vector Graphic - Stroke","hd":false},{"ty":"st","c":{"a":0,"k":[0.847104779412,0.172301737467,0.361718031939,1],"ix":3},"o":{"a":0,"k":100,"ix":4},"w":{"a":0,"k":10,"ix":5},"lc":2,"lj":1,"ml":4,"bm":0,"nm":"Stroke 3","mn":"ADBE Vector Graphic - Stroke","hd":false},{"ty":"fl","c":{"a":0,"k":[1,1,1,1],"ix":4},"o":{"a":0,"k":100,"ix":5},"r":1,"bm":0,"nm":"Fill 1","mn":"ADBE Vector Graphic - Fill","hd":false},{"ty":"tr","p":{"a":0,"k":[-0.598,-107.18],"ix":2},"a":{"a":0,"k":[0,0],"ix":1},"s":{"a":0,"k":[100,100],"ix":3},"r":{"a":0,"k":0,"ix":6},"o":{"a":0,"k":100,"ix":7},"sk":{"a":0,"k":0,"ix":4},"sa":{"a":0,"k":0,"ix":5},"nm":"Transform"}],"nm":"Rectangle 1","np":7,"cix":2,"bm":0,"ix":1,"mn":"ADBE Vector Group","hd":false}],"ip":0,"op":600,"st":0,"bm":0},{"ddd":0,"ind":2,"ty":4,"nm":"Shape Layer 14","sr":1,"ks":{"o":{"a":0,"k":100,"ix":11},"r":{"a":0,"k":180,"ix":10},"p":{"a":0,"k":[410,300,0],"ix":2},"a":{"a":0,"k":[0,0,0],"ix":1},"s":{"a":0,"k":[100,100,100],"ix":6}},"ao":0,"shapes":[{"ty":"gr","it":[{"ty":"rc","d":2,"s":{"a":0,"k":[10,215.641],"ix":2},"p":{"a":0,"k":[0,0],"ix":3},"r":{"a":0,"k":0,"ix":4},"nm":"Rectangle Path 1","mn":"ADBE Vector Shape - Rect","hd":false},{"ty":"tm","s":{"a":1,"k":[{"i":{"x":[0.282],"y":[1]},"o":{"x":[0.333],"y":[0]},"t":143,"s":[49]},{"t":173,"s":[0]}],"ix":1},"e":{"a":1,"k":[{"i":{"x":[0.294],"y":[1]},"o":{"x":[0.333],"y":[0]},"t":141,"s":[49]},{"t":172,"s":[0]}],"ix":2},"o":{"a":0,"k":0,"ix":3},"m":1,"ix":2,"nm":"Trim Paths 1","mn":"ADBE Vector Filter - Trim","hd":false},{"ty":"st","c":{"a":0,"k":[0.256742799048,0.512653186275,0.281440046722,1],"ix":3},"o":{"a":0,"k":100,"ix":4},"w":{"a":0,"k":10,"ix":5},"lc":2,"lj":1,"ml":4,"bm":0,"nm":"Stroke 1","mn":"ADBE Vector Graphic - Stroke","hd":false},{"ty":"st","c":{"a":0,"k":[0.256742799048,0.512653186275,0.281440046722,1],"ix":3},"o":{"a":0,"k":100,"ix":4},"w":{"a":0,"k":10,"ix":5},"lc":2,"lj":1,"ml":4,"bm":0,"nm":"Stroke 4","mn":"ADBE Vector Graphic - Stroke","hd":false},{"ty":"st","c":{"a":0,"k":[0.256742799048,0.512653186275,0.281440046722,1],"ix":3},"o":{"a":0,"k":100,"ix":4},"w":{"a":0,"k":10,"ix":5},"lc":2,"lj":1,"ml":4,"bm":0,"nm":"Stroke 2","mn":"ADBE Vector Graphic - Stroke","hd":false},{"ty":"st","c":{"a":0,"k":[0.256742799048,0.512653186275,0.281440046722,1],"ix":3},"o":{"a":0,"k":100,"ix":4},"w":{"a":0,"k":10,"ix":5},"lc":2,"lj":1,"ml":4,"bm":0,"nm":"Stroke 3","mn":"ADBE Vector Graphic - Stroke","hd":false},{"ty":"fl","c":{"a":0,"k":[1,1,1,1],"ix":4},"o":{"a":0,"k":100,"ix":5},"r":1,"bm":0,"nm":"Fill 1","mn":"ADBE Vector Graphic - Fill","hd":false},{"ty":"tr","p":{"a":0,"k":[-0.598,-107.18],"ix":2},"a":{"a":0,"k":[0,0],"ix":1},"s":{"a":0,"k":[100,100],"ix":3},"r":{"a":0,"k":0,"ix":6},"o":{"a":0,"k":100,"ix":7},"sk":{"a":0,"k":0,"ix":4},"sa":{"a":0,"k":0,"ix":5},"nm":"Transform"}],"nm":"Rectangle 1","np":7,"cix":2,"bm":0,"ix":1,"mn":"ADBE Vector Group","hd":false}],"ip":0,"op":600,"st":0,"bm":0},{"ddd":0,"ind":3,"ty":4,"nm":"Shape Layer 13","sr":1,"ks":{"o":{"a":0,"k":100,"ix":11},"r":{"a":0,"k":120,"ix":10},"p":{"a":0,"k":[400,300,0],"ix":2},"a":{"a":0,"k":[0,0,0],"ix":1},"s":{"a":0,"k":[100,100,100],"ix":6}},"ao":0,"shapes":[{"ty":"gr","it":[{"ty":"rc","d":2,"s":{"a":0,"k":[10,215.641],"ix":2},"p":{"a":0,"k":[0,0],"ix":3},"r":{"a":0,"k":0,"ix":4},"nm":"Rectangle Path 1","mn":"ADBE Vector Shape - Rect","hd":false},{"ty":"tm","s":{"a":1,"k":[{"i":{"x":[0.282],"y":[1]},"o":{"x":[0.333],"y":[0]},"t":143,"s":[49]},{"t":173,"s":[0]}],"ix":1},"e":{"a":1,"k":[{"i":{"x":[0.294],"y":[1]},"o":{"x":[0.333],"y":[0]},"t":141,"s":[49]},{"t":172,"s":[0]}],"ix":2},"o":{"a":0,"k":0,"ix":3},"m":1,"ix":2,"nm":"Trim Paths 1","mn":"ADBE Vector Filter - Trim","hd":false},{"ty":"st","c":{"a":0,"k":[0.945098039216,0.56862745098,0.207843137255,1],"ix":3},"o":{"a":0,"k":100,"ix":4},"w":{"a":0,"k":10,"ix":5},"lc":2,"lj":1,"ml":4,"bm":0,"nm":"Stroke 1","mn":"ADBE Vector Graphic - Stroke","hd":false},{"ty":"st","c":{"a":0,"k":[0.945098039216,0.56862745098,0.207843137255,1],"ix":3},"o":{"a":0,"k":100,"ix":4},"w":{"a":0,"k":10,"ix":5},"lc":2,"lj":1,"ml":4,"bm":0,"nm":"Stroke 2","mn":"ADBE Vector Graphic - Stroke","hd":false},{"ty":"fl","c":{"a":0,"k":[1,1,1,1],"ix":4},"o":{"a":0,"k":100,"ix":5},"r":1,"bm":0,"nm":"Fill 1","mn":"ADBE Vector Graphic - Fill","hd":false},{"ty":"tr","p":{"a":0,"k":[-0.598,-107.18],"ix":2},"a":{"a":0,"k":[0,0],"ix":1},"s":{"a":0,"k":[100,100],"ix":3},"r":{"a":0,"k":0,"ix":6},"o":{"a":0,"k":100,"ix":7},"sk":{"a":0,"k":0,"ix":4},"sa":{"a":0,"k":0,"ix":5},"nm":"Transform"}],"nm":"Rectangle 1","np":5,"cix":2,"bm":0,"ix":1,"mn":"ADBE Vector Group","hd":false}],"ip":0,"op":600,"st":0,"bm":0},{"ddd":0,"ind":4,"ty":4,"nm":"Shape Layer 12","sr":1,"ks":{"o":{"a":0,"k":100,"ix":11},"r":{"a":0,"k":240,"ix":10},"p":{"a":0,"k":[400,300,0],"ix":2},"a":{"a":0,"k":[0,0,0],"ix":1},"s":{"a":0,"k":[100,100,100],"ix":6}},"ao":0,"shapes":[{"ty":"gr","it":[{"ty":"rc","d":2,"s":{"a":0,"k":[10,215.641],"ix":2},"p":{"a":0,"k":[0,0],"ix":3},"r":{"a":0,"k":0,"ix":4},"nm":"Rectangle Path 1","mn":"ADBE Vector Shape - Rect","hd":false},{"ty":"tm","s":{"a":1,"k":[{"i":{"x":[0.282],"y":[1]},"o":{"x":[0.333],"y":[0]},"t":143,"s":[49]},{"t":173,"s":[0]}],"ix":1},"e":{"a":1,"k":[{"i":{"x":[0.294],"y":[1]},"o":{"x":[0.333],"y":[0]},"t":141,"s":[49]},{"t":172,"s":[0]}],"ix":2},"o":{"a":0,"k":0,"ix":3},"m":1,"ix":2,"nm":"Trim Paths 1","mn":"ADBE Vector Filter - Trim","hd":false},{"ty":"st","c":{"a":0,"k":[0,0.61568627451,0.858823529412,1],"ix":3},"o":{"a":0,"k":100,"ix":4},"w":{"a":0,"k":10,"ix":5},"lc":2,"lj":1,"ml":4,"bm":0,"nm":"Stroke 1","mn":"ADBE Vector Graphic - Stroke","hd":false},{"ty":"st","c":{"a":0,"k":[0,0.61568627451,0.858823529412,1],"ix":3},"o":{"a":0,"k":100,"ix":4},"w":{"a":0,"k":10,"ix":5},"lc":2,"lj":1,"ml":4,"bm":0,"nm":"Stroke 2","mn":"ADBE Vector Graphic - Stroke","hd":false},{"ty":"fl","c":{"a":0,"k":[1,1,1,1],"ix":4},"o":{"a":0,"k":100,"ix":5},"r":1,"bm":0,"nm":"Fill 1","mn":"ADBE Vector Graphic - Fill","hd":false},{"ty":"tr","p":{"a":0,"k":[-0.598,-107.18],"ix":2},"a":{"a":0,"k":[0,0],"ix":1},"s":{"a":0,"k":[100,100],"ix":3},"r":{"a":0,"k":0,"ix":6},"o":{"a":0,"k":100,"ix":7},"sk":{"a":0,"k":0,"ix":4},"sa":{"a":0,"k":0,"ix":5},"nm":"Transform"}],"nm":"Rectangle 1","np":5,"cix":2,"bm":0,"ix":1,"mn":"ADBE Vector Group","hd":false}],"ip":0,"op":600,"st":0,"bm":0},{"ddd":0,"ind":5,"ty":4,"nm":"Shape Layer 11","sr":1,"ks":{"o":{"a":0,"k":100,"ix":11},"r":{"a":0,"k":300,"ix":10},"p":{"a":0,"k":[400,300,0],"ix":2},"a":{"a":0,"k":[0,0,0],"ix":1},"s":{"a":0,"k":[100,100,100],"ix":6}},"ao":0,"shapes":[{"ty":"gr","it":[{"ty":"rc","d":2,"s":{"a":0,"k":[10,215.641],"ix":2},"p":{"a":0,"k":[0,0],"ix":3},"r":{"a":0,"k":0,"ix":4},"nm":"Rectangle Path 1","mn":"ADBE Vector Shape - Rect","hd":false},{"ty":"tm","s":{"a":1,"k":[{"i":{"x":[0.282],"y":[1]},"o":{"x":[0.333],"y":[0]},"t":143,"s":[49]},{"t":173,"s":[0]}],"ix":1},"e":{"a":1,"k":[{"i":{"x":[0.294],"y":[1]},"o":{"x":[0.333],"y":[0]},"t":141,"s":[49]},{"t":172,"s":[0]}],"ix":2},"o":{"a":0,"k":0,"ix":3},"m":1,"ix":2,"nm":"Trim Paths 1","mn":"ADBE Vector Filter - Trim","hd":false},{"ty":"st","c":{"a":0,"k":[0.945098039216,0.56862745098,0.207843137255,1],"ix":3},"o":{"a":0,"k":100,"ix":4},"w":{"a":0,"k":10,"ix":5},"lc":2,"lj":1,"ml":4,"bm":0,"nm":"Stroke 1","mn":"ADBE Vector Graphic - Stroke","hd":false},{"ty":"st","c":{"a":0,"k":[0.945098039216,0.56862745098,0.207843137255,1],"ix":3},"o":{"a":0,"k":100,"ix":4},"w":{"a":0,"k":10,"ix":5},"lc":2,"lj":1,"ml":4,"bm":0,"nm":"Stroke 2","mn":"ADBE Vector Graphic - Stroke","hd":false},{"ty":"fl","c":{"a":0,"k":[1,1,1,1],"ix":4},"o":{"a":0,"k":100,"ix":5},"r":1,"bm":0,"nm":"Fill 1","mn":"ADBE Vector Graphic - Fill","hd":false},{"ty":"tr","p":{"a":0,"k":[-0.598,-107.18],"ix":2},"a":{"a":0,"k":[0,0],"ix":1},"s":{"a":0,"k":[100,100],"ix":3},"r":{"a":0,"k":0,"ix":6},"o":{"a":0,"k":100,"ix":7},"sk":{"a":0,"k":0,"ix":4},"sa":{"a":0,"k":0,"ix":5},"nm":"Transform"}],"nm":"Rectangle 1","np":5,"cix":2,"bm":0,"ix":1,"mn":"ADBE Vector Group","hd":false}],"ip":0,"op":600,"st":0,"bm":0},{"ddd":0,"ind":6,"ty":4,"nm":"Shape Layer 10","sr":1,"ks":{"o":{"a":0,"k":100,"ix":11},"r":{"a":0,"k":60,"ix":10},"p":{"a":0,"k":[400,300,0],"ix":2},"a":{"a":0,"k":[0,0,0],"ix":1},"s":{"a":0,"k":[100,100,100],"ix":6}},"ao":0,"shapes":[{"ty":"gr","it":[{"ty":"rc","d":2,"s":{"a":0,"k":[10,215.641],"ix":2},"p":{"a":0,"k":[0,0],"ix":3},"r":{"a":0,"k":0,"ix":4},"nm":"Rectangle Path 1","mn":"ADBE Vector Shape - Rect","hd":false},{"ty":"tm","s":{"a":1,"k":[{"i":{"x":[0.282],"y":[1]},"o":{"x":[0.333],"y":[0]},"t":143,"s":[49]},{"t":173,"s":[0]}],"ix":1},"e":{"a":1,"k":[{"i":{"x":[0.294],"y":[1]},"o":{"x":[0.333],"y":[0]},"t":141,"s":[49]},{"t":172,"s":[0]}],"ix":2},"o":{"a":0,"k":0,"ix":3},"m":1,"ix":2,"nm":"Trim Paths 1","mn":"ADBE Vector Filter - Trim","hd":false},{"ty":"st","c":{"a":0,"k":[0.36862745098,0.286274509804,1,1],"ix":3},"o":{"a":0,"k":100,"ix":4},"w":{"a":0,"k":10,"ix":5},"lc":2,"lj":1,"ml":4,"bm":0,"nm":"Stroke 1","mn":"ADBE Vector Graphic - Stroke","hd":false},{"ty":"st","c":{"a":0,"k":[0.36862745098,0.286274509804,1,1],"ix":3},"o":{"a":0,"k":100,"ix":4},"w":{"a":0,"k":10,"ix":5},"lc":2,"lj":1,"ml":4,"bm":0,"nm":"Stroke 2","mn":"ADBE Vector Graphic - Stroke","hd":false},{"ty":"fl","c":{"a":0,"k":[1,1,1,1],"ix":4},"o":{"a":0,"k":100,"ix":5},"r":1,"bm":0,"nm":"Fill 1","mn":"ADBE Vector Graphic - Fill","hd":false},{"ty":"tr","p":{"a":0,"k":[-0.598,-107.18],"ix":2},"a":{"a":0,"k":[0,0],"ix":1},"s":{"a":0,"k":[100,100],"ix":3},"r":{"a":0,"k":0,"ix":6},"o":{"a":0,"k":100,"ix":7},"sk":{"a":0,"k":0,"ix":4},"sa":{"a":0,"k":0,"ix":5},"nm":"Transform"}],"nm":"Rectangle 1","np":5,"cix":2,"bm":0,"ix":1,"mn":"ADBE Vector Group","hd":false}],"ip":0,"op":600,"st":0,"bm":0}]}],"layers":[{"ddd":0,"ind":5,"ty":4,"nm":"main 2","td":1,"sr":1,"ks":{"o":{"a":0,"k":100,"ix":11},"r":{"a":0,"k":0,"ix":10},"p":{"a":0,"k":[304,318,0],"ix":2},"a":{"a":0,"k":[0,0,0],"ix":1},"s":{"a":1,"k":[{"i":{"x":[0.43,0.43,0.667],"y":[0.802,0.802,-16.035]},"o":{"x":[0.573,0.573,0.333],"y":[0.004,0.004,0]},"t":0,"s":[0,0,100]},{"i":{"x":[0.566,0.566,0.667],"y":[0.436,0.436,1]},"o":{"x":[0.245,0.245,0.333],"y":[-1.076,-1.076,10.902]},"t":25,"s":[63.125,63.125,100]},{"i":{"x":[0.553,0.553,0.667],"y":[3.416,3.416,1]},"o":{"x":[0.167,0.167,0.167],"y":[0,0,0]},"t":41,"s":[59.933,59.933,100]},{"i":{"x":[0.053,0.053,0.667],"y":[-0.291,-0.291,1]},"o":{"x":[0.167,0.167,0.167],"y":[0,0,0]},"t":506,"s":[59.933,59.933,100]},{"i":{"x":[0.436,0.436,0.667],"y":[0.997,0.997,1]},"o":{"x":[0.766,0.766,0.333],"y":[-0.092,-0.092,0]},"t":522,"s":[63.125,63.125,100]},{"t":550,"s":[0,0,100]}],"ix":6}},"ao":0,"shapes":[{"ty":"gr","it":[{"d":1,"ty":"el","s":{"a":0,"k":[335.438,335.438],"ix":2},"p":{"a":0,"k":[0,0],"ix":3},"nm":"Ellipse Path 1","mn":"ADBE Vector Shape - Ellipse","hd":false},{"ty":"fl","c":{"a":0,"k":[0,0.835294117647,0.525490196078,1],"ix":4},"o":{"a":0,"k":100,"ix":5},"r":1,"bm":0,"nm":"Fill 1","mn":"ADBE Vector Graphic - Fill","hd":false},{"ty":"tr","p":{"a":0,"k":[-1.859,-15.156],"ix":2},"a":{"a":0,"k":[0,0],"ix":1},"s":{"a":0,"k":[100,100],"ix":3},"r":{"a":0,"k":0,"ix":6},"o":{"a":0,"k":100,"ix":7},"sk":{"a":0,"k":0,"ix":4},"sa":{"a":0,"k":0,"ix":5},"nm":"Transform"}],"nm":"Ellipse 1","np":3,"cix":2,"bm":0,"ix":1,"mn":"ADBE Vector Group","hd":false}],"ip":-66,"op":624,"st":-66,"bm":0},{"ddd":0,"ind":6,"ty":4,"nm":"leadiq","tt":1,"sr":1,"ks":{"o":{"a":0,"k":100,"ix":11},"r":{"a":0,"k":0,"ix":10},"p":{"a":1,"k":[{"i":{"x":0.833,"y":0.833},"o":{"x":0.167,"y":0.167},"t":21,"s":[306,544.785,0],"to":[0,-28.131,0],"ti":[0,29,0]},{"i":{"x":0.833,"y":0.833},"o":{"x":0.167,"y":0.167},"t":33,"s":[306,376,0],"to":[0,0,0],"ti":[0,0.359,0]},{"i":{"x":0.833,"y":0.833},"o":{"x":0.167,"y":0.167},"t":83,"s":[306,376,0],"to":[0,-1.506,0],"ti":[0,0,0]},{"i":{"x":0.833,"y":0.833},"o":{"x":0.167,"y":0.167},"t":528,"s":[302,370.785,0],"to":[0,2.705,0],"ti":[0,-4.077,0]},{"i":{"x":0.833,"y":0.833},"o":{"x":0.167,"y":0.167},"t":529,"s":[306,376,0],"to":[0,3.082,0],"ti":[0.045,-3.725,0]},{"i":{"x":0.833,"y":0.833},"o":{"x":0.167,"y":0.167},"t":530,"s":[306,391.27,0],"to":[-0.47,39.249,0],"ti":[0.617,-32.48,0]},{"i":{"x":0.833,"y":0.833},"o":{"x":0.167,"y":0.167},"t":544,"s":[306,534.538,0],"to":[-0.078,4.079,0],"ti":[0,-2.706,0]},{"t":545,"s":[302,544.785,0]}],"ix":2,"x":"var $bm_rt;\nvar freq, decay, n, n, t, amp, w;\nfreq = 1;\ndecay = 6;\n$bm_rt = n = 0;\nif (numKeys > 0) {\n    $bm_rt = n = nearestKey(time).index;\n    if (key(n).time > time)\n        n--;\n}\nif (n > 0) {\n    t = $bm_sub(time, key(n).time);\n    amp = velocityAtTime($bm_sub(key(n).time, 0.001));\n    w = $bm_mul($bm_mul(freq, Math.PI), 2);\n    $bm_rt = $bm_sum(value, $bm_mul(amp, $bm_div($bm_div(Math.sin($bm_mul(t, w)), Math.exp($bm_mul(decay, t))), w)));\n} else\n    $bm_rt = value;"},"a":{"a":0,"k":[114.749,223.868,0],"ix":1},"s":{"a":0,"k":[58.062,58.062,100],"ix":6}},"ao":0,"shapes":[{"ty":"gr","it":[{"ind":0,"ty":"sh","ix":1,"ks":{"a":0,"k":{"i":[[6.213,-10.27],[0,0],[0,0],[0,0],[8.877,0],[0,37.658],[-37.843,0],[0,-37.658]],"o":[[0,0],[0,0],[0,0],[-7.796,3.069],[-37.843,0],[0,-37.658],[37.843,0],[0,12.83]],"v":[[50.942,24.031],[104.577,75.532],[74.017,106.999],[17.238,52.48],[-7.925,57.236],[-76.581,-11.086],[-7.925,-79.407],[60.731,-11.087]],"c":true},"ix":2},"nm":"Path 1","mn":"ADBE Vector Shape - Group","hd":false},{"ind":1,"ty":"sh","ix":2,"ks":{"a":0,"k":{"i":[[52.929,0],[0,-52.889],[-52.929,0],[0,52.889]],"o":[[-52.929,0],[0,52.89],[52.928,0],[0,-52.89]],"v":[[-8.591,-106.999],[-104.577,-11.086],[-8.591,84.826],[87.394,-11.087]],"c":true},"ix":2},"nm":"Path 2","mn":"ADBE Vector Shape - Group","hd":false},{"ty":"mm","mm":1,"nm":"Merge Paths 1","mn":"ADBE Vector Filter - Merge","hd":false},{"ty":"fl","c":{"a":0,"k":[1,1,1,1],"ix":4},"o":{"a":0,"k":100,"ix":5},"r":1,"bm":0,"nm":"Fill 1","mn":"ADBE Vector Graphic - Fill","hd":false},{"ty":"tr","p":{"a":0,"k":[113.369,116.869],"ix":2},"a":{"a":0,"k":[0,0],"ix":1},"s":{"a":0,"k":[100,100],"ix":3},"r":{"a":0,"k":0,"ix":6},"o":{"a":0,"k":100,"ix":7},"sk":{"a":0,"k":0,"ix":4},"sa":{"a":0,"k":0,"ix":5},"nm":"Transform"}],"nm":"Group 1","np":4,"cix":2,"bm":0,"ix":1,"mn":"ADBE Vector Group","hd":false}],"ip":0,"op":945,"st":0,"bm":0},{"ddd":0,"ind":7,"ty":4,"nm":"main","sr":1,"ks":{"o":{"a":0,"k":100,"ix":11},"r":{"a":0,"k":0,"ix":10},"p":{"a":0,"k":[304,318,0],"ix":2},"a":{"a":0,"k":[0,0,0],"ix":1},"s":{"a":1,"k":[{"i":{"x":[0.43,0.43,0.667],"y":[0.802,0.802,-16.035]},"o":{"x":[0.573,0.573,0.333],"y":[0.004,0.004,0]},"t":0,"s":[0,0,100]},{"i":{"x":[0.566,0.566,0.667],"y":[0.436,0.436,1]},"o":{"x":[0.245,0.245,0.333],"y":[-1.076,-1.076,10.902]},"t":25,"s":[63.125,63.125,100]},{"i":{"x":[0.553,0.553,0.667],"y":[3.416,3.416,1]},"o":{"x":[0.167,0.167,0.167],"y":[0,0,0]},"t":41,"s":[59.933,59.933,100]},{"i":{"x":[0.053,0.053,0.667],"y":[-0.291,-0.291,1]},"o":{"x":[0.167,0.167,0.167],"y":[0,0,0]},"t":506,"s":[59.933,59.933,100]},{"i":{"x":[0.436,0.436,0.667],"y":[0.997,0.997,1]},"o":{"x":[0.766,0.766,0.333],"y":[-0.092,-0.092,0]},"t":522,"s":[63.125,63.125,100]},{"t":550,"s":[0,0,100]}],"ix":6}},"ao":0,"shapes":[{"ty":"gr","it":[{"d":1,"ty":"el","s":{"a":0,"k":[335.438,335.438],"ix":2},"p":{"a":0,"k":[0,0],"ix":3},"nm":"Ellipse Path 1","mn":"ADBE Vector Shape - Ellipse","hd":false},{"ty":"fl","c":{"a":0,"k":[0,0.835294117647,0.525490196078,1],"ix":4},"o":{"a":0,"k":100,"ix":5},"r":1,"bm":0,"nm":"Fill 1","mn":"ADBE Vector Graphic - Fill","hd":false},{"ty":"tr","p":{"a":0,"k":[-1.859,-15.156],"ix":2},"a":{"a":0,"k":[0,0],"ix":1},"s":{"a":0,"k":[100,100],"ix":3},"r":{"a":0,"k":0,"ix":6},"o":{"a":0,"k":100,"ix":7},"sk":{"a":0,"k":0,"ix":4},"sa":{"a":0,"k":0,"ix":5},"nm":"Transform"}],"nm":"Ellipse 1","np":3,"cix":2,"bm":0,"ix":1,"mn":"ADBE Vector Group","hd":false}],"ip":-66,"op":624,"st":-66,"bm":0},{"ddd":0,"ind":8,"ty":0,"nm":"all logo","refId":"comp_0","sr":1,"ks":{"o":{"a":0,"k":100,"ix":11},"r":{"a":0,"k":0,"ix":10},"p":{"a":0,"k":[324,304.547,0],"ix":2},"a":{"a":0,"k":[400,304.547,0],"ix":1},"s":{"a":0,"k":[100,100,100],"ix":6}},"ao":0,"w":800,"h":600,"ip":53,"op":953,"st":53,"bm":0},{"ddd":0,"ind":9,"ty":0,"nm":"line","refId":"comp_4","sr":1,"ks":{"o":{"a":0,"k":100,"ix":11},"r":{"a":0,"k":0,"ix":10},"p":{"a":0,"k":[300,308,0],"ix":2},"a":{"a":0,"k":[400,300,0],"ix":1},"s":{"a":0,"k":[100,100,100],"ix":6}},"ao":0,"w":800,"h":600,"ip":-117,"op":483,"st":-117,"bm":0}],"markers":[]}