{"nm":"åå§åç©ºå±","ddd":0,"h":101,"w":100,"meta":{"g":"@lottiefiles/toolkit-js 0.26.1"},"layers":[{"ty":0,"nm":"precomp_1562721694889","sr":1,"st":0,"op":750,"ip":0,"hd":false,"cl":"precomp handlehook","ln":"precomp_1562721694889","ddd":0,"bm":0,"hasMask":false,"ao":0,"ks":{"a":{"a":0,"k":[68.5,69.5,0],"ix":1},"s":{"a":0,"k":[72.66,72.66,0],"ix":6},"sk":{"a":0,"k":0},"p":{"a":0,"k":[50,50.5,0],"ix":2},"r":{"a":0,"k":0,"ix":10},"sa":{"a":0,"k":0},"o":{"a":0,"k":100,"ix":11}},"ef":[],"w":137,"h":139,"refId":"2","ind":1}],"v":"5.5.5","fr":25,"op":25,"ip":0,"assets":[{"nm":"","id":"0","layers":[{"ty":4,"nm":"å½¢ç¶å¾å± 3","sr":1,"st":0,"op":5,"ip":0,"hd":false,"ddd":0,"bm":0,"hasMask":false,"ao":0,"ks":{"a":{"a":0,"k":[20,86,0],"ix":1},"s":{"a":0,"k":[47.059,33.333,100],"ix":6},"sk":{"a":0,"k":0},"p":{"a":1,"k":[{"o":{"x":0.168,"y":0.168},"i":{"x":0.833,"y":0.833},"s":[514.25,599,0],"t":0,"ti":[-12,-8.917,0],"to":[5.167,0.583,0]},{"s":[545.25,602.5,0],"t":4}],"ix":2},"r":{"a":0,"k":-19,"ix":10},"sa":{"a":0,"k":0},"o":{"a":0,"k":100,"ix":11}},"ef":[],"shapes":[{"ty":"gr","bm":0,"hd":false,"nm":"å½¢ç¶ 1","ix":1,"cix":2,"np":3,"it":[{"ty":"sh","bm":0,"hd":false,"nm":"è·¯å¾ 1","ix":1,"d":1,"ks":{"a":1,"k":[{"o":{"x":0.168,"y":0.168},"i":{"x":0.833,"y":0.833},"s":[{"c":false,"i":[[0,0],[0,0]],"o":[[0,0],[0,0]],"v":[[18,86],[29.068,78.138]]}],"t":0},{"o":{"x":0.168,"y":0.168},"i":{"x":0.833,"y":0.833},"s":[{"c":false,"i":[[0,0],[-0.939,-6.153]],"o":[[0.138,-1.087],[0.939,6.153]],"v":[[19.76,80.51],[34.547,99.442]]}],"t":2},{"s":[{"c":false,"i":[[0,0],[-1.191,-1.397]],"o":[[0.276,-2.174],[0,0]],"v":[[16.901,87.052],[23.047,98.215]]}],"t":4}],"ix":2}},{"ty":"st","bm":0,"hd":false,"nm":"æè¾¹ 1","lc":2,"lj":1,"ml":4,"o":{"a":0,"k":100,"ix":4},"w":{"a":0,"k":8,"ix":5},"c":{"a":0,"k":[0.1294,0.4941,0.9922],"ix":3}},{"ty":"tr","a":{"a":0,"k":[0,0],"ix":1},"s":{"a":0,"k":[100,100],"ix":3},"sk":{"a":0,"k":0,"ix":4},"p":{"a":0,"k":[0,0],"ix":2},"r":{"a":0,"k":0,"ix":6},"sa":{"a":0,"k":0,"ix":5},"o":{"a":0,"k":100,"ix":7}}]}],"ind":1},{"ty":4,"nm":"å½¢ç¶å¾å± 2","sr":1,"st":0,"op":6,"ip":0,"hd":false,"ddd":0,"bm":0,"hasMask":false,"ao":0,"ks":{"a":{"a":0,"k":[20,86,0],"ix":1},"s":{"a":0,"k":[47.059,33.333,100],"ix":6},"sk":{"a":0,"k":0},"p":{"a":1,"k":[{"o":{"x":0.168,"y":0.168},"i":{"x":0.833,"y":0.833},"s":[507.75,594,0],"t":0,"ti":[16,5.583,0],"to":[-2.5,-4.583,0]},{"s":[492.75,566.5,0],"t":4}],"ix":2},"r":{"a":0,"k":-19,"ix":10},"sa":{"a":0,"k":0},"o":{"a":0,"k":100,"ix":11}},"ef":[],"shapes":[{"ty":"gr","bm":0,"hd":false,"nm":"å½¢ç¶ 1","ix":1,"cix":2,"np":3,"it":[{"ty":"sh","bm":0,"hd":false,"nm":"è·¯å¾ 1","ix":1,"d":1,"ks":{"a":1,"k":[{"o":{"x":0.168,"y":0.168},"i":{"x":0.833,"y":0.833},"s":[{"c":false,"i":[[0,0],[0,0],[0,0]],"o":[[0,0],[0,0],[0,0]],"v":[[18,86],[19.043,84.342],[27.438,71]]}],"t":0},{"o":{"x":0.168,"y":0.168},"i":{"x":0.833,"y":0.833},"s":[{"c":false,"i":[[0,0],[-0.675,1.073],[-1.685,2.679]],"o":[[0.618,-0.982],[2.762,-4.389],[0,0]],"v":[[29.766,103.302],[28.177,83.725],[27.438,71]]}],"t":2},{"o":{"x":0.168,"y":0.168},"i":{"x":0.833,"y":0.833},"s":[{"c":false,"i":[[0,0],[3.647,-1.74],[1.199,2.588]],"o":[[0.309,-0.491],[1.158,-0.684],[0,0]],"v":[[28.92,78.495],[22.601,63.175],[20.974,58.339]]}],"t":3},{"s":[{"c":false,"i":[[0,0],[0,0],[0,0]],"o":[[0,0],[0,0],[0,0]],"v":[[23.578,72.125],[26.592,67.899],[27.438,71]]}],"t":4}],"ix":2}},{"ty":"st","bm":0,"hd":false,"nm":"æè¾¹ 1","lc":2,"lj":1,"ml":4,"o":{"a":0,"k":100,"ix":4},"w":{"a":0,"k":8,"ix":5},"c":{"a":0,"k":[0.1294,0.4941,0.9922],"ix":3}},{"ty":"tr","a":{"a":0,"k":[0,0],"ix":1},"s":{"a":0,"k":[100,100],"ix":3},"sk":{"a":0,"k":0,"ix":4},"p":{"a":0,"k":[0,0],"ix":2},"r":{"a":0,"k":0,"ix":6},"sa":{"a":0,"k":0,"ix":5},"o":{"a":0,"k":100,"ix":7}}]}],"ind":2},{"ty":4,"nm":"å½¢ç¶å¾å± 1","sr":1,"st":0,"op":6,"ip":0,"hd":false,"ddd":0,"bm":0,"hasMask":false,"ao":0,"ks":{"a":{"a":0,"k":[20,86,0],"ix":1},"s":{"a":0,"k":[47.059,33.333,100],"ix":6},"sk":{"a":0,"k":0},"p":{"a":1,"k":[{"o":{"x":0.168,"y":0.168},"i":{"x":0.833,"y":0.833},"s":[512.5,594,0],"t":0,"ti":[-4.5,4.938,0],"to":[4.5,-4.938,0]},{"s":[539.5,564.375,0],"t":4}],"ix":2},"r":{"a":0,"k":0,"ix":10},"sa":{"a":0,"k":0},"o":{"a":0,"k":100,"ix":11}},"ef":[],"shapes":[{"ty":"gr","bm":0,"hd":false,"nm":"å½¢ç¶ 1","ix":1,"cix":2,"np":3,"it":[{"ty":"sh","bm":0,"hd":false,"nm":"è·¯å¾ 1","ix":1,"d":1,"ks":{"a":1,"k":[{"o":{"x":0.168,"y":0.168},"i":{"x":0.833,"y":0.833},"s":[{"c":false,"i":[[0,0],[0,0],[0,0]],"o":[[0,0],[0,0],[0,0]],"v":[[18,86],[19.043,84.342],[27.438,71]]}],"t":0},{"o":{"x":0.168,"y":0.168},"i":{"x":0.833,"y":0.833},"s":[{"c":false,"i":[[0,0],[-0.675,1.073],[-1.685,2.679]],"o":[[0.618,-0.982],[2.762,-4.389],[0,0]],"v":[[12.688,95],[19.951,82.899],[27.438,71]]}],"t":2},{"s":[{"c":false,"i":[[0,0],[0,0],[0,0]],"o":[[0,0],[0,0],[0,0]],"v":[[23.578,72.125],[26.592,67.899],[27.438,71]]}],"t":4}],"ix":2}},{"ty":"st","bm":0,"hd":false,"nm":"æè¾¹ 1","lc":2,"lj":1,"ml":4,"o":{"a":0,"k":100,"ix":4},"w":{"a":0,"k":8,"ix":5},"c":{"a":0,"k":[0.1294,0.4941,0.9922],"ix":3}},{"ty":"tr","a":{"a":0,"k":[0,0],"ix":1},"s":{"a":0,"k":[100,100],"ix":3},"sk":{"a":0,"k":0,"ix":4},"p":{"a":0,"k":[0,0],"ix":2},"r":{"a":0,"k":0,"ix":6},"sa":{"a":0,"k":0,"ix":5},"o":{"a":0,"k":100,"ix":7}}]}],"ind":3}]},{"nm":"","id":"1","layers":[{"ty":4,"nm":"âCombined Shapeâè½®å»","sr":1,"st":0,"op":50,"ip":0,"hd":false,"ddd":0,"bm":0,"hasMask":false,"ao":0,"ks":{"a":{"a":0,"k":[16.5,16.5,0],"ix":1},"s":{"a":0,"k":[190,190,100],"ix":6},"sk":{"a":0,"k":0},"p":{"a":0,"k":[48.5,78,0],"ix":2},"r":{"a":0,"k":0,"ix":10},"sa":{"a":0,"k":0},"o":{"a":0,"k":100,"ix":11}},"ef":[],"shapes":[{"ty":"gr","bm":0,"hd":false,"nm":"ç» 1","ix":1,"cix":2,"np":5,"it":[{"ty":"sh","bm":0,"hd":false,"nm":"è·¯å¾ 1","ix":1,"d":1,"ks":{"a":0,"k":{"c":true,"i":[[0,0],[-0.173,-0.017],[-0.3,-0.272],[-0.038,-0.403],[0.009,-0.388],[0,-0.113],[0,0],[0.168,-0.359],[0.684,0],[0,0],[0.109,0.003],[0.318,0.268],[0.058,0.389],[-0.001,-0.014],[0.031,0.482],[0.001,0.016],[-0.132,0.312],[-0.539,0.013],[-0.063,0]],"o":[[0.383,0],[0.383,0.038],[0.33,0.3],[0.016,0.169],[-0.003,0.147],[0,0],[0,0.651],[-0.306,0.656],[0,0],[-0.014,0],[-0.381,-0.014],[-0.338,-0.284],[-0.015,-0.113],[-0.792,-9.538],[-0.014,-0.225],[-0.029,-0.413],[0.257,-0.611],[0.094,-0.003],[0,0]],"v":[[-9.189,-3.226],[-8.51,-3.207],[-7.508,-2.797],[-7.01,-1.74],[-7.003,-1.114],[-7.008,-0.754],[-7.008,14.158],[-7.188,15.337],[-8.76,16.253],[-13.081,16.253],[-13.622,16.253],[-14.618,15.901],[-15.137,14.915],[-15.191,14.37],[-16.426,-0.675],[-16.486,-1.465],[-16.376,-2.389],[-15.083,-3.236],[-14.628,-3.226]]},"ix":2}},{"ty":"sh","bm":0,"hd":false,"nm":"è·¯å¾ 2","ix":2,"d":1,"ks":{"a":0,"k":{"c":true,"i":[[0,0],[-0.725,-8.722],[0,0],[0,0]],"o":[[0.064,0.871],[0,0],[0,0],[0,0]],"v":[[-13.924,-0.725],[-12.734,13.752],[-9.508,13.752],[-9.508,-0.725]]},"ix":2}},{"ty":"sh","bm":0,"hd":false,"nm":"è·¯å¾ 3","ix":3,"d":1,"ks":{"a":0,"k":{"c":true,"i":[[0,0],[0.434,-2.471],[0.276,-1.337],[1.364,-4.654],[0,0],[0.003,-0.006],[0.003,-0.015],[0.016,-0.05],[0.038,-0.097],[0.169,-0.27],[1.075,0],[0,0],[0,3.192],[0,0],[-0.571,0.425],[-0.183,3.256],[-1.278,0.26],[0,-4.684],[0.684,-2.043]],"o":[[2.577,0],[-0.021,0.425],[-0.495,2.398],[0,0],[-0.003,0.011],[-0.003,0.013],[-0.011,0.038],[-0.027,0.085],[-0.108,0.282],[-0.556,0.891],[0,0],[-3.007,0],[0,0],[0,-0.711],[3.731,-2.777],[0.087,-1.534],[2.76,-0.558],[0,1.832],[0,0]],"v":[[13.088,-3.726],[16.415,-0.381],[16.003,2.184],[13.258,12.68],[13.258,12.68],[13.253,12.697],[13.247,12.725],[13.219,12.813],[13.122,13.088],[12.71,13.921],[10.277,15.408],[-1.146,15.408],[-5.497,11.08],[-5.497,-2.345],[-4.59,-4.149],[1.225,-13.183],[3.555,-16.179],[7.783,-9.538],[6.755,-3.726]]},"ix":2}},{"ty":"sh","bm":0,"hd":false,"nm":"è·¯å¾ 4","ix":4,"d":1,"ks":{"a":0,"k":{"c":true,"i":[[-0.014,0.069],[0,0],[-0.05,0.397],[0,0],[0,0],[0,0.055],[0.262,0.001],[0.191,0],[0,0],[0.173,0.069],[-0.3,0.75],[0,1.913],[0.656,-0.132],[0.025,-0.435],[4.217,-3.169],[0,0],[-1.711,0],[0,0],[-0.145,0.233],[-0.055,0.141],[-0.011,0.038],[-0.001,0.009],[0,0],[0,0],[-0.48,2.324]],"o":[[0,0],[0.173,-1.007],[0,0],[0,0],[0.021,-0.159],[0,-0.178],[-0.125,0.006],[0,0],[-0.187,0],[-0.75,-0.3],[0.918,-2.29],[0,-3.335],[-0.125,0.025],[-0.225,4.038],[0,0],[0,1.709],[0,0],[0.062,0],[0.077,-0.122],[0.018,-0.05],[0.006,-0.017],[0,0],[0,0],[1.356,-4.626],[0.016,-0.071]],"v":[[13.596,1.472],[13.583,1.48],[13.917,-0.626],[13.917,-0.632],[13.921,-0.646],[13.952,-0.967],[13.559,-1.236],[13.088,-1.226],[5.27,-1.226],[4.725,-1.331],[3.911,-3.233],[5.283,-9.538],[4.051,-13.728],[3.721,-13.043],[-2.997,-2.219],[-2.997,11.08],[-1.146,12.908],[10.277,12.908],[10.59,12.596],[10.79,12.193],[10.835,12.062],[10.842,12.035],[10.842,12.037],[10.85,12.008],[13.555,1.679]]},"ix":2}},{"ty":"fl","bm":0,"hd":false,"nm":"å¡«å 1","c":{"a":0,"k":[0.7725,0.8078,0.851],"ix":4},"r":1,"o":{"a":0,"k":100,"ix":5}},{"ty":"tr","a":{"a":0,"k":[0,0],"ix":1},"s":{"a":0,"k":[100,100],"ix":3},"sk":{"a":0,"k":0,"ix":4},"p":{"a":0,"k":[16.5,16.256],"ix":2},"r":{"a":0,"k":0,"ix":6},"sa":{"a":0,"k":0,"ix":5},"o":{"a":0,"k":100,"ix":7}}]}],"ind":1}]},{"nm":"","id":"2","layers":[{"ty":0,"nm":"é¢åæ 2","sr":1,"st":8,"op":14,"ip":8,"hd":false,"ddd":0,"bm":0,"hasMask":false,"ao":0,"ks":{"a":{"a":0,"k":[500,500,0],"ix":1},"s":{"a":0,"k":[100,100,100],"ix":6},"sk":{"a":0,"k":0},"p":{"a":0,"k":[67.5,-35.5,0],"ix":2},"r":{"a":0,"k":0,"ix":10},"sa":{"a":0,"k":0},"o":{"a":0,"k":100,"ix":11}},"ef":[],"w":1000,"h":1000,"refId":"0","ind":1},{"ty":0,"nm":"zhongjian 2","sr":1,"st":-11.083,"op":6,"ip":-0.25,"hd":false,"ddd":0,"bm":0,"hasMask":false,"ao":0,"ks":{"a":{"a":0,"k":[19,105,0],"ix":1},"s":{"a":0,"k":[100,100,100],"ix":6},"sk":{"a":0,"k":0},"p":{"a":0,"k":[41,109,0],"ix":2},"r":{"a":1,"k":[{"o":{"x":0.168,"y":0.168},"i":{"x":0.833,"y":0.833},"s":[0],"t":1},{"o":{"x":0.168,"y":0.168},"i":{"x":0.833,"y":0.833},"s":[14],"t":6},{"s":[0],"t":7}],"ix":10},"sa":{"a":0,"k":0},"o":{"a":0,"k":100,"ix":11}},"ef":[],"w":88,"h":118,"refId":"1","ind":2},{"ty":4,"nm":"âShape Copy 3âè½®å»","sr":1,"st":0,"op":56,"ip":6,"hd":false,"ddd":0,"bm":0,"hasMask":false,"ao":0,"ks":{"a":{"a":0,"k":[1.368,31.895,0],"ix":1},"s":{"a":0,"k":[190,190,100],"ix":6},"sk":{"a":0,"k":0},"p":{"a":0,"k":[42.25,111.75,0],"ix":2},"r":{"a":1,"k":[{"o":{"x":0.168,"y":0.168},"i":{"x":0.833,"y":0.833},"s":[9.768],"t":6},{"o":{"x":0.168,"y":0.168},"i":{"x":0.833,"y":0.833},"s":[-14.232],"t":8},{"o":{"x":0.168,"y":0.168},"i":{"x":0.833,"y":0.833},"s":[-0.232],"t":10},{"o":{"x":0.168,"y":0.168},"i":{"x":0.833,"y":0.833},"s":[5.884],"t":12},{"s":[0],"t":14}],"ix":10},"sa":{"a":0,"k":0},"o":{"a":0,"k":100,"ix":11}},"ef":[],"shapes":[{"ty":"gr","bm":0,"hd":false,"nm":"ç» 1","ix":1,"cix":2,"np":3,"it":[{"ty":"sh","bm":0,"hd":false,"nm":"è·¯å¾ 1","ix":1,"d":1,"ks":{"a":0,"k":{"c":true,"i":[[0,0],[0,-0.613],[0,0],[0.653,0],[0,0],[0,1.053],[0,0.408],[-1.141,0]],"o":[[0.667,0],[0,0],[0,0.613],[0,0],[-0.667,0],[-0.889,-10.624],[0,-0.613],[0,0]],"v":[[-8.833,-2.982],[-7.5,-1.756],[-7.5,14.792],[-8.819,16.018],[-13.833,16.018],[-15.166,14.792],[-16.5,-1.756],[-15.166,-2.982]]},"ix":2}},{"ty":"sh","bm":0,"hd":false,"nm":"è·¯å¾ 2","ix":2,"d":1,"ks":{"a":1,"k":[{"o":{"x":0.168,"y":0.168},"i":{"x":0.833,"y":0.833},"s":[{"c":true,"i":[[0,0],[0,-1.81],[3.182,-10.594],[2.161,0],[0,0],[0,2.463],[0,0],[-0.388,0.478],[-7.82,1.839],[0.343,-1.382],[5.236,-0.204]],"o":[[0.516,0],[0,0],[0,0],[0,0],[-1.518,0],[0,0],[0,-0.615],[2.15,-2.643],[6.124,0.239],[0,0],[0,0]],"v":[[13.992,-3.375],[16.447,-1.305],[13.318,12.384],[10.485,15.176],[-1.954,15.176],[-5.394,11.707],[-5.394,-2.176],[-4.626,-3.752],[8.123,-8.379],[13.542,-3.425],[5.79,-3.375]]}],"t":6},{"o":{"x":0.168,"y":0.168},"i":{"x":0.833,"y":0.833},"s":[{"c":true,"i":[[0,0],[0,-1.81],[3.182,-10.594],[2.161,0],[0,0],[0,2.463],[0,0],[-0.388,0.478],[-3.826,3.052],[0.091,-2.588],[3.549,-2.03]],"o":[[0.516,0],[0,0],[0,0],[0,0],[-1.518,0],[0,0],[0,-0.615],[2.15,-2.643],[2.463,-2.208],[0,0],[0,0]],"v":[[13.992,-3.375],[16.447,-1.305],[13.318,12.384],[10.485,15.176],[-1.954,15.176],[-5.394,11.707],[-5.394,-2.176],[-4.626,-3.752],[5.577,-10.653],[10.771,-9.625],[5.79,-3.375]]}],"t":8},{"o":{"x":0.168,"y":0.168},"i":{"x":0.833,"y":0.833},"s":[{"c":true,"i":[[0,0],[0,-1.81],[3.182,-10.594],[2.161,0],[0,0],[0,2.463],[0,0],[-0.438,0.434],[0.072,5.299],[-1.288,-0.178],[3.416,-11.899]],"o":[[0.516,0],[0,0],[0,0],[0,0],[-1.518,0],[0,0],[0,-0.615],[2.135,-2.11],[0.099,-1.543],[0,0],[0,0]],"v":[[13.992,-3.375],[16.447,-1.305],[13.318,12.384],[10.485,15.176],[-1.954,15.176],[-5.394,11.707],[-5.394,-2.176],[-4.626,-3.752],[1.409,-13.829],[3.458,-16.045],[5.79,-3.375]]}],"t":10},{"o":{"x":0.168,"y":0.168},"i":{"x":0.833,"y":0.833},"s":[{"c":true,"i":[[0,0],[0,-1.81],[3.182,-10.594],[2.161,0],[0,0],[0,2.463],[0,0],[-0.438,0.434],[-0.877,5.208],[-1.288,-0.178],[3.576,-10.653]],"o":[[0.516,0],[0,0],[0,0],[0,0],[-1.518,0],[0,0],[0,-0.615],[2.135,-2.11],[0.099,-1.543],[0,0],[0,0]],"v":[[13.992,-3.375],[16.447,-1.305],[13.318,12.384],[10.485,15.176],[-1.954,15.176],[-5.394,11.707],[-5.394,-2.176],[-4.626,-3.752],[1.576,-12.854],[4.166,-15.589],[5.79,-3.375]]}],"t":12},{"s":[{"c":true,"i":[[0,0],[0,-1.81],[3.182,-10.594],[2.161,0],[0,0],[0,2.463],[0,0],[-0.438,0.434],[0.072,5.299],[-1.288,-0.178],[3.416,-11.899]],"o":[[0.516,0],[0,0],[0,0],[0,0],[-1.518,0],[0,0],[0,-0.615],[2.135,-2.11],[0.099,-1.543],[0,0],[0,0]],"v":[[13.992,-3.375],[16.447,-1.305],[13.318,12.384],[10.485,15.176],[-1.954,15.176],[-5.394,11.707],[-5.394,-2.176],[-4.626,-3.752],[1.409,-13.829],[3.458,-16.045],[5.79,-3.375]]}],"t":17}],"ix":2}},{"ty":"fl","bm":0,"hd":false,"nm":"å¡«å 1","c":{"a":0,"k":[0.1294,0.4941,0.9922],"ix":4},"r":1,"o":{"a":0,"k":100,"ix":5}},{"ty":"tr","a":{"a":0,"k":[0,0],"ix":1},"s":{"a":0,"k":[100,100],"ix":3},"sk":{"a":0,"k":0,"ix":4},"p":{"a":0,"k":[16.5,16.018],"ix":2},"r":{"a":0,"k":0,"ix":6},"sa":{"a":0,"k":0,"ix":5},"o":{"a":0,"k":100,"ix":7}}]}],"ind":3}]}]}