{"nm":"newScene","ddd":0,"h":362,"w":388,"meta":{"g":"SVG to Lottie v0.13.3-0.5.2"},"layers":[{"ty":4,"nm":"","sr":1,"st":0,"op":250,"ip":0,"hd":false,"ddd":0,"bm":0,"hasMask":false,"ao":0,"ks":{"a":{"a":0,"k":[0,0]},"s":{"a":0,"k":[100,100]},"sk":{"a":0,"k":0},"p":{"a":0,"k":[0,0]},"r":{"a":0,"k":0},"sa":{"a":0,"k":0},"o":{"a":0,"k":100}},"ef":[],"shapes":[{"ty":"gr","bm":0,"hd":false,"nm":"","it":[{"ty":"el","bm":0,"hd":false,"nm":"","d":1,"p":{"a":0,"k":[228.206,107.92]},"s":{"a":0,"k":[3.51736,3.50076]}},{"ty":"fl","bm":0,"hd":false,"nm":"","c":{"a":0,"k":[1,1,1]},"r":1,"o":{"a":0,"k":100}},{"ty":"tm","bm":0,"hd":false,"nm":"","e":{"a":1,"k":[{"o":{"x":0.167,"y":0.167},"i":{"x":0.833,"y":0.833},"s":[0],"t":183.33333333333331},{"s":[100],"t":200}]},"o":{"a":0,"k":0},"s":{"a":null,"k":0},"m":1},{"ty":"tr","a":{"a":0,"k":[0,0]},"s":{"a":0,"k":[100,100]},"sk":{"a":0,"k":0},"p":{"a":0,"k":[0,0]},"r":{"a":0,"k":0},"sa":{"a":0,"k":0},"o":{"a":0,"k":100}}]}],"ind":1,"parent":6},{"ty":4,"nm":"","sr":1,"st":0,"op":250,"ip":0,"hd":false,"ddd":0,"bm":0,"hasMask":false,"ao":0,"ks":{"a":{"a":0,"k":[0,0]},"s":{"a":0,"k":[100,100]},"sk":{"a":0,"k":0},"p":{"a":0,"k":[0,0]},"r":{"a":0,"k":0},"sa":{"a":0,"k":0},"o":{"a":0,"k":100}},"ef":[],"shapes":[{"ty":"gr","bm":0,"hd":false,"nm":"","it":[{"ty":"el","bm":0,"hd":false,"nm":"","d":1,"p":{"a":0,"k":[182.481,132.426]},"s":{"a":0,"k":[3.51736,3.50076]}},{"ty":"fl","bm":0,"hd":false,"nm":"","c":{"a":0,"k":[1,1,1]},"r":1,"o":{"a":0,"k":100}},{"ty":"tm","bm":0,"hd":false,"nm":"","e":{"a":1,"k":[{"o":{"x":0.167,"y":0.167},"i":{"x":0.833,"y":0.833},"s":[0],"t":166.66666666666669},{"s":[100],"t":183.33333333333331}]},"o":{"a":0,"k":0},"s":{"a":null,"k":0},"m":1},{"ty":"tr","a":{"a":0,"k":[0,0]},"s":{"a":0,"k":[100,100]},"sk":{"a":0,"k":0},"p":{"a":0,"k":[0,0]},"r":{"a":0,"k":0},"sa":{"a":0,"k":0},"o":{"a":0,"k":100}}]}],"ind":2,"parent":6},{"ty":4,"nm":"","sr":1,"st":0,"op":250,"ip":0,"hd":false,"ddd":0,"bm":0,"hasMask":false,"ao":0,"ks":{"a":{"a":0,"k":[0,0]},"s":{"a":0,"k":[100,100]},"sk":{"a":0,"k":0},"p":{"a":0,"k":[0,0]},"r":{"a":0,"k":0},"sa":{"a":0,"k":0},"o":{"a":0,"k":100}},"ef":[],"shapes":[{"ty":"gr","bm":0,"hd":false,"nm":"","it":[{"ty":"el","bm":0,"hd":false,"nm":"","d":1,"p":{"a":0,"k":[156.1,128.924]},"s":{"a":0,"k":[3.51738,3.50076]}},{"ty":"fl","bm":0,"hd":false,"nm":"","c":{"a":0,"k":[1,1,1]},"r":1,"o":{"a":0,"k":100}},{"ty":"tm","bm":0,"hd":false,"nm":"","e":{"a":1,"k":[{"o":{"x":0.167,"y":0.167},"i":{"x":0.833,"y":0.833},"s":[0],"t":150},{"s":[100],"t":166.66666666666669}]},"o":{"a":0,"k":0},"s":{"a":null,"k":0},"m":1},{"ty":"tr","a":{"a":0,"k":[0,0]},"s":{"a":0,"k":[100,100]},"sk":{"a":0,"k":0},"p":{"a":0,"k":[0,0]},"r":{"a":0,"k":0},"sa":{"a":0,"k":0},"o":{"a":0,"k":100}}]}],"ind":3,"parent":6},{"ty":4,"nm":"","sr":1,"st":0,"op":250,"ip":0,"hd":false,"ddd":0,"bm":0,"hasMask":false,"ao":0,"ks":{"a":{"a":0,"k":[0,0]},"s":{"a":0,"k":[100,100]},"sk":{"a":0,"k":0},"p":{"a":0,"k":[0,0]},"r":{"a":0,"k":0},"sa":{"a":0,"k":0},"o":{"a":0,"k":100}},"ef":[],"shapes":[{"ty":"gr","bm":0,"hd":false,"nm":"","it":[{"ty":"el","bm":0,"hd":false,"nm":"","d":1,"p":{"a":0,"k":[136.755,148.178]},"s":{"a":0,"k":[3.51738,3.50076]}},{"ty":"fl","bm":0,"hd":false,"nm":"","c":{"a":0,"k":[1,1,1]},"r":1,"o":{"a":0,"k":100}},{"ty":"tm","bm":0,"hd":false,"nm":"","e":{"a":1,"k":[{"o":{"x":0.167,"y":0.167},"i":{"x":0.833,"y":0.833},"s":[0],"t":133.33333333333331},{"s":[100],"t":150}]},"o":{"a":0,"k":0},"s":{"a":null,"k":0},"m":1},{"ty":"tr","a":{"a":0,"k":[0,0]},"s":{"a":0,"k":[100,100]},"sk":{"a":0,"k":0},"p":{"a":0,"k":[0,0]},"r":{"a":0,"k":0},"sa":{"a":0,"k":0},"o":{"a":0,"k":100}}]}],"ind":4,"parent":6},{"ty":4,"nm":"","sr":1,"st":0,"op":250,"ip":0,"hd":false,"ddd":0,"bm":0,"hasMask":false,"ao":0,"ks":{"a":{"a":0,"k":[0,0]},"s":{"a":0,"k":[100,100]},"sk":{"a":0,"k":0},"p":{"a":0,"k":[0,0]},"r":{"a":0,"k":0},"sa":{"a":0,"k":0},"o":{"a":0,"k":100}},"ef":[],"shapes":[{"ty":"gr","bm":0,"hd":false,"nm":"","it":[{"ty":"sh","bm":0,"hd":false,"nm":"","d":1,"ks":{"a":0,"k":{"c":false,"i":[[0,0],[0,0],[-1.3669999999999902,-0.27299999999999613],[0,0],[-0.8290000000000077,0.46000000000000796],[0,0]],"o":[[0,0],[0.9449999999999932,-1.025999999999982],[0,0],[0.929000000000002,0.18500000000000227],[0,0],[0,0]],"v":[[136.754,149.054],[154.578,129.701],[158.301,128.488],[181.041,133.014],[183.763,132.588],[228.206,107.92]]}}},{"ty":"st","bm":0,"hd":false,"nm":"","lc":2,"lj":1,"ml":4,"o":{"a":0,"k":100},"w":{"a":0,"k":0.2},"c":{"a":0,"k":[1,1,1]}},{"ty":"tm","bm":0,"hd":false,"nm":"","e":{"a":1,"k":[{"o":{"x":0.167,"y":0.167},"i":{"x":0.833,"y":0.833},"s":[0],"t":116.66666666666667},{"s":[100],"t":133.33333333333331}]},"o":{"a":0,"k":0},"s":{"a":null,"k":0},"m":1},{"ty":"tr","a":{"a":0,"k":[0,0]},"s":{"a":0,"k":[100,100]},"sk":{"a":0,"k":0},"p":{"a":0,"k":[0,0]},"r":{"a":0,"k":0},"sa":{"a":0,"k":0},"o":{"a":0,"k":100}}]}],"ind":5,"parent":6},{"ty":4,"nm":"","sr":1,"st":0,"op":250,"ip":0,"hd":false,"ddd":0,"bm":0,"hasMask":false,"ao":0,"ks":{"a":{"a":0,"k":[0,0]},"s":{"a":0,"k":[100,100]},"sk":{"a":0,"k":0},"p":{"a":0,"k":[0,0]},"r":{"a":0,"k":0},"sa":{"a":0,"k":0},"o":{"a":0,"k":100}},"ef":[],"shapes":[],"ind":6},{"ty":4,"nm":"","sr":1,"st":0,"op":250,"ip":0,"hd":false,"ddd":0,"bm":0,"hasMask":false,"ao":0,"ks":{"a":{"a":0,"k":[0,0]},"s":{"a":0,"k":[100,100]},"sk":{"a":0,"k":0},"p":{"a":0,"k":[0,0]},"r":{"a":0,"k":0},"sa":{"a":0,"k":0},"o":{"a":0,"k":100}},"ef":[],"shapes":[{"ty":"gr","bm":0,"hd":false,"nm":"","it":[{"ty":"rc","bm":0,"hd":false,"nm":"","d":1,"p":{"a":0,"k":[222.05114999999998,184.06244999999998]},"r":{"a":0,"k":12},"s":{"a":0,"k":[26.3803,50.7609]}},{"ty":"fl","bm":0,"hd":false,"nm":"","c":{"a":0,"k":[1,1,1]},"r":1,"o":{"a":0,"k":100}},{"ty":"tm","bm":0,"hd":false,"nm":"","e":{"a":1,"k":[{"o":{"x":0.167,"y":0.167},"i":{"x":0.833,"y":0.833},"s":[0],"t":100},{"s":[100],"t":116.66666666666667}]},"o":{"a":0,"k":0},"s":{"a":null,"k":0},"m":1},{"ty":"tr","a":{"a":0,"k":[0,0]},"s":{"a":0,"k":[100,100]},"sk":{"a":0,"k":0},"p":{"a":0,"k":[0,0]},"r":{"a":0,"k":0},"sa":{"a":0,"k":0},"o":{"a":0,"k":100}}]}],"ind":7,"parent":6},{"ty":4,"nm":"","sr":1,"st":0,"op":250,"ip":0,"hd":false,"ddd":0,"bm":0,"hasMask":false,"ao":0,"ks":{"a":{"a":0,"k":[0,0]},"s":{"a":0,"k":[100,100]},"sk":{"a":0,"k":0},"p":{"a":0,"k":[0,0]},"r":{"a":0,"k":0},"sa":{"a":0,"k":0},"o":{"a":0,"k":100}},"ef":[],"shapes":[{"ty":"gr","bm":0,"hd":false,"nm":"","it":[{"ty":"rc","bm":0,"hd":false,"nm":"","d":1,"p":{"a":0,"k":[222.05114999999998,175.31035]},"r":{"a":0,"k":12},"s":{"a":0,"k":[26.3803,68.2647]}},{"ty":"fl","bm":0,"hd":false,"nm":"","c":{"a":0,"k":[0.5294,0.7137,0.9804]},"r":1,"o":{"a":0,"k":100}},{"ty":"tm","bm":0,"hd":false,"nm":"","e":{"a":1,"k":[{"o":{"x":0.167,"y":0.167},"i":{"x":0.833,"y":0.833},"s":[0],"t":83.33333333333334},{"s":[100],"t":100}]},"o":{"a":0,"k":0},"s":{"a":null,"k":0},"m":1},{"ty":"tr","a":{"a":0,"k":[0,0]},"s":{"a":0,"k":[100,100]},"sk":{"a":0,"k":0},"p":{"a":0,"k":[0,0]},"r":{"a":0,"k":0},"sa":{"a":0,"k":0},"o":{"a":0,"k":100}}]}],"ind":8,"parent":6},{"ty":4,"nm":"","sr":1,"st":0,"op":250,"ip":0,"hd":false,"ddd":0,"bm":0,"hasMask":false,"ao":0,"ks":{"a":{"a":0,"k":[0,0]},"s":{"a":0,"k":[100,100]},"sk":{"a":0,"k":0},"p":{"a":0,"k":[0,0]},"r":{"a":0,"k":0},"sa":{"a":0,"k":0},"o":{"a":0,"k":100}},"ef":[],"shapes":[{"ty":"gr","bm":0,"hd":false,"nm":"","it":[{"ty":"rc","bm":0,"hd":false,"nm":"","d":1,"p":{"a":0,"k":[144.66915,195.44099999999997]},"r":{"a":0,"k":11.9115},"s":{"a":0,"k":[26.3803,28.006]}},{"ty":"fl","bm":0,"hd":false,"nm":"","c":{"a":0,"k":[1,1,1]},"r":1,"o":{"a":0,"k":100}},{"ty":"tm","bm":0,"hd":false,"nm":"","e":{"a":1,"k":[{"o":{"x":0.167,"y":0.167},"i":{"x":0.833,"y":0.833},"s":[0],"t":66.66666666666666},{"s":[100],"t":83.33333333333334}]},"o":{"a":0,"k":0},"s":{"a":null,"k":0},"m":1},{"ty":"tr","a":{"a":0,"k":[0,0]},"s":{"a":0,"k":[100,100]},"sk":{"a":0,"k":0},"p":{"a":0,"k":[0,0]},"r":{"a":0,"k":0},"sa":{"a":0,"k":0},"o":{"a":0,"k":100}}]}],"ind":9,"parent":6},{"ty":4,"nm":"","sr":1,"st":0,"op":250,"ip":0,"hd":false,"ddd":0,"bm":0,"hasMask":false,"ao":0,"ks":{"a":{"a":0,"k":[0,0]},"s":{"a":0,"k":[100,100]},"sk":{"a":0,"k":0},"p":{"a":0,"k":[0,0]},"r":{"a":0,"k":0},"sa":{"a":0,"k":0},"o":{"a":0,"k":100}},"ef":[],"shapes":[{"ty":"gr","bm":0,"hd":false,"nm":"","it":[{"ty":"rc","bm":0,"hd":false,"nm":"","d":1,"p":{"a":0,"k":[144.66915,190.19015000000002]},"r":{"a":0,"k":12},"s":{"a":0,"k":[26.3803,38.5083]}},{"ty":"fl","bm":0,"hd":false,"nm":"","c":{"a":0,"k":[0.5294,0.7137,0.9804]},"r":1,"o":{"a":0,"k":100}},{"ty":"tm","bm":0,"hd":false,"nm":"","e":{"a":1,"k":[{"o":{"x":0.167,"y":0.167},"i":{"x":0.833,"y":0.833},"s":[0],"t":50},{"s":[100],"t":66.66666666666666}]},"o":{"a":0,"k":0},"s":{"a":null,"k":0},"m":1},{"ty":"tr","a":{"a":0,"k":[0,0]},"s":{"a":0,"k":[100,100]},"sk":{"a":0,"k":0},"p":{"a":0,"k":[0,0]},"r":{"a":0,"k":0},"sa":{"a":0,"k":0},"o":{"a":0,"k":100}}]}],"ind":10,"parent":6},{"ty":4,"nm":"","sr":1,"st":0,"op":250,"ip":0,"hd":false,"ddd":0,"bm":0,"hasMask":false,"ao":0,"ks":{"a":{"a":0,"k":[0,0]},"s":{"a":0,"k":[100,100]},"sk":{"a":0,"k":0},"p":{"a":0,"k":[0,0]},"r":{"a":0,"k":0},"sa":{"a":0,"k":0},"o":{"a":0,"k":100}},"ef":[],"shapes":[{"ty":"gr","bm":0,"hd":false,"nm":"","it":[{"ty":"rc","bm":0,"hd":false,"nm":"","d":1,"p":{"a":0,"k":[183.36014999999998,194.56619999999998]},"r":{"a":0,"k":12},"s":{"a":0,"k":[26.3803,29.7564]}},{"ty":"fl","bm":0,"hd":false,"nm":"","c":{"a":0,"k":[1,1,1]},"r":1,"o":{"a":0,"k":100}},{"ty":"tm","bm":0,"hd":false,"nm":"","e":{"a":1,"k":[{"o":{"x":0.167,"y":0.167},"i":{"x":0.833,"y":0.833},"s":[0],"t":33.33333333333333},{"s":[100],"t":50}]},"o":{"a":0,"k":0},"s":{"a":null,"k":0},"m":1},{"ty":"tr","a":{"a":0,"k":[0,0]},"s":{"a":0,"k":[100,100]},"sk":{"a":0,"k":0},"p":{"a":0,"k":[0,0]},"r":{"a":0,"k":0},"sa":{"a":0,"k":0},"o":{"a":0,"k":100}}]}],"ind":11,"parent":6},{"ty":4,"nm":"","sr":1,"st":0,"op":250,"ip":0,"hd":false,"ddd":0,"bm":0,"hasMask":false,"ao":0,"ks":{"a":{"a":0,"k":[0,0]},"s":{"a":0,"k":[100,100]},"sk":{"a":0,"k":0},"p":{"a":0,"k":[0,0]},"r":{"a":0,"k":0},"sa":{"a":0,"k":0},"o":{"a":0,"k":100}},"ef":[],"shapes":[{"ty":"gr","bm":0,"hd":false,"nm":"","it":[{"ty":"rc","bm":0,"hd":false,"nm":"","d":1,"p":{"a":0,"k":[183.36014999999998,184.06244999999998]},"r":{"a":0,"k":12},"s":{"a":0,"k":[26.3803,50.7609]}},{"ty":"fl","bm":0,"hd":false,"nm":"","c":{"a":0,"k":[0.5294,0.7137,0.9804]},"r":1,"o":{"a":0,"k":100}},{"ty":"tm","bm":0,"hd":false,"nm":"","e":{"a":1,"k":[{"o":{"x":0.167,"y":0.167},"i":{"x":0.833,"y":0.833},"s":[0],"t":16.666666666666664},{"s":[100],"t":33.33333333333333}]},"o":{"a":0,"k":0},"s":{"a":null,"k":0},"m":1},{"ty":"tr","a":{"a":0,"k":[0,0]},"s":{"a":0,"k":[100,100]},"sk":{"a":0,"k":0},"p":{"a":0,"k":[0,0]},"r":{"a":0,"k":0},"sa":{"a":0,"k":0},"o":{"a":0,"k":100}}]}],"ind":12,"parent":6},{"ty":4,"nm":"","sr":1,"st":0,"op":250,"ip":0,"hd":false,"ddd":0,"bm":0,"hasMask":false,"ao":0,"ks":{"a":{"a":0,"k":[0,0]},"s":{"a":0,"k":[100,100]},"sk":{"a":0,"k":0},"p":{"a":0,"k":[0,0]},"r":{"a":0,"k":0},"sa":{"a":0,"k":0},"o":{"a":0,"k":100}},"ef":[],"shapes":[{"ty":"gr","bm":0,"hd":false,"nm":"","it":[{"ty":"sh","bm":0,"hd":false,"nm":"","d":1,"ks":{"a":0,"k":{"c":true,"i":[[0,0],[17.181999999999988,-17.897999999999996],[54.269000000000005,7.2099999999999795],[8.188999999999993,-0.5729999999999791],[3.5694000000000017,50.15899999999999],[-50.36499999999998,3.521500000000003],[-3.569999999999993,-50.15899999999999]],"o":[[1.896000000000015,26.655],[2.5600000000000023,47.21300000000002],[-7.407000000000011,2.5439999999999827],[-50.366000000000014,3.5219999999999914],[-3.5694000000000017,-50.15900000000002],[50.366000000000014,-3.5215999999999923],[0,0]],"v":[[276.854,169.82],[251.744,239.152],[215.577,262.271],[192.121,267.017],[94.4629,182.573],[179.195,85.3757],[276.854,169.82]]}}},{"ty":"gf","bm":0,"hd":false,"nm":"","e":{"a":0,"k":[152.771,265.561]},"g":{"p":2,"k":{"a":0,"k":[0.0216321,0.21568627450980393,0.5215686274509804,0.9686274509803922,1,0.011764705882352941,0.1607843137254902,0.3764705882352941]}},"t":1,"a":{"a":0,"k":0},"h":{"a":0,"k":0},"s":{"a":0,"k":[223.046,70.023]},"r":1,"o":{"a":0,"k":100}},{"ty":"tm","bm":0,"hd":false,"nm":"","e":{"a":1,"k":[{"o":{"x":0.167,"y":0.167},"i":{"x":0.833,"y":0.833},"s":[0],"t":0},{"s":[100],"t":16.666666666666664}]},"o":{"a":0,"k":0},"s":{"a":null,"k":0},"m":1},{"ty":"tr","a":{"a":0,"k":[0,0]},"s":{"a":0,"k":[100,100]},"sk":{"a":0,"k":0},"p":{"a":0,"k":[0,0]},"r":{"a":0,"k":0},"sa":{"a":0,"k":0},"o":{"a":0,"k":100}}]}],"ind":13,"parent":6}],"v":"5.7.0","fr":60,"op":250,"ip":0,"assets":[]}