{"v":"5.5.7","meta":{"g":"LottieFiles AE 0.1.20","a":"","k":"","d":"","tc":""},"fr":25,"ip":0,"op":150,"w":1000,"h":1000,"nm":"Meeting People Conversasion","ddd":0,"assets":[],"layers":[{"ddd":0,"ind":1,"ty":4,"nm":"Ch Female","sr":1,"ks":{"o":{"a":0,"k":100,"ix":11},"r":{"a":0,"k":0,"ix":10},"p":{"a":0,"k":[350.49,532.068,0],"ix":2},"a":{"a":0,"k":[-353.776,54.159,0],"ix":1},"s":{"a":0,"k":[73.625,73.625,100],"ix":6}},"ao":0,"shapes":[{"ty":"gr","it":[{"ty":"gr","it":[{"ind":0,"ty":"sh","ix":1,"ks":{"a":1,"k":[{"i":{"x":0.667,"y":1},"o":{"x":0.333,"y":0},"t":0,"s":[{"i":[[3.547,3.499],[79.773,-233.419],[-189.794,4.992],[5.064,69.496]],"o":[[-140.505,-138.634],[-37.674,110.235],[185.062,-4.867],[-10.557,-144.882]],"v":[[-434.971,-381.377],[-844.564,-61.022],[-701.869,298.006],[-528.101,-214.604]],"c":true}]},{"i":{"x":0.667,"y":1},"o":{"x":0.333,"y":0},"t":12,"s":[{"i":[[2.532,4.291],[-3.614,-296.548],[-202.712,27.706],[3.167,118.402]],"o":[[-83.856,-142.111],[1.672,137.17],[183.42,-25.069],[-3.885,-145.214]],"v":[[-447.603,-372.235],[-758.39,-57.716],[-523.734,309.489],[-528.101,-214.604]],"c":true}]},{"i":{"x":0.667,"y":1},"o":{"x":0.333,"y":0},"t":25,"s":[{"i":[[3.547,3.499],[79.773,-233.419],[-189.794,4.992],[5.064,69.496]],"o":[[-140.505,-138.634],[-37.674,110.235],[185.062,-4.867],[-10.557,-144.882]],"v":[[-434.971,-381.377],[-844.564,-61.022],[-701.869,298.006],[-528.101,-214.604]],"c":true}]},{"i":{"x":0.667,"y":1},"o":{"x":0.333,"y":0},"t":39,"s":[{"i":[[2.532,4.291],[72.952,-287.458],[-202.712,27.706],[3.167,118.402]],"o":[[-83.856,-142.111],[-35.627,140.386],[183.42,-25.069],[-3.885,-145.214]],"v":[[-447.603,-372.235],[-780.623,-66.535],[-644.175,282.296],[-528.101,-214.604]],"c":true}]},{"i":{"x":0.667,"y":1},"o":{"x":0.333,"y":0},"t":50,"s":[{"i":[[3.547,3.499],[79.773,-233.419],[-189.794,4.992],[5.064,69.496]],"o":[[-140.505,-138.634],[-37.674,110.235],[185.062,-4.867],[-10.557,-144.882]],"v":[[-434.971,-381.377],[-844.564,-61.022],[-701.869,298.006],[-528.101,-214.604]],"c":true}]},{"i":{"x":0.667,"y":1},"o":{"x":0.333,"y":0},"t":75,"s":[{"i":[[3.547,3.499],[27.208,-251.531],[-189.794,4.992],[5.064,69.496]],"o":[[-140.505,-138.634],[-12.528,115.819],[185.062,-4.867],[-10.557,-144.882]],"v":[[-434.971,-381.377],[-803.315,-80.683],[-642.338,303.61],[-528.101,-214.604]],"c":true}]},{"i":{"x":0.833,"y":1},"o":{"x":0.333,"y":0},"t":88,"s":[{"i":[[3.547,3.499],[79.773,-233.419],[-189.794,4.992],[5.064,69.496]],"o":[[-140.505,-138.634],[-37.674,110.235],[185.062,-4.867],[-10.557,-144.882]],"v":[[-434.971,-381.377],[-844.564,-61.022],[-701.869,298.006],[-528.101,-214.604]],"c":true}]},{"i":{"x":0.667,"y":1},"o":{"x":0.167,"y":0},"t":118,"s":[{"i":[[2.1,4.518],[79.773,-233.419],[-187.543,29.566],[-20.767,112.319]],"o":[[-74.56,-160.451],[-37.674,110.235],[180.141,-28.399],[26.411,-142.844]],"v":[[-448.878,-374.324],[-885.343,-90.734],[-914.117,266.81],[-528.101,-214.604]],"c":true}]},{"t":149,"s":[{"i":[[3.547,3.499],[79.773,-233.419],[-189.794,4.992],[5.064,69.496]],"o":[[-140.505,-138.634],[-37.674,110.235],[185.062,-4.867],[-10.557,-144.882]],"v":[[-434.971,-381.377],[-844.564,-61.022],[-701.869,298.006],[-528.101,-214.604]],"c":true}]}],"ix":2},"nm":"Hair Path","mn":"ADBE Vector Shape - Group","hd":false},{"ty":"fl","c":{"a":0,"k":[0.160784313725,0.149019607843,0.290196078431,1],"ix":4},"o":{"a":0,"k":100,"ix":5},"r":1,"bm":0,"nm":"Fill 1","mn":"ADBE Vector Graphic - Fill","hd":false},{"ty":"tr","p":{"a":1,"k":[{"i":{"x":0.667,"y":0.667},"o":{"x":0.333,"y":0.333},"t":0,"s":[-194.915,-404.249],"to":[0,0],"ti":[0,0]},{"i":{"x":0.667,"y":0.667},"o":{"x":0.333,"y":0.333},"t":12,"s":[-194.915,-404.249],"to":[0,0],"ti":[0,0]},{"i":{"x":0.667,"y":0.667},"o":{"x":0.333,"y":0.333},"t":25,"s":[-194.915,-404.249],"to":[0,0],"ti":[0,0]},{"i":{"x":0.667,"y":0.667},"o":{"x":0.333,"y":0.333},"t":50,"s":[-194.915,-404.249],"to":[0,0],"ti":[0,0]},{"i":{"x":0.667,"y":0.667},"o":{"x":0.333,"y":0.333},"t":75,"s":[-194.915,-404.249],"to":[0,0],"ti":[0,0]},{"t":88,"s":[-194.915,-404.249]}],"ix":2},"a":{"a":0,"k":[-194.915,-404.249],"ix":1},"s":{"a":0,"k":[100,100],"ix":3},"r":{"a":1,"k":[{"i":{"x":[0.667],"y":[1]},"o":{"x":[0.333],"y":[0]},"t":0,"s":[0]},{"i":{"x":[0.667],"y":[1]},"o":{"x":[0.333],"y":[0]},"t":12,"s":[0]},{"i":{"x":[0.667],"y":[1]},"o":{"x":[0.333],"y":[0]},"t":25,"s":[0]},{"i":{"x":[0.667],"y":[1]},"o":{"x":[0.333],"y":[0]},"t":50,"s":[0]},{"i":{"x":[0.667],"y":[1]},"o":{"x":[0.333],"y":[0]},"t":75,"s":[0]},{"t":88,"s":[0]}],"ix":6},"o":{"a":0,"k":100,"ix":7},"sk":{"a":0,"k":0,"ix":4},"sa":{"a":0,"k":0,"ix":5},"nm":"Transform"}],"nm":"Hair","np":3,"cix":2,"bm":0,"ix":1,"mn":"ADBE Vector Group","hd":false},{"ty":"gr","it":[{"ind":0,"ty":"sh","ix":1,"ks":{"a":1,"k":[{"i":{"x":0.667,"y":1},"o":{"x":0.333,"y":0},"t":0,"s":[{"i":[[0,0],[0,0]],"o":[[0,0],[0,0]],"v":[[-506.478,-319.94],[-505.395,-241.815]],"c":false}]},{"i":{"x":0.667,"y":1},"o":{"x":0.333,"y":0},"t":12,"s":[{"i":[[0,0],[0,0]],"o":[[0,0],[0,0]],"v":[[-506.478,-319.94],[-505.395,-241.815]],"c":false}]},{"i":{"x":0.667,"y":1},"o":{"x":0.333,"y":0},"t":25,"s":[{"i":[[0,0],[0,0]],"o":[[0,0],[0,0]],"v":[[-506.478,-319.94],[-505.395,-241.815]],"c":false}]},{"i":{"x":0.667,"y":1},"o":{"x":0.333,"y":0},"t":50,"s":[{"i":[[0,0],[0,0]],"o":[[0,0],[0,0]],"v":[[-506.478,-319.94],[-505.395,-241.815]],"c":false}]},{"i":{"x":0.667,"y":1},"o":{"x":0.333,"y":0},"t":75,"s":[{"i":[[0,0],[0,0]],"o":[[0,0],[0,0]],"v":[[-506.478,-319.94],[-505.395,-241.815]],"c":false}]},{"t":88,"s":[{"i":[[0,0],[0,0]],"o":[[0,0],[0,0]],"v":[[-506.478,-319.94],[-505.395,-241.815]],"c":false}]}],"ix":2},"nm":"Face Path","mn":"ADBE Vector Shape - Group","hd":false},{"ty":"st","c":{"a":0,"k":[1,0.658823529412,0.454901990704,1],"ix":3},"o":{"a":0,"k":100,"ix":4},"w":{"a":0,"k":120,"ix":5},"lc":2,"lj":1,"ml":4,"bm":0,"nm":"Stroke 1","mn":"ADBE Vector Graphic - Stroke","hd":false},{"ty":"tr","p":{"a":0,"k":[0,-20],"ix":2},"a":{"a":0,"k":[0,0],"ix":1},"s":{"a":0,"k":[100,100],"ix":3},"r":{"a":0,"k":0,"ix":6},"o":{"a":0,"k":100,"ix":7},"sk":{"a":0,"k":0,"ix":4},"sa":{"a":0,"k":0,"ix":5},"nm":"Transform"}],"nm":"Face","np":3,"cix":2,"bm":0,"ix":2,"mn":"ADBE Vector Group","hd":false},{"ty":"tr","p":{"a":1,"k":[{"i":{"x":0.667,"y":1},"o":{"x":0.333,"y":0},"t":0,"s":[-186.455,-309.754],"to":[10.333,3.833],"ti":[-10.333,-3.833]},{"i":{"x":0.667,"y":0.667},"o":{"x":0.333,"y":0.333},"t":12,"s":[-124.455,-286.754],"to":[0,0],"ti":[0,0]},{"i":{"x":0.667,"y":0.667},"o":{"x":0.333,"y":0.333},"t":25,"s":[-124.455,-286.754],"to":[0,0],"ti":[0,0]},{"i":{"x":0.667,"y":0.667},"o":{"x":0.333,"y":0.333},"t":50,"s":[-124.455,-286.754],"to":[0,0],"ti":[0,0]},{"i":{"x":0.667,"y":1},"o":{"x":0.333,"y":0},"t":75,"s":[-124.455,-286.754],"to":[-10.333,-3.833],"ti":[10.333,3.833]},{"t":88,"s":[-186.455,-309.754]}],"ix":2},"a":{"a":0,"k":[-209.9,-281.532],"ix":1},"s":{"a":0,"k":[50.792,50.792],"ix":3},"r":{"a":1,"k":[{"i":{"x":[0.833],"y":[1]},"o":{"x":[0.333],"y":[0]},"t":0,"s":[-4.072]},{"i":{"x":[0.833],"y":[1]},"o":{"x":[0.167],"y":[0]},"t":12,"s":[4.928]},{"i":{"x":[0.833],"y":[1]},"o":{"x":[0.167],"y":[0]},"t":25,"s":[4.928]},{"i":{"x":[0.833],"y":[1]},"o":{"x":[0.167],"y":[0]},"t":50,"s":[4.928]},{"i":{"x":[0.667],"y":[1]},"o":{"x":[0.167],"y":[0]},"t":75,"s":[4.928]},{"t":88,"s":[-4.072]}],"ix":6},"o":{"a":0,"k":100,"ix":7},"sk":{"a":0,"k":0,"ix":4},"sa":{"a":0,"k":0,"ix":5},"nm":"Transform"}],"nm":"Head","np":2,"cix":2,"bm":0,"ix":1,"mn":"ADBE Vector Group","hd":false},{"ty":"gr","it":[{"ind":0,"ty":"sh","ix":1,"ks":{"a":1,"k":[{"i":{"x":0.833,"y":1},"o":{"x":0.333,"y":0},"t":0,"s":[{"i":[[0,0],[-0.167,-1.066],[-0.474,0.914]],"o":[[0,0],[0.262,0.312],[-1.002,1.11]],"v":[[-122.564,-192.938],[-154.838,-64.411],[-137.804,76.243]],"c":false}]},{"i":{"x":0.833,"y":0.833},"o":{"x":0.167,"y":0},"t":12,"s":[{"i":[[0,0],[-0.167,-1.066],[-0.474,0.914]],"o":[[0,0],[0.262,0.312],[-1.002,1.11]],"v":[[-38.354,-187.505],[-40.747,-75.277],[117.544,-7.968]],"c":false}]},{"i":{"x":0.833,"y":1},"o":{"x":0.167,"y":0.167},"t":25,"s":[{"i":[[0,0],[-0.167,-1.066],[-0.474,0.914]],"o":[[0,0],[0.262,0.312],[-1.002,1.11]],"v":[[-38.354,-187.505],[-13.582,-56.262],[128.41,-67.73]],"c":false}]},{"i":{"x":0.833,"y":0.833},"o":{"x":0.167,"y":0},"t":30,"s":[{"i":[[0,0],[-0.167,-1.066],[-0.474,0.914]],"o":[[0,0],[0.262,0.312],[-1.002,1.11]],"v":[[-38.354,-187.505],[-40.747,-75.277],[117.544,-7.968]],"c":false}]},{"i":{"x":0.833,"y":1},"o":{"x":0.167,"y":0.167},"t":35,"s":[{"i":[[0,0],[-0.167,-1.066],[-0.474,0.914]],"o":[[0,0],[0.262,0.312],[-1.002,1.11]],"v":[[-38.354,-187.505],[-13.582,-56.262],[128.41,-67.73]],"c":false}]},{"i":{"x":0.833,"y":0.833},"o":{"x":0.167,"y":0},"t":40,"s":[{"i":[[0,0],[-0.167,-1.066],[-0.474,0.914]],"o":[[0,0],[0.262,0.312],[-1.002,1.11]],"v":[[-38.354,-187.505],[-40.747,-75.277],[117.544,-7.968]],"c":false}]},{"i":{"x":0.833,"y":1},"o":{"x":0.167,"y":0.167},"t":45,"s":[{"i":[[0,0],[-0.167,-1.066],[-0.474,0.914]],"o":[[0,0],[0.262,0.312],[-1.002,1.11]],"v":[[-38.354,-187.505],[-13.582,-56.262],[128.41,-67.73]],"c":false}]},{"i":{"x":0.833,"y":1},"o":{"x":0.167,"y":0},"t":50,"s":[{"i":[[0,0],[-0.167,-1.066],[-0.474,0.914]],"o":[[0,0],[0.262,0.312],[-1.002,1.11]],"v":[[-38.354,-187.505],[-40.747,-75.277],[117.544,-7.968]],"c":false}]},{"i":{"x":0.667,"y":1},"o":{"x":0.167,"y":0},"t":75,"s":[{"i":[[0,0],[-0.167,-1.066],[-0.474,0.914]],"o":[[0,0],[0.262,0.312],[-1.002,1.11]],"v":[[-38.354,-187.505],[-40.747,-75.277],[117.544,-7.968]],"c":false}]},{"t":88,"s":[{"i":[[0,0],[-0.167,-1.066],[-0.474,0.914]],"o":[[0,0],[0.262,0.312],[-1.002,1.11]],"v":[[-122.564,-192.938],[-154.838,-64.411],[-137.804,76.243]],"c":false}]}],"ix":2},"nm":"R Hand Path","mn":"ADBE Vector Shape - Group","hd":false},{"ty":"st","c":{"a":0,"k":[0.898039281368,0.819607913494,0.243137270212,1],"ix":3},"o":{"a":0,"k":100,"ix":4},"w":{"a":0,"k":70,"ix":5},"lc":1,"lj":1,"ml":4,"bm":0,"d":[{"n":"d","nm":"dash","v":{"a":0,"k":183,"ix":1}},{"n":"g","nm":"gap","v":{"a":0,"k":212,"ix":2}},{"n":"o","nm":"offset","v":{"a":0,"k":-84,"ix":7}}],"nm":"Stroke 1","mn":"ADBE Vector Graphic - Stroke","hd":false},{"ty":"st","c":{"a":0,"k":[0.898039281368,0.819607913494,0.243137270212,1],"ix":3},"o":{"a":0,"k":100,"ix":4},"w":{"a":0,"k":70,"ix":5},"lc":2,"lj":1,"ml":4,"bm":0,"d":[{"n":"d","nm":"dash","v":{"a":0,"k":131,"ix":1}},{"n":"g","nm":"gap","v":{"a":0,"k":348,"ix":2}},{"n":"o","nm":"offset","v":{"a":0,"k":0,"ix":7}}],"nm":"Cloth Shoulder To Elbow","mn":"ADBE Vector Graphic - Stroke","hd":false},{"ty":"st","c":{"a":0,"k":[1,0.658823549747,0.454901993275,1],"ix":3},"o":{"a":0,"k":100,"ix":4},"w":{"a":0,"k":50,"ix":5},"lc":2,"lj":1,"ml":4,"bm":0,"nm":"Stroke 2","mn":"ADBE Vector Graphic - Stroke","hd":false},{"ty":"tr","p":{"a":0,"k":[-280,0],"ix":2},"a":{"a":0,"k":[0,0],"ix":1},"s":{"a":0,"k":[100,100],"ix":3},"r":{"a":0,"k":0,"ix":6},"o":{"a":0,"k":100,"ix":7},"sk":{"a":0,"k":0,"ix":4},"sa":{"a":0,"k":0,"ix":5},"nm":"Transform"}],"nm":"R Hand","np":5,"cix":2,"bm":0,"ix":2,"mn":"ADBE Vector Group","hd":false},{"ty":"gr","it":[{"ind":0,"ty":"sh","ix":1,"ks":{"a":1,"k":[{"i":{"x":0.833,"y":1},"o":{"x":0.333,"y":0},"t":0,"s":[{"i":[[0,0],[0,0]],"o":[[0,0],[0,0]],"v":[[-347.961,-158],[-344.057,-60.153]],"c":false}]},{"i":{"x":0.833,"y":1},"o":{"x":0.167,"y":0},"t":12,"s":[{"i":[[0,0],[0,0]],"o":[[0,0],[0,0]],"v":[[-318.079,-160.716],[-344.057,-60.153]],"c":false}]},{"i":{"x":0.833,"y":1},"o":{"x":0.167,"y":0},"t":25,"s":[{"i":[[0,0],[0,0]],"o":[[0,0],[0,0]],"v":[[-318.079,-160.716],[-344.057,-60.153]],"c":false}]},{"i":{"x":0.833,"y":1},"o":{"x":0.167,"y":0},"t":50,"s":[{"i":[[0,0],[0,0]],"o":[[0,0],[0,0]],"v":[[-318.079,-160.716],[-344.057,-60.153]],"c":false}]},{"i":{"x":0.667,"y":1},"o":{"x":0.167,"y":0},"t":75,"s":[{"i":[[0,0],[0,0]],"o":[[0,0],[0,0]],"v":[[-318.079,-160.716],[-344.057,-60.153]],"c":false}]},{"t":88,"s":[{"i":[[0,0],[0,0]],"o":[[0,0],[0,0]],"v":[[-347.961,-158],[-344.057,-60.153]],"c":false}]}],"ix":2},"nm":"Body Path","mn":"ADBE Vector Shape - Group","hd":false},{"ty":"st","c":{"a":0,"k":[1,0.909803981407,0.270588235294,1],"ix":3},"o":{"a":0,"k":100,"ix":4},"w":{"a":0,"k":200,"ix":5},"lc":2,"lj":1,"ml":4,"bm":0,"nm":"Stroke 1","mn":"ADBE Vector Graphic - Stroke","hd":false},{"ty":"tr","p":{"a":0,"k":[0,0],"ix":2},"a":{"a":0,"k":[0,0],"ix":1},"s":{"a":0,"k":[100,100],"ix":3},"r":{"a":0,"k":0,"ix":6},"o":{"a":0,"k":100,"ix":7},"sk":{"a":0,"k":0,"ix":4},"sa":{"a":0,"k":0,"ix":5},"nm":"Transform"}],"nm":"Body","np":3,"cix":2,"bm":0,"ix":3,"mn":"ADBE Vector Group","hd":false},{"ty":"gr","it":[{"d":1,"ty":"el","s":{"a":0,"k":[210,210],"ix":2},"p":{"a":1,"k":[{"i":{"x":0.667,"y":0.667},"o":{"x":0.333,"y":0.333},"t":0,"s":[-75,0],"to":[0,0],"ti":[0,0]},{"i":{"x":0.667,"y":0.667},"o":{"x":0.333,"y":0.333},"t":12,"s":[-75,0],"to":[0,0],"ti":[0,0]},{"i":{"x":0.667,"y":0.667},"o":{"x":0.333,"y":0.333},"t":25,"s":[-75,0],"to":[0,0],"ti":[0,0]},{"i":{"x":0.667,"y":0.667},"o":{"x":0.333,"y":0.333},"t":50,"s":[-75,0],"to":[0,0],"ti":[0,0]},{"i":{"x":0.667,"y":0.667},"o":{"x":0.333,"y":0.333},"t":75,"s":[-75,0],"to":[0,0],"ti":[0,0]},{"t":88,"s":[-75,0]}],"ix":3},"nm":"Torso Ellipse","mn":"ADBE Vector Shape - Ellipse","hd":false},{"ty":"fl","c":{"a":0,"k":[0.407843167174,0.258823529412,0.729411764706,1],"ix":4},"o":{"a":0,"k":100,"ix":5},"r":1,"bm":0,"nm":"Fill 1","mn":"ADBE Vector Graphic - Fill","hd":false},{"ty":"tr","p":{"a":0,"k":[-275.938,-14.375],"ix":2},"a":{"a":0,"k":[0,0],"ix":1},"s":{"a":0,"k":[84.732,84.732],"ix":3},"r":{"a":0,"k":0,"ix":6},"o":{"a":0,"k":100,"ix":7},"sk":{"a":0,"k":0,"ix":4},"sa":{"a":0,"k":0,"ix":5},"nm":"Transform"}],"nm":"Torso","np":3,"cix":2,"bm":0,"ix":4,"mn":"ADBE Vector Group","hd":false},{"ty":"gr","it":[{"ind":0,"ty":"sh","ix":1,"ks":{"a":1,"k":[{"i":{"x":0.833,"y":0.833},"o":{"x":0.333,"y":0},"t":0,"s":[{"i":[[0,0],[33.427,-257.817],[0,0]],"o":[[0,0],[0.942,-0.545],[0,0]],"v":[[-365.176,-49.256],[-431.331,412.119],[-385.68,412.614]],"c":false}]},{"i":{"x":0.667,"y":1},"o":{"x":0.167,"y":0.167},"t":6,"s":[{"i":[[0,0],[225.29,-261.55],[0,0]],"o":[[0,0],[0.942,-0.545],[0,0]],"v":[[-365.176,-49.256],[-378.712,333.26],[-339.802,362.26]],"c":false}]},{"i":{"x":0.667,"y":1},"o":{"x":0.333,"y":0},"t":12,"s":[{"i":[[0,0],[33.427,-257.817],[0,0]],"o":[[0,0],[0.942,-0.545],[0,0]],"v":[[-365.176,-49.256],[-271.06,411.022],[-225.408,411.269]],"c":false}]},{"i":{"x":0.667,"y":1},"o":{"x":0.333,"y":0},"t":25,"s":[{"i":[[0,0],[33.427,-257.817],[0,0]],"o":[[0,0],[0.942,-0.545],[0,0]],"v":[[-365.176,-49.256],[-271.06,411.022],[-225.408,411.269]],"c":false}]},{"i":{"x":0.667,"y":1},"o":{"x":0.333,"y":0},"t":50,"s":[{"i":[[0,0],[33.427,-257.817],[0,0]],"o":[[0,0],[0.942,-0.545],[0,0]],"v":[[-365.176,-49.256],[-271.06,411.022],[-225.408,411.269]],"c":false}]},{"i":{"x":0.667,"y":1},"o":{"x":0.333,"y":0},"t":75,"s":[{"i":[[0,0],[33.427,-257.817],[0,0]],"o":[[0,0],[0.942,-0.545],[0,0]],"v":[[-365.176,-49.256],[-271.06,411.022],[-225.408,411.269]],"c":false}]},{"t":88,"s":[{"i":[[0,0],[33.427,-257.817],[0,0]],"o":[[0,0],[0.942,-0.545],[0,0]],"v":[[-365.176,-49.256],[-431.331,412.119],[-385.68,412.614]],"c":false}]}],"ix":2},"nm":"R Leg Path","mn":"ADBE Vector Shape - Group","hd":false},{"ty":"st","c":{"a":0,"k":[0.40784317255,0.258823543787,0.729411780834,1],"ix":3},"o":{"a":0,"k":100,"ix":4},"w":{"a":0,"k":100,"ix":5},"lc":2,"lj":1,"ml":4,"bm":0,"d":[{"n":"d","nm":"dash","v":{"a":0,"k":332,"ix":1}},{"n":"g","nm":"gap","v":{"a":0,"k":400,"ix":2}},{"n":"o","nm":"offset","v":{"a":0,"k":0,"ix":7}}],"nm":"Cloth","mn":"ADBE Vector Graphic - Stroke","hd":false},{"ty":"st","c":{"a":0,"k":[0.21960785985,0.200000017881,0.392156898975,1],"ix":3},"o":{"a":0,"k":100,"ix":4},"w":{"a":0,"k":50,"ix":5},"lc":1,"lj":2,"bm":0,"d":[{"n":"d","nm":"dash","v":{"a":0,"k":85,"ix":1}},{"n":"g","nm":"gap","v":{"a":0,"k":320,"ix":2}},{"n":"o","nm":"offset","v":{"a":0,"k":0,"ix":7}}],"nm":"Shoue But Cap","mn":"ADBE Vector Graphic - Stroke","hd":false},{"ty":"st","c":{"a":0,"k":[0.21960785985,0.200000017881,0.392156898975,1],"ix":3},"o":{"a":0,"k":100,"ix":4},"w":{"a":0,"k":55,"ix":5},"lc":2,"lj":2,"bm":0,"d":[{"n":"d","nm":"dash","v":{"a":0,"k":121,"ix":1}},{"n":"g","nm":"gap","v":{"a":0,"k":322,"ix":2}},{"n":"o","nm":"offset","v":{"a":0,"k":0,"ix":7}}],"nm":"Shoue Round Cap","mn":"ADBE Vector Graphic - Stroke","hd":false},{"ty":"st","c":{"a":0,"k":[1,0.909803986549,0.270588248968,1],"ix":3},"o":{"a":0,"k":100,"ix":4},"w":{"a":0,"k":50,"ix":5},"lc":1,"lj":2,"bm":0,"d":[{"n":"d","nm":"dash","v":{"a":0,"k":85,"ix":1}},{"n":"g","nm":"gap","v":{"a":0,"k":320,"ix":2}},{"n":"o","nm":"offset","v":{"a":0,"k":8,"ix":7}}],"nm":"Shocks","mn":"ADBE Vector Graphic - Stroke","hd":false},{"ty":"st","c":{"a":0,"k":[1,0.658823549747,0.454901993275,1],"ix":3},"o":{"a":0,"k":100,"ix":4},"w":{"a":0,"k":50,"ix":5},"lc":2,"lj":2,"bm":0,"nm":"Skin Tone","mn":"ADBE Vector Graphic - Stroke","hd":false},{"ty":"tr","p":{"a":0,"k":[0,72],"ix":2},"a":{"a":0,"k":[0,0],"ix":1},"s":{"a":0,"k":[100,100],"ix":3},"r":{"a":0,"k":0,"ix":6},"o":{"a":0,"k":100,"ix":7},"sk":{"a":0,"k":0,"ix":4},"sa":{"a":0,"k":0,"ix":5},"nm":"Transform"}],"nm":"L Leg","np":7,"cix":2,"bm":0,"ix":5,"mn":"ADBE Vector Group","hd":false},{"ty":"gr","it":[{"ind":0,"ty":"sh","ix":1,"ks":{"a":1,"k":[{"i":{"x":0.667,"y":1},"o":{"x":0.333,"y":0},"t":0,"s":[{"i":[[0,0],[44.293,-268.683],[0,0]],"o":[[0,0],[0.942,-0.545],[0,0]],"v":[[-329.862,-49.256],[-322.673,408.305],[-268.872,408.553]],"c":false}]},{"i":{"x":0.667,"y":1},"o":{"x":0.333,"y":0},"t":12,"s":[{"i":[[0,0],[-7.32,-251.026],[0,0]],"o":[[0,0],[0.942,-0.545],[0,0]],"v":[[-329.862,-49.256],[-382.435,408.305],[-331.351,408.553]],"c":false}]},{"i":{"x":0.667,"y":1},"o":{"x":0.333,"y":0},"t":25,"s":[{"i":[[0,0],[-7.32,-251.026],[0,0]],"o":[[0,0],[0.942,-0.545],[0,0]],"v":[[-329.862,-49.256],[-382.435,408.305],[-331.351,408.553]],"c":false}]},{"i":{"x":0.667,"y":1},"o":{"x":0.333,"y":0},"t":50,"s":[{"i":[[0,0],[-7.32,-251.026],[0,0]],"o":[[0,0],[0.942,-0.545],[0,0]],"v":[[-329.862,-49.256],[-382.435,408.305],[-331.351,408.553]],"c":false}]},{"i":{"x":0.667,"y":1},"o":{"x":0.333,"y":0},"t":75,"s":[{"i":[[0,0],[-7.32,-251.026],[0,0]],"o":[[0,0],[0.942,-0.545],[0,0]],"v":[[-329.862,-49.256],[-382.435,408.305],[-331.351,408.553]],"c":false}]},{"t":88,"s":[{"i":[[0,0],[44.293,-268.683],[0,0]],"o":[[0,0],[0.942,-0.545],[0,0]],"v":[[-329.862,-49.256],[-322.673,408.305],[-268.872,408.553]],"c":false}]}],"ix":2},"nm":"R Leg Path","mn":"ADBE Vector Shape - Group","hd":false},{"ty":"st","c":{"a":0,"k":[0.352941185236,0.223529428244,0.631372570992,1],"ix":3},"o":{"a":0,"k":100,"ix":4},"w":{"a":0,"k":100,"ix":5},"lc":2,"lj":1,"ml":4,"bm":0,"d":[{"n":"d","nm":"dash","v":{"a":0,"k":332,"ix":1}},{"n":"g","nm":"gap","v":{"a":0,"k":400,"ix":2}},{"n":"o","nm":"offset","v":{"a":0,"k":0,"ix":7}}],"nm":"Cloth","mn":"ADBE Vector Graphic - Stroke","hd":false},{"ty":"st","c":{"a":0,"k":[0.160784319043,0.149019613862,0.290196090937,1],"ix":3},"o":{"a":0,"k":100,"ix":4},"w":{"a":0,"k":50,"ix":5},"lc":1,"lj":2,"bm":0,"d":[{"n":"d","nm":"dash","v":{"a":0,"k":85,"ix":1}},{"n":"g","nm":"gap","v":{"a":0,"k":320,"ix":2}},{"n":"o","nm":"offset","v":{"a":0,"k":0,"ix":7}}],"nm":"Shoue But Cap","mn":"ADBE Vector Graphic - Stroke","hd":false},{"ty":"st","c":{"a":0,"k":[0.160784319043,0.149019613862,0.290196090937,1],"ix":3},"o":{"a":0,"k":100,"ix":4},"w":{"a":0,"k":55,"ix":5},"lc":2,"lj":2,"bm":0,"d":[{"n":"d","nm":"dash","v":{"a":0,"k":121,"ix":1}},{"n":"g","nm":"gap","v":{"a":0,"k":322,"ix":2}},{"n":"o","nm":"offset","v":{"a":0,"k":0,"ix":7}}],"nm":"Shoue Round Cap","mn":"ADBE Vector Graphic - Stroke","hd":false},{"ty":"st","c":{"a":0,"k":[1,0.909803986549,0.270588248968,1],"ix":3},"o":{"a":0,"k":100,"ix":4},"w":{"a":0,"k":50,"ix":5},"lc":1,"lj":2,"bm":0,"d":[{"n":"d","nm":"dash","v":{"a":0,"k":85,"ix":1}},{"n":"g","nm":"gap","v":{"a":0,"k":320,"ix":2}},{"n":"o","nm":"offset","v":{"a":0,"k":8,"ix":7}}],"nm":"Shocks","mn":"ADBE Vector Graphic - Stroke","hd":false},{"ty":"st","c":{"a":0,"k":[1,0.658823549747,0.454901993275,1],"ix":3},"o":{"a":0,"k":100,"ix":4},"w":{"a":0,"k":50,"ix":5},"lc":2,"lj":2,"bm":0,"nm":"Skin Tone","mn":"ADBE Vector Graphic - Stroke","hd":false},{"ty":"tr","p":{"a":0,"k":[0,72],"ix":2},"a":{"a":0,"k":[0,0],"ix":1},"s":{"a":0,"k":[100,100],"ix":3},"r":{"a":0,"k":0,"ix":6},"o":{"a":0,"k":100,"ix":7},"sk":{"a":0,"k":0,"ix":4},"sa":{"a":0,"k":0,"ix":5},"nm":"Transform"}],"nm":"R Leg","np":7,"cix":2,"bm":0,"ix":6,"mn":"ADBE Vector Group","hd":false},{"ty":"gr","it":[{"ind":0,"ty":"sh","ix":1,"ks":{"a":1,"k":[{"i":{"x":0.833,"y":1},"o":{"x":0.167,"y":0},"t":0,"s":[{"i":[[0,0],[-0.375,-1.104],[-0.023,-1.94]],"o":[[0,0],[1.005,2.963],[0.046,-1.049]],"v":[[-295.445,-192.843],[-261.728,-50.763],[-237.61,69.59]],"c":false}]},{"i":{"x":0.833,"y":1},"o":{"x":0.167,"y":0},"t":12,"s":[{"i":[[0,0],[-0.375,-1.104],[-0.023,-1.94]],"o":[[0,0],[1.005,2.963],[0.046,-1.049]],"v":[[-270.996,-187.41],[-256.295,-48.047],[-248.476,69.59]],"c":false}]},{"i":{"x":0.833,"y":1},"o":{"x":0.167,"y":0},"t":25,"s":[{"i":[[0,0],[-0.375,-1.104],[-0.023,-1.94]],"o":[[0,0],[1.005,2.963],[0.046,-1.049]],"v":[[-270.996,-187.41],[-305.192,-48.047],[-302.805,64.157]],"c":false}]},{"i":{"x":0.833,"y":1},"o":{"x":0.167,"y":0},"t":50,"s":[{"i":[[0,0],[-0.375,-1.104],[-0.023,-1.94]],"o":[[0,0],[1.005,2.963],[0.046,-1.049]],"v":[[-270.996,-187.41],[-256.295,-48.047],[-248.476,69.59]],"c":false}]},{"i":{"x":0.833,"y":1},"o":{"x":0.167,"y":0},"t":75,"s":[{"i":[[0,0],[-0.375,-1.104],[-0.023,-1.94]],"o":[[0,0],[1.005,2.963],[0.046,-1.049]],"v":[[-270.996,-187.41],[-256.295,-48.047],[-248.476,69.59]],"c":false}]},{"t":88,"s":[{"i":[[0,0],[-0.375,-1.104],[-0.023,-1.94]],"o":[[0,0],[1.005,2.963],[0.046,-1.049]],"v":[[-295.445,-192.843],[-261.728,-50.763],[-237.61,69.59]],"c":false}]}],"ix":2},"nm":"L Hand Path","mn":"ADBE Vector Shape - Group","hd":false},{"ty":"st","c":{"a":0,"k":[0.898039281368,0.819607913494,0.243137270212,1],"ix":3},"o":{"a":0,"k":100,"ix":4},"w":{"a":0,"k":70,"ix":5},"lc":1,"lj":1,"ml":4,"bm":0,"d":[{"n":"d","nm":"dash","v":{"a":0,"k":250,"ix":1}},{"n":"g","nm":"gap","v":{"a":0,"k":77,"ix":2}},{"n":"o","nm":"offset","v":{"a":0,"k":0,"ix":7}}],"nm":"Stroke 1","mn":"ADBE Vector Graphic - Stroke","hd":false},{"ty":"st","c":{"a":0,"k":[1,0.909803986549,0.270588248968,1],"ix":3},"o":{"a":0,"k":100,"ix":4},"w":{"a":0,"k":70,"ix":5},"lc":2,"lj":2,"bm":0,"d":[{"n":"d","nm":"dash","v":{"a":0,"k":226,"ix":1}},{"n":"g","nm":"gap","v":{"a":0,"k":273,"ix":2}},{"n":"o","nm":"offset","v":{"a":0,"k":33,"ix":7}}],"nm":"Stroke 3","mn":"ADBE Vector Graphic - Stroke","hd":false},{"ty":"st","c":{"a":0,"k":[1,0.658823549747,0.454901993275,1],"ix":3},"o":{"a":0,"k":100,"ix":4},"w":{"a":0,"k":50,"ix":5},"lc":2,"lj":2,"bm":0,"nm":"Stroke 2","mn":"ADBE Vector Graphic - Stroke","hd":false},{"ty":"tr","p":{"a":0,"k":[0,0],"ix":2},"a":{"a":0,"k":[0,0],"ix":1},"s":{"a":0,"k":[100,100],"ix":3},"r":{"a":0,"k":0,"ix":6},"o":{"a":0,"k":100,"ix":7},"sk":{"a":0,"k":0,"ix":4},"sa":{"a":0,"k":0,"ix":5},"nm":"Transform"}],"nm":"L Hand","np":5,"cix":2,"bm":0,"ix":7,"mn":"ADBE Vector Group","hd":false}],"ip":0,"op":150,"st":0,"bm":0},{"ddd":0,"ind":2,"ty":4,"nm":"Ch Male","sr":1,"ks":{"o":{"a":0,"k":100,"ix":11},"r":{"a":0,"k":0,"ix":10},"p":{"a":0,"k":[686.057,518.447,0],"ix":2},"a":{"a":0,"k":[-99,101,0],"ix":1},"s":{"a":0,"k":[-107.708,107.708,100],"ix":6}},"ao":0,"shapes":[{"ty":"gr","it":[{"ty":"gr","it":[{"ty":"gr","it":[{"d":1,"ty":"el","s":{"a":0,"k":[54,54],"ix":2},"p":{"a":0,"k":[0,0],"ix":3},"nm":"Ellipse Path 1","mn":"ADBE Vector Shape - Ellipse","hd":false},{"ty":"fl","c":{"a":0,"k":[0.121568634931,0.121568634931,0.149019607843,1],"ix":4},"o":{"a":0,"k":100,"ix":5},"r":1,"bm":0,"nm":"Fill 1","mn":"ADBE Vector Graphic - Fill","hd":false},{"ty":"tr","p":{"a":0,"k":[-87,-233],"ix":2},"a":{"a":0,"k":[0,0],"ix":1},"s":{"a":0,"k":[150.357,150.357],"ix":3},"r":{"a":0,"k":0,"ix":6},"o":{"a":0,"k":100,"ix":7},"sk":{"a":0,"k":0,"ix":4},"sa":{"a":0,"k":0,"ix":5},"nm":"Transform"}],"nm":"Ellipse 2","np":3,"cix":2,"bm":0,"ix":1,"mn":"ADBE Vector Group","hd":false},{"ty":"gr","it":[{"d":1,"ty":"el","s":{"a":0,"k":[54,54],"ix":2},"p":{"a":0,"k":[0,0],"ix":3},"nm":"Ellipse Path 1","mn":"ADBE Vector Shape - Ellipse","hd":false},{"ty":"fl","c":{"a":0,"k":[0.121568634931,0.121568634931,0.149019607843,1],"ix":4},"o":{"a":0,"k":100,"ix":5},"r":1,"bm":0,"nm":"Fill 1","mn":"ADBE Vector Graphic - Fill","hd":false},{"ty":"tr","p":{"a":0,"k":[-104,-210],"ix":2},"a":{"a":0,"k":[0,0],"ix":1},"s":{"a":0,"k":[150.794,150.794],"ix":3},"r":{"a":0,"k":0,"ix":6},"o":{"a":0,"k":100,"ix":7},"sk":{"a":0,"k":0,"ix":4},"sa":{"a":0,"k":0,"ix":5},"nm":"Transform"}],"nm":"Ellipse 4","np":3,"cix":2,"bm":0,"ix":2,"mn":"ADBE Vector Group","hd":false},{"ty":"gr","it":[{"d":1,"ty":"el","s":{"a":0,"k":[54,54],"ix":2},"p":{"a":0,"k":[0,0],"ix":3},"nm":"Ellipse Path 1","mn":"ADBE Vector Shape - Ellipse","hd":false},{"ty":"fl","c":{"a":0,"k":[0.121568634931,0.121568634931,0.149019607843,1],"ix":4},"o":{"a":0,"k":100,"ix":5},"r":1,"bm":0,"nm":"Fill 1","mn":"ADBE Vector Graphic - Fill","hd":false},{"ty":"tr","p":{"a":0,"k":[-56,-230],"ix":2},"a":{"a":0,"k":[0,0],"ix":1},"s":{"a":0,"k":[122.162,122.162],"ix":3},"r":{"a":0,"k":0,"ix":6},"o":{"a":0,"k":100,"ix":7},"sk":{"a":0,"k":0,"ix":4},"sa":{"a":0,"k":0,"ix":5},"nm":"Transform"}],"nm":"Ellipse 3","np":3,"cix":2,"bm":0,"ix":3,"mn":"ADBE Vector Group","hd":false},{"ty":"gr","it":[{"d":1,"ty":"el","s":{"a":0,"k":[54,54],"ix":2},"p":{"a":0,"k":[0,0],"ix":3},"nm":"Ellipse Path 1","mn":"ADBE Vector Shape - Ellipse","hd":false},{"ty":"fl","c":{"a":0,"k":[0.121568634931,0.121568634931,0.149019607843,1],"ix":4},"o":{"a":0,"k":100,"ix":5},"r":1,"bm":0,"nm":"Fill 1","mn":"ADBE Vector Graphic - Fill","hd":false},{"ty":"tr","p":{"a":0,"k":[-110,-171],"ix":2},"a":{"a":0,"k":[0,0],"ix":1},"s":{"a":0,"k":[128.14,128.14],"ix":3},"r":{"a":0,"k":0,"ix":6},"o":{"a":0,"k":100,"ix":7},"sk":{"a":0,"k":0,"ix":4},"sa":{"a":0,"k":0,"ix":5},"nm":"Transform"}],"nm":"Ellipse 1","np":3,"cix":2,"bm":0,"ix":4,"mn":"ADBE Vector Group","hd":false},{"ty":"tr","p":{"a":0,"k":[-83.865,-204.999],"ix":2},"a":{"a":0,"k":[-83.865,-204.999],"ix":1},"s":{"a":0,"k":[100,100],"ix":3},"r":{"a":0,"k":0,"ix":6},"o":{"a":0,"k":100,"ix":7},"sk":{"a":0,"k":0,"ix":4},"sa":{"a":0,"k":0,"ix":5},"nm":"Transform"}],"nm":"Hair","np":4,"cix":2,"bm":0,"ix":1,"mn":"ADBE Vector Group","hd":false},{"ty":"gr","it":[{"ind":0,"ty":"sh","ix":1,"ks":{"a":0,"k":{"i":[[0,0],[0,0]],"o":[[0,0],[0,0]],"v":[[-83,-202],[-87,-116]],"c":false},"ix":2},"nm":"Path 1","mn":"ADBE Vector Shape - Group","hd":false},{"ty":"st","c":{"a":0,"k":[1,0.658823549747,0.454901993275,1],"ix":3},"o":{"a":0,"k":100,"ix":4},"w":{"a":0,"k":80,"ix":5},"lc":2,"lj":1,"ml":4,"bm":0,"d":[{"n":"d","nm":"dash","v":{"a":0,"k":30,"ix":1}},{"n":"g","nm":"gap","v":{"a":0,"k":229,"ix":2}},{"n":"o","nm":"offset","v":{"a":0,"k":0,"ix":7}}],"nm":"Stroke 2","mn":"ADBE Vector Graphic - Stroke","hd":false},{"ty":"st","c":{"a":0,"k":[1,0.658823529412,0.454901990704,1],"ix":3},"o":{"a":0,"k":100,"ix":4},"w":{"a":0,"k":40,"ix":5},"lc":2,"lj":2,"bm":0,"nm":"Stroke 1","mn":"ADBE Vector Graphic - Stroke","hd":false},{"ty":"tr","p":{"a":0,"k":[0,0],"ix":2},"a":{"a":0,"k":[0,0],"ix":1},"s":{"a":0,"k":[100,100],"ix":3},"r":{"a":0,"k":0,"ix":6},"o":{"a":0,"k":100,"ix":7},"sk":{"a":0,"k":0,"ix":4},"sa":{"a":0,"k":0,"ix":5},"nm":"Transform"}],"nm":"Face","np":4,"cix":2,"bm":0,"ix":2,"mn":"ADBE Vector Group","hd":false},{"ty":"tr","p":{"a":1,"k":[{"i":{"x":0.833,"y":0.833},"o":{"x":0.167,"y":0.167},"t":0,"s":[-69.299,-107.659],"to":[0,0],"ti":[0,0]},{"i":{"x":0.833,"y":0.833},"o":{"x":0.167,"y":0.167},"t":12,"s":[-69.299,-107.659],"to":[0,0],"ti":[0,0]},{"i":{"x":0.833,"y":0.833},"o":{"x":0.167,"y":0.167},"t":25,"s":[-69.299,-107.659],"to":[0,0],"ti":[0,0]},{"i":{"x":0.833,"y":0.833},"o":{"x":0.167,"y":0.167},"t":50,"s":[-69.299,-107.659],"to":[0,0],"ti":[0,0]},{"i":{"x":0.833,"y":0.833},"o":{"x":0.167,"y":0.167},"t":75,"s":[-69.299,-107.659],"to":[0,0],"ti":[0,0]},{"t":88,"s":[-69.299,-107.659]}],"ix":2},"a":{"a":0,"k":[-83.58,-118.062],"ix":1},"s":{"a":0,"k":[53,53],"ix":3},"r":{"a":1,"k":[{"i":{"x":[0.833],"y":[1]},"o":{"x":[0.167],"y":[0]},"t":0,"s":[2.744]},{"i":{"x":[0.833],"y":[1]},"o":{"x":[0.167],"y":[0]},"t":12,"s":[2.744]},{"i":{"x":[0.833],"y":[1]},"o":{"x":[0.167],"y":[0]},"t":25,"s":[2.744]},{"i":{"x":[0.833],"y":[1]},"o":{"x":[0.167],"y":[0]},"t":50,"s":[2.744]},{"i":{"x":[0.833],"y":[1]},"o":{"x":[0.167],"y":[0]},"t":75,"s":[2.744]},{"i":{"x":[0.833],"y":[1]},"o":{"x":[0.167],"y":[0]},"t":88,"s":[2.744]},{"i":{"x":[0.833],"y":[1]},"o":{"x":[0.167],"y":[0]},"t":100,"s":[2.744]},{"i":{"x":[0.833],"y":[1]},"o":{"x":[0.167],"y":[0]},"t":107,"s":[-13.256]},{"i":{"x":[0.833],"y":[1]},"o":{"x":[0.167],"y":[0]},"t":113,"s":[4.744]},{"i":{"x":[0.833],"y":[1]},"o":{"x":[0.167],"y":[0]},"t":119,"s":[-13.256]},{"t":125,"s":[-5.256]}],"ix":6},"o":{"a":0,"k":100,"ix":7},"sk":{"a":0,"k":0,"ix":4},"sa":{"a":0,"k":0,"ix":5},"nm":"Transform"}],"nm":"Face","np":2,"cix":2,"bm":0,"ix":1,"mn":"ADBE Vector Group","hd":false},{"ty":"gr","it":[{"ind":0,"ty":"sh","ix":1,"ks":{"a":1,"k":[{"i":{"x":0.833,"y":1},"o":{"x":0.167,"y":0},"t":0,"s":[{"i":[[0,0],[0,0],[0,0]],"o":[[0,0],[0,0],[0,0]],"v":[[-116.527,-67.641],[-139.905,44.289],[-58.344,63.493]],"c":false}]},{"i":{"x":0.833,"y":1},"o":{"x":0.167,"y":0},"t":12,"s":[{"i":[[0,0],[0,0],[0,0]],"o":[[0,0],[0,0],[0,0]],"v":[[-118.384,-67.641],[-156.617,18.293],[-143.76,128.483]],"c":false}]},{"i":{"x":0.833,"y":1},"o":{"x":0.167,"y":0},"t":25,"s":[{"i":[[0,0],[0,0],[0,0]],"o":[[0,0],[0,0],[0,0]],"v":[[-116.527,-67.641],[-139.905,44.289],[-58.344,63.493]],"c":false}]},{"i":{"x":0.833,"y":1},"o":{"x":0.167,"y":0},"t":50,"s":[{"i":[[0,0],[0,0],[0,0]],"o":[[0,0],[0,0],[0,0]],"v":[[-116.527,-67.641],[-139.905,44.289],[-58.344,63.493]],"c":false}]},{"i":{"x":0.833,"y":1},"o":{"x":0.167,"y":0},"t":75,"s":[{"i":[[0,0],[0,0],[0,0]],"o":[[0,0],[0,0],[0,0]],"v":[[-116.527,-67.641],[-139.905,44.289],[-58.344,63.493]],"c":false}]},{"t":88,"s":[{"i":[[0,0],[0,0],[0,0]],"o":[[0,0],[0,0],[0,0]],"v":[[-116.527,-67.641],[-139.905,44.289],[-58.344,63.493]],"c":false}]}],"ix":2},"nm":"Path 1","mn":"ADBE Vector Shape - Group","hd":false},{"ty":"st","c":{"a":0,"k":[0.368627458811,0.913725554943,0.482352972031,1],"ix":3},"o":{"a":0,"k":100,"ix":4},"w":{"a":0,"k":50,"ix":5},"lc":1,"lj":2,"bm":0,"d":[{"n":"d","nm":"dash","v":{"a":0,"k":77,"ix":1}},{"n":"g","nm":"gap","v":{"a":0,"k":351,"ix":2}},{"n":"o","nm":"offset","v":{"a":0,"k":-13,"ix":7}}],"nm":"Stroke 2","mn":"ADBE Vector Graphic - Stroke","hd":false},{"ty":"st","c":{"a":0,"k":[0.368627458811,0.913725554943,0.482352972031,1],"ix":3},"o":{"a":0,"k":100,"ix":4},"w":{"a":0,"k":50,"ix":5},"lc":2,"lj":2,"bm":0,"d":[{"n":"d","nm":"dash","v":{"a":0,"k":21,"ix":1}},{"n":"g","nm":"gap","v":{"a":0,"k":351,"ix":2}},{"n":"o","nm":"offset","v":{"a":0,"k":12,"ix":7}}],"nm":"Stroke 3","mn":"ADBE Vector Graphic - Stroke","hd":false},{"ty":"st","c":{"a":0,"k":[1,0.658823549747,0.454901993275,1],"ix":3},"o":{"a":0,"k":100,"ix":4},"w":{"a":0,"k":50,"ix":5},"lc":2,"lj":2,"bm":0,"nm":"Stroke 1","mn":"ADBE Vector Graphic - Stroke","hd":false},{"ty":"tr","p":{"a":0,"k":[0,0],"ix":2},"a":{"a":0,"k":[0,0],"ix":1},"s":{"a":0,"k":[100,100],"ix":3},"r":{"a":0,"k":0,"ix":6},"o":{"a":0,"k":100,"ix":7},"sk":{"a":0,"k":0,"ix":4},"sa":{"a":0,"k":0,"ix":5},"nm":"Transform"}],"nm":"R Hand","np":5,"cix":2,"bm":0,"ix":2,"mn":"ADBE Vector Group","hd":false},{"ty":"gr","it":[{"ind":0,"ty":"sh","ix":1,"ks":{"a":1,"k":[{"i":{"x":0.833,"y":1},"o":{"x":0.167,"y":0},"t":0,"s":[{"i":[[0,0],[0,0]],"o":[[0,0],[0,0]],"v":[[-82.765,-41.579],[-86.365,41.066]],"c":false}]},{"i":{"x":0.833,"y":1},"o":{"x":0.167,"y":0},"t":12,"s":[{"i":[[0,0],[0,0]],"o":[[0,0],[0,0]],"v":[[-82.765,-41.579],[-86.365,41.066]],"c":false}]},{"i":{"x":0.833,"y":1},"o":{"x":0.167,"y":0},"t":25,"s":[{"i":[[0,0],[0,0]],"o":[[0,0],[0,0]],"v":[[-82.765,-41.579],[-86.365,41.066]],"c":false}]},{"i":{"x":0.833,"y":1},"o":{"x":0.167,"y":0},"t":50,"s":[{"i":[[0,0],[0,0]],"o":[[0,0],[0,0]],"v":[[-82.765,-41.579],[-86.365,41.066]],"c":false}]},{"i":{"x":0.833,"y":1},"o":{"x":0.167,"y":0},"t":75,"s":[{"i":[[0,0],[0,0]],"o":[[0,0],[0,0]],"v":[[-82.765,-41.579],[-86.365,41.066]],"c":false}]},{"t":88,"s":[{"i":[[0,0],[0,0]],"o":[[0,0],[0,0]],"v":[[-82.765,-41.579],[-86.365,41.066]],"c":false}]}],"ix":2},"nm":"Path 1","mn":"ADBE Vector Shape - Group","hd":false},{"ty":"st","c":{"a":0,"k":[0.941176530427,0.941176530427,0.941176530427,1],"ix":3},"o":{"a":0,"k":100,"ix":4},"w":{"a":0,"k":145,"ix":5},"lc":2,"lj":2,"bm":0,"nm":"Stroke 1","mn":"ADBE Vector Graphic - Stroke","hd":false},{"ty":"tr","p":{"a":0,"k":[0,0],"ix":2},"a":{"a":0,"k":[0,0],"ix":1},"s":{"a":0,"k":[100,100],"ix":3},"r":{"a":0,"k":0,"ix":6},"o":{"a":0,"k":100,"ix":7},"sk":{"a":0,"k":0,"ix":4},"sa":{"a":0,"k":0,"ix":5},"nm":"Transform"}],"nm":"Body","np":3,"cix":2,"bm":0,"ix":3,"mn":"ADBE Vector Group","hd":false},{"ty":"gr","it":[{"ind":0,"ty":"sh","ix":1,"ks":{"a":1,"k":[{"i":{"x":0.833,"y":1},"o":{"x":0.167,"y":0},"t":0,"s":[{"i":[[0,0],[0,0]],"o":[[0,0],[0,0]],"v":[[-91.333,81.111],[-94.919,90.16]],"c":false}]},{"i":{"x":0.833,"y":1},"o":{"x":0.167,"y":0},"t":12,"s":[{"i":[[0,0],[0,0]],"o":[[0,0],[0,0]],"v":[[-91.333,81.111],[-94.919,90.16]],"c":false}]},{"i":{"x":0.833,"y":1},"o":{"x":0.167,"y":0},"t":25,"s":[{"i":[[0,0],[0,0]],"o":[[0,0],[0,0]],"v":[[-91.333,81.111],[-94.919,90.16]],"c":false}]},{"i":{"x":0.833,"y":1},"o":{"x":0.167,"y":0},"t":50,"s":[{"i":[[0,0],[0,0]],"o":[[0,0],[0,0]],"v":[[-91.333,81.111],[-94.919,90.16]],"c":false}]},{"i":{"x":0.833,"y":1},"o":{"x":0.167,"y":0},"t":75,"s":[{"i":[[0,0],[0,0]],"o":[[0,0],[0,0]],"v":[[-91.333,81.111],[-94.919,90.16]],"c":false}]},{"t":88,"s":[{"i":[[0,0],[0,0]],"o":[[0,0],[0,0]],"v":[[-91.333,81.111],[-94.919,90.16]],"c":false}]}],"ix":2},"nm":"Path 1","mn":"ADBE Vector Shape - Group","hd":false},{"ty":"st","c":{"a":0,"k":[0.36862745098,0.913725550034,0.482352971096,1],"ix":3},"o":{"a":0,"k":100,"ix":4},"w":{"a":0,"k":145,"ix":5},"lc":2,"lj":2,"bm":0,"nm":"Stroke 1","mn":"ADBE Vector Graphic - Stroke","hd":false},{"ty":"tr","p":{"a":0,"k":[0,0],"ix":2},"a":{"a":0,"k":[0,0],"ix":1},"s":{"a":0,"k":[100,100],"ix":3},"r":{"a":0,"k":0,"ix":6},"o":{"a":0,"k":100,"ix":7},"sk":{"a":0,"k":0,"ix":4},"sa":{"a":0,"k":0,"ix":5},"nm":"Transform"}],"nm":"Torso","np":3,"cix":2,"bm":0,"ix":4,"mn":"ADBE Vector Group","hd":false},{"ty":"gr","it":[{"ind":0,"ty":"sh","ix":1,"ks":{"a":1,"k":[{"i":{"x":0.667,"y":1},"o":{"x":0.167,"y":0},"t":0,"s":[{"i":[[0,0],[0,0],[0,0],[0,0]],"o":[[0,0],[0,0],[0,0],[0,0]],"v":[[-129.141,116.463],[-111.812,248.101],[-129.584,388.752],[-101.576,390.229]],"c":false}]},{"i":{"x":0.667,"y":1},"o":{"x":0.333,"y":0},"t":12,"s":[{"i":[[0,0],[0,0],[0,0],[0,0]],"o":[[0,0],[0,0],[0,0],[0,0]],"v":[[-130.998,112.75],[-117.382,244.387],[-165.793,368.327],[-140.571,387.444]],"c":false}]},{"i":{"x":0.833,"y":1},"o":{"x":0.167,"y":0},"t":88,"s":[{"i":[[0,0],[0,0],[0,0],[0,0]],"o":[[0,0],[0,0],[0,0],[0,0]],"v":[[-130.998,112.75],[-117.382,244.387],[-165.793,368.327],[-140.571,387.444]],"c":false}]},{"t":100,"s":[{"i":[[0,0],[0,0],[0,0],[0,0]],"o":[[0,0],[0,0],[0,0],[0,0]],"v":[[-129.141,116.463],[-111.812,248.101],[-129.584,388.752],[-101.576,390.229]],"c":false}]}],"ix":2},"nm":"Path 1","mn":"ADBE Vector Shape - Group","hd":false},{"ty":"st","c":{"a":0,"k":[0.368627458811,0.913725554943,0.482352972031,1],"ix":3},"o":{"a":0,"k":100,"ix":4},"w":{"a":0,"k":60,"ix":5},"lc":2,"lj":2,"bm":0,"d":[{"n":"d","nm":"dash","v":{"a":0,"k":209,"ix":1}},{"n":"g","nm":"gap","v":{"a":0,"k":440,"ix":2}},{"n":"o","nm":"offset","v":{"a":0,"k":0,"ix":7}}],"nm":"Cloths","mn":"ADBE Vector Graphic - Stroke","hd":false},{"ty":"st","c":{"a":0,"k":[0.21960785985,0.200000017881,0.392156898975,1],"ix":3},"o":{"a":0,"k":100,"ix":4},"w":{"a":0,"k":60,"ix":5},"lc":2,"lj":2,"bm":0,"d":[{"n":"d","nm":"dash","v":{"a":0,"k":76,"ix":1}},{"n":"g","nm":"gap","v":{"a":0,"k":170,"ix":2}},{"n":"o","nm":"offset","v":{"a":0,"k":0,"ix":7}}],"nm":"Shoe","mn":"ADBE Vector Graphic - Stroke","hd":false},{"ty":"st","c":{"a":0,"k":[1,0.658823549747,0.454901993275,1],"ix":3},"o":{"a":0,"k":100,"ix":4},"w":{"a":0,"k":45,"ix":5},"lc":2,"lj":2,"bm":0,"d":[{"n":"d","nm":"dash","v":{"a":0,"k":78,"ix":1}},{"n":"g","nm":"gap","v":{"a":0,"k":132,"ix":2}},{"n":"o","nm":"offset","v":{"a":0,"k":0,"ix":7}}],"nm":"Skin Tone","mn":"ADBE Vector Graphic - Stroke","hd":false},{"ty":"tr","p":{"a":0,"k":[0,0],"ix":2},"a":{"a":0,"k":[0,0],"ix":1},"s":{"a":0,"k":[100,100],"ix":3},"r":{"a":0,"k":0,"ix":6},"o":{"a":0,"k":100,"ix":7},"sk":{"a":0,"k":0,"ix":4},"sa":{"a":0,"k":0,"ix":5},"nm":"Transform"}],"nm":"R Leg","np":5,"cix":2,"bm":0,"ix":5,"mn":"ADBE Vector Group","hd":false},{"ty":"gr","it":[{"ind":0,"ty":"sh","ix":1,"ks":{"a":1,"k":[{"i":{"x":0.833,"y":1},"o":{"x":0.167,"y":0},"t":0,"s":[{"i":[[0,0],[0,0],[0,0]],"o":[[0,0],[0,0],[0,0]],"v":[[-46.622,-68.88],[-14.135,16.06],[-64.292,76.147]],"c":false}]},{"i":{"x":0.833,"y":1},"o":{"x":0.167,"y":0},"t":12,"s":[{"i":[[0,0],[0,0],[0,0]],"o":[[0,0],[0,0],[0,0]],"v":[[-63.333,-65.167],[-4.85,19.774],[65.689,63.149]],"c":false}]},{"i":{"x":0.833,"y":1},"o":{"x":0.167,"y":0},"t":25,"s":[{"i":[[0,0],[0,0],[0,0]],"o":[[0,0],[0,0],[0,0]],"v":[[-63.333,-65.167],[-4.85,19.774],[60.118,31.582]],"c":false}]},{"i":{"x":0.833,"y":1},"o":{"x":0.167,"y":0},"t":30,"s":[{"i":[[0,0],[0,0],[0,0]],"o":[[0,0],[0,0],[0,0]],"v":[[-63.333,-65.167],[-4.85,47.627],[67.546,68.72]],"c":false}]},{"i":{"x":0.833,"y":1},"o":{"x":0.167,"y":0},"t":35,"s":[{"i":[[0,0],[0,0],[0,0]],"o":[[0,0],[0,0],[0,0]],"v":[[-63.333,-65.167],[-6.707,21.631],[67.546,31.582]],"c":false}]},{"i":{"x":0.833,"y":1},"o":{"x":0.167,"y":0},"t":40,"s":[{"i":[[0,0],[0,0],[0,0]],"o":[[0,0],[0,0],[0,0]],"v":[[-63.333,-65.167],[-6.707,53.198],[74.973,72.433]],"c":false}]},{"i":{"x":0.833,"y":1},"o":{"x":0.167,"y":0},"t":45,"s":[{"i":[[0,0],[0,0],[0,0]],"o":[[0,0],[0,0],[0,0]],"v":[[-63.333,-65.167],[-10.421,19.774],[61.975,33.439]],"c":false}]},{"i":{"x":0.833,"y":1},"o":{"x":0.167,"y":0},"t":50,"s":[{"i":[[0,0],[0,0],[0,0]],"o":[[0,0],[0,0],[0,0]],"v":[[-63.333,-65.167],[-6.707,45.77],[67.546,66.863]],"c":false}]},{"i":{"x":0.667,"y":1},"o":{"x":0.167,"y":0},"t":75,"s":[{"i":[[0,0],[0,0],[0,0]],"o":[[0,0],[0,0],[0,0]],"v":[[-63.333,-65.167],[-6.707,45.77],[67.546,66.863]],"c":false}]},{"i":{"x":0.667,"y":1},"o":{"x":0.333,"y":0},"t":83,"s":[{"i":[[0,0],[0,0],[0,0]],"o":[[0,0],[0,0],[0,0]],"v":[[-54.576,-67.113],[-10.599,17.204],[-5.25,112.579]],"c":false}]},{"i":{"x":0.833,"y":1},"o":{"x":0.333,"y":0},"t":93,"s":[{"i":[[0,0],[0,0],[0,0]],"o":[[0,0],[0,0],[0,0]],"v":[[-54.576,-67.113],[-10.599,17.204],[-5.25,112.579]],"c":false}]},{"t":100,"s":[{"i":[[0,0],[0,0],[0,0]],"o":[[0,0],[0,0],[0,0]],"v":[[-46.622,-68.88],[-14.135,16.06],[-64.292,76.147]],"c":false}]}],"ix":2},"nm":"Path 1","mn":"ADBE Vector Shape - Group","hd":false},{"ty":"st","c":{"a":0,"k":[0.32549020648,0.811764776707,0.427451014519,1],"ix":3},"o":{"a":0,"k":100,"ix":4},"w":{"a":0,"k":50,"ix":5},"lc":1,"lj":2,"bm":0,"d":[{"n":"d","nm":"dash","v":{"a":0,"k":77,"ix":1}},{"n":"g","nm":"gap","v":{"a":0,"k":351,"ix":2}},{"n":"o","nm":"offset","v":{"a":0,"k":-13,"ix":7}}],"nm":"Stroke 2","mn":"ADBE Vector Graphic - Stroke","hd":false},{"ty":"st","c":{"a":0,"k":[0.32549020648,0.811764776707,0.427451014519,1],"ix":3},"o":{"a":0,"k":100,"ix":4},"w":{"a":0,"k":50,"ix":5},"lc":2,"lj":2,"bm":0,"d":[{"n":"d","nm":"dash","v":{"a":0,"k":21,"ix":1}},{"n":"g","nm":"gap","v":{"a":0,"k":351,"ix":2}},{"n":"o","nm":"offset","v":{"a":0,"k":12,"ix":7}}],"nm":"Stroke 3","mn":"ADBE Vector Graphic - Stroke","hd":false},{"ty":"st","c":{"a":0,"k":[1,0.658823549747,0.454901993275,1],"ix":3},"o":{"a":0,"k":100,"ix":4},"w":{"a":0,"k":50,"ix":5},"lc":2,"lj":2,"bm":0,"nm":"Stroke 1","mn":"ADBE Vector Graphic - Stroke","hd":false},{"ty":"tr","p":{"a":0,"k":[0,0],"ix":2},"a":{"a":0,"k":[0,0],"ix":1},"s":{"a":0,"k":[100,100],"ix":3},"r":{"a":0,"k":0,"ix":6},"o":{"a":0,"k":100,"ix":7},"sk":{"a":0,"k":0,"ix":4},"sa":{"a":0,"k":0,"ix":5},"nm":"Transform"}],"nm":"L Hand","np":5,"cix":2,"bm":0,"ix":6,"mn":"ADBE Vector Group","hd":false},{"ty":"gr","it":[{"ind":0,"ty":"sh","ix":1,"ks":{"a":1,"k":[{"i":{"x":0.833,"y":1},"o":{"x":0.167,"y":0},"t":0,"s":[{"i":[[0,0],[0,0],[0,0],[0,0]],"o":[[0,0],[0,0],[0,0],[0,0]],"v":[[-63.889,114.859],[-69.985,244.143],[-75.859,376.929],[-41.718,381.643]],"c":false}]},{"i":{"x":0.833,"y":1},"o":{"x":0.167,"y":0},"t":12,"s":[{"i":[[0,0],[0,0],[0,0],[0,0]],"o":[[0,0],[0,0],[0,0],[0,0]],"v":[[-63.889,114.859],[-73.699,244.143],[-81.429,383.427],[-41.718,381.643]],"c":false}]},{"i":{"x":0.833,"y":1},"o":{"x":0.167,"y":0},"t":25,"s":[{"i":[[0,0],[0,0],[0,0],[0,0]],"o":[[0,0],[0,0],[0,0],[0,0]],"v":[[-63.889,114.859],[-73.699,244.143],[-81.429,383.427],[-41.718,381.643]],"c":false}]},{"i":{"x":0.833,"y":1},"o":{"x":0.167,"y":0},"t":50,"s":[{"i":[[0,0],[0,0],[0,0],[0,0]],"o":[[0,0],[0,0],[0,0],[0,0]],"v":[[-63.889,114.859],[-73.699,244.143],[-81.429,383.427],[-41.718,381.643]],"c":false}]},{"i":{"x":0.833,"y":1},"o":{"x":0.167,"y":0},"t":75,"s":[{"i":[[0,0],[0,0],[0,0],[0,0]],"o":[[0,0],[0,0],[0,0],[0,0]],"v":[[-63.889,114.859],[-73.699,244.143],[-81.429,383.427],[-41.718,381.643]],"c":false}]},{"t":88,"s":[{"i":[[0,0],[0,0],[0,0],[0,0]],"o":[[0,0],[0,0],[0,0],[0,0]],"v":[[-63.889,114.859],[-73.699,244.143],[-81.429,383.427],[-41.718,381.643]],"c":false}]}],"ix":2},"nm":"Path 1","mn":"ADBE Vector Shape - Group","hd":false},{"ty":"st","c":{"a":0,"k":[0.32549020648,0.811764776707,0.427451014519,1],"ix":3},"o":{"a":0,"k":100,"ix":4},"w":{"a":0,"k":60,"ix":5},"lc":2,"lj":2,"bm":0,"d":[{"n":"d","nm":"dash","v":{"a":0,"k":209,"ix":1}},{"n":"g","nm":"gap","v":{"a":0,"k":440,"ix":2}},{"n":"o","nm":"offset","v":{"a":0,"k":0,"ix":7}}],"nm":"T-Shirt","mn":"ADBE Vector Graphic - Stroke","hd":false},{"ty":"st","c":{"a":0,"k":[0.160784319043,0.149019613862,0.290196090937,1],"ix":3},"o":{"a":0,"k":100,"ix":4},"w":{"a":0,"k":60,"ix":5},"lc":2,"lj":2,"bm":0,"d":[{"n":"d","nm":"dash","v":{"a":0,"k":174,"ix":1}},{"n":"g","nm":"gap","v":{"a":0,"k":237,"ix":2}},{"n":"o","nm":"offset","v":{"a":0,"k":197,"ix":7}}],"nm":"Shoue","mn":"ADBE Vector Graphic - Stroke","hd":false},{"ty":"st","c":{"a":0,"k":[1,0.658823549747,0.454901993275,1],"ix":3},"o":{"a":0,"k":100,"ix":4},"w":{"a":0,"k":45,"ix":5},"lc":2,"lj":2,"bm":0,"d":[{"n":"d","nm":"dash","v":{"a":0,"k":78,"ix":1}},{"n":"g","nm":"gap","v":{"a":0,"k":132,"ix":2}},{"n":"o","nm":"offset","v":{"a":0,"k":0,"ix":7}}],"nm":"Skin Tone","mn":"ADBE Vector Graphic - Stroke","hd":false},{"ty":"tr","p":{"a":0,"k":[0,0],"ix":2},"a":{"a":0,"k":[0,0],"ix":1},"s":{"a":0,"k":[100,100],"ix":3},"r":{"a":0,"k":0,"ix":6},"o":{"a":0,"k":100,"ix":7},"sk":{"a":0,"k":0,"ix":4},"sa":{"a":0,"k":0,"ix":5},"nm":"Transform"}],"nm":"L Leg","np":5,"cix":2,"bm":0,"ix":7,"mn":"ADBE Vector Group","hd":false}],"ip":0,"op":150,"st":0,"bm":0},{"ddd":0,"ind":3,"ty":4,"nm":"Yellow Speach Bubble","sr":1,"ks":{"o":{"a":0,"k":100,"ix":11},"r":{"a":0,"k":0,"ix":10},"p":{"a":1,"k":[{"i":{"x":0,"y":1},"o":{"x":0.05,"y":0},"t":25,"s":[607.298,244.105,0],"to":[0,4,0],"ti":[0,1.333,0]},{"i":{"x":0,"y":1},"o":{"x":0.05,"y":0},"t":50,"s":[607.298,268.105,0],"to":[0,-1.333,0],"ti":[0,2.333,0]},{"i":{"x":0,"y":1},"o":{"x":0.05,"y":0},"t":75,"s":[607.298,236.105,0],"to":[0,-2.333,0],"ti":[0,-1.333,0]},{"i":{"x":0,"y":1},"o":{"x":0.05,"y":0},"t":100,"s":[607.298,254.105,0],"to":[0,1.333,0],"ti":[0,1.667,0]},{"t":125,"s":[607.298,244.105,0]}],"ix":2},"a":{"a":0,"k":[-115.298,-261.564,0],"ix":1},"s":{"a":1,"k":[{"i":{"x":[0,0,0],"y":[1,1,1]},"o":{"x":[0.05,0.05,0.05],"y":[0,0,0]},"t":13,"s":[0,0,100]},{"i":{"x":[0,0,0],"y":[1,1,1]},"o":{"x":[0.05,0.05,0.05],"y":[0,0,0]},"t":25,"s":[-68.777,68.777,100]},{"i":{"x":[0,0,0],"y":[1,1,1]},"o":{"x":[0.05,0.05,0.05],"y":[0,0,0]},"t":125,"s":[-68.777,68.777,100]},{"t":139,"s":[0,0,100]}],"ix":6}},"ao":0,"shapes":[{"ty":"gr","it":[{"d":1,"ty":"el","s":{"a":1,"k":[{"i":{"x":[0,0],"y":[1,1]},"o":{"x":[0.05,0.05],"y":[0,0]},"t":33,"s":[0,0]},{"i":{"x":[0,0],"y":[1,1]},"o":{"x":[0.05,0.05],"y":[0,0]},"t":44,"s":[15,15]},{"i":{"x":[0,0],"y":[1,1]},"o":{"x":[0.05,0.05],"y":[0,0]},"t":58,"s":[0,0]},{"i":{"x":[0,0],"y":[1,1]},"o":{"x":[0.05,0.05],"y":[0,0]},"t":69,"s":[15,15]},{"i":{"x":[0,0],"y":[1,1]},"o":{"x":[0.05,0.05],"y":[0,0]},"t":83,"s":[0,0]},{"i":{"x":[0,0],"y":[1,1]},"o":{"x":[0.05,0.05],"y":[0,0]},"t":94,"s":[15,15]},{"i":{"x":[0,0],"y":[1,1]},"o":{"x":[0.05,0.05],"y":[0,0]},"t":108,"s":[0,0]},{"i":{"x":[0,0],"y":[1,1]},"o":{"x":[0.05,0.05],"y":[0,0]},"t":119,"s":[15,15]},{"i":{"x":[0,0],"y":[1,1]},"o":{"x":[0.05,0.05],"y":[0,0]},"t":133,"s":[0,0]},{"t":144,"s":[15,15]}],"ix":2},"p":{"a":0,"k":[0,0],"ix":3},"nm":"Ellipse Path 1","mn":"ADBE Vector Shape - Ellipse","hd":false},{"ty":"fl","c":{"a":0,"k":[0.941176530427,0.941176530427,0.941176530427,1],"ix":4},"o":{"a":0,"k":100,"ix":5},"r":1,"bm":0,"nm":"Fill 1","mn":"ADBE Vector Graphic - Fill","hd":false},{"ty":"tr","p":{"a":0,"k":[-28,-317],"ix":2},"a":{"a":0,"k":[0,0],"ix":1},"s":{"a":0,"k":[100,100],"ix":3},"r":{"a":0,"k":0,"ix":6},"o":{"a":0,"k":100,"ix":7},"sk":{"a":0,"k":0,"ix":4},"sa":{"a":0,"k":0,"ix":5},"nm":"Transform"}],"nm":"Ellipse 4","np":3,"cix":2,"bm":0,"ix":1,"mn":"ADBE Vector Group","hd":false},{"ty":"gr","it":[{"d":1,"ty":"el","s":{"a":1,"k":[{"i":{"x":[0,0],"y":[1,1]},"o":{"x":[0.05,0.05],"y":[0,0]},"t":29,"s":[0,0]},{"i":{"x":[0,0],"y":[1,1]},"o":{"x":[0.05,0.05],"y":[0,0]},"t":41,"s":[20,20]},{"i":{"x":[0,0],"y":[1,1]},"o":{"x":[0.05,0.05],"y":[0,0]},"t":54,"s":[0,0]},{"i":{"x":[0,0],"y":[1,1]},"o":{"x":[0.05,0.05],"y":[0,0]},"t":66,"s":[20,20]},{"i":{"x":[0,0],"y":[1,1]},"o":{"x":[0.05,0.05],"y":[0,0]},"t":79,"s":[0,0]},{"i":{"x":[0,0],"y":[1,1]},"o":{"x":[0.05,0.05],"y":[0,0]},"t":91,"s":[20,20]},{"i":{"x":[0,0],"y":[1,1]},"o":{"x":[0.05,0.05],"y":[0,0]},"t":104,"s":[0,0]},{"i":{"x":[0,0],"y":[1,1]},"o":{"x":[0.05,0.05],"y":[0,0]},"t":116,"s":[20,20]},{"i":{"x":[0,0],"y":[1,1]},"o":{"x":[0.05,0.05],"y":[0,0]},"t":129,"s":[0,0]},{"t":141,"s":[20,20]}],"ix":2},"p":{"a":0,"k":[0,0],"ix":3},"nm":"Ellipse Path 1","mn":"ADBE Vector Shape - Ellipse","hd":false},{"ty":"fl","c":{"a":0,"k":[0.941176530427,0.941176530427,0.941176530427,1],"ix":4},"o":{"a":0,"k":100,"ix":5},"r":1,"bm":0,"nm":"Fill 1","mn":"ADBE Vector Graphic - Fill","hd":false},{"ty":"tr","p":{"a":0,"k":[-53,-317],"ix":2},"a":{"a":0,"k":[0,0],"ix":1},"s":{"a":0,"k":[100,100],"ix":3},"r":{"a":0,"k":0,"ix":6},"o":{"a":0,"k":100,"ix":7},"sk":{"a":0,"k":0,"ix":4},"sa":{"a":0,"k":0,"ix":5},"nm":"Transform"}],"nm":"Ellipse 3","np":3,"cix":2,"bm":0,"ix":2,"mn":"ADBE Vector Group","hd":false},{"ty":"gr","it":[{"d":1,"ty":"el","s":{"a":1,"k":[{"i":{"x":[0,0],"y":[1,1]},"o":{"x":[0.05,0.05],"y":[0,0]},"t":25,"s":[0,0]},{"i":{"x":[0,0],"y":[1,1]},"o":{"x":[0.05,0.05],"y":[0,0]},"t":37,"s":[15,15]},{"i":{"x":[0,0],"y":[1,1]},"o":{"x":[0.05,0.05],"y":[0,0]},"t":50,"s":[0,0]},{"i":{"x":[0,0],"y":[1,1]},"o":{"x":[0.05,0.05],"y":[0,0]},"t":62,"s":[15,15]},{"i":{"x":[0,0],"y":[1,1]},"o":{"x":[0.05,0.05],"y":[0,0]},"t":75,"s":[0,0]},{"i":{"x":[0,0],"y":[1,1]},"o":{"x":[0.05,0.05],"y":[0,0]},"t":87,"s":[15,15]},{"i":{"x":[0,0],"y":[1,1]},"o":{"x":[0.05,0.05],"y":[0,0]},"t":100,"s":[0,0]},{"i":{"x":[0,0],"y":[1,1]},"o":{"x":[0.05,0.05],"y":[0,0]},"t":112,"s":[15,15]},{"i":{"x":[0,0],"y":[1,1]},"o":{"x":[0.05,0.05],"y":[0,0]},"t":125,"s":[0,0]},{"t":137,"s":[15,15]}],"ix":2},"p":{"a":0,"k":[0,0],"ix":3},"nm":"Ellipse Path 1","mn":"ADBE Vector Shape - Ellipse","hd":false},{"ty":"fl","c":{"a":0,"k":[0.941176530427,0.941176530427,0.941176530427,1],"ix":4},"o":{"a":0,"k":100,"ix":5},"r":1,"bm":0,"nm":"Fill 1","mn":"ADBE Vector Graphic - Fill","hd":false},{"ty":"tr","p":{"a":0,"k":[-78,-317.5],"ix":2},"a":{"a":0,"k":[0,0],"ix":1},"s":{"a":0,"k":[100,100],"ix":3},"r":{"a":0,"k":0,"ix":6},"o":{"a":0,"k":100,"ix":7},"sk":{"a":0,"k":0,"ix":4},"sa":{"a":0,"k":0,"ix":5},"nm":"Transform"}],"nm":"Ellipse 2","np":3,"cix":2,"bm":0,"ix":3,"mn":"ADBE Vector Group","hd":false},{"ty":"gr","it":[{"ind":0,"ty":"sh","ix":1,"ks":{"a":0,"k":{"i":[[-30.376,0],[0,-30.376],[30.376,0],[6.079,2.314],[33.798,3.426],[2.55,2.485],[0,15.445]],"o":[[30.376,0],[0,30.376],[-6.891,0],[-3.703,-1.41],[0.798,0.426],[-10.251,-9.99],[0,-30.376]],"v":[[0,-55],[55,0],[0,55],[-19.564,51.419],[-62.298,54.574],[-38.383,39.393],[-55,0]],"c":true},"ix":2},"nm":"Path 1","mn":"ADBE Vector Shape - Group","hd":false},{"ty":"fl","c":{"a":0,"k":[1,0.909803981407,0.270588235294,1],"ix":4},"o":{"a":0,"k":100,"ix":5},"r":1,"bm":0,"nm":"Fill 1","mn":"ADBE Vector Graphic - Fill","hd":false},{"ty":"tr","p":{"a":0,"k":[-53,-317],"ix":2},"a":{"a":0,"k":[0,0],"ix":1},"s":{"a":0,"k":[100,100],"ix":3},"r":{"a":0,"k":0,"ix":6},"o":{"a":0,"k":100,"ix":7},"sk":{"a":0,"k":0,"ix":4},"sa":{"a":0,"k":0,"ix":5},"nm":"Transform"}],"nm":"Ellipse 1","np":3,"cix":2,"bm":0,"ix":4,"mn":"ADBE Vector Group","hd":false}],"ip":0,"op":150,"st":0,"bm":0},{"ddd":0,"ind":4,"ty":4,"nm":"Green Speach Bubble","sr":1,"ks":{"o":{"a":0,"k":100,"ix":11},"r":{"a":0,"k":0,"ix":10},"p":{"a":1,"k":[{"i":{"x":0,"y":1},"o":{"x":0.05,"y":0},"t":25,"s":[440.702,247.436,0],"to":[0,4.833,0],"ti":[0,-0.167,0]},{"i":{"x":0,"y":1},"o":{"x":0.05,"y":0},"t":50,"s":[440.702,276.436,0],"to":[0,0.167,0],"ti":[8,4.667,0]},{"i":{"x":0,"y":1},"o":{"x":0.05,"y":0},"t":75,"s":[440.702,248.436,0],"to":[-8,-4.667,0],"ti":[8,0,0]},{"i":{"x":0,"y":0},"o":{"x":0.05,"y":0.05},"t":100,"s":[392.702,248.436,0],"to":[0,0,0],"ti":[0,0,0]},{"t":125,"s":[392.702,248.436,0]}],"ix":2},"a":{"a":0,"k":[-115.298,-261.564,0],"ix":1},"s":{"a":1,"k":[{"i":{"x":[0,0,0],"y":[1,1,1]},"o":{"x":[0.05,0.05,0.05],"y":[0,0,0]},"t":13,"s":[0,0,100]},{"i":{"x":[0,0,0],"y":[1,1,1]},"o":{"x":[0.05,0.05,0.05],"y":[0,0,0]},"t":25,"s":[100,100,100]},{"i":{"x":[0,0,0],"y":[1,1,1]},"o":{"x":[0.05,0.05,0.05],"y":[0,0,0]},"t":125,"s":[100,100,100]},{"t":139,"s":[0,0,100]}],"ix":6}},"ao":0,"shapes":[{"ty":"gr","it":[{"d":1,"ty":"el","s":{"a":1,"k":[{"i":{"x":[0,0],"y":[1,1]},"o":{"x":[0.05,0.05],"y":[0,0]},"t":31,"s":[0,0]},{"i":{"x":[0,0],"y":[1,1]},"o":{"x":[0.05,0.05],"y":[0,0]},"t":44,"s":[15,15]},{"i":{"x":[0,0],"y":[1,1]},"o":{"x":[0.05,0.05],"y":[0,0]},"t":56,"s":[0,0]},{"i":{"x":[0,0],"y":[1,1]},"o":{"x":[0.05,0.05],"y":[0,0]},"t":69,"s":[15,15]},{"i":{"x":[0,0],"y":[1,1]},"o":{"x":[0.05,0.05],"y":[0,0]},"t":81,"s":[0,0]},{"i":{"x":[0,0],"y":[1,1]},"o":{"x":[0.05,0.05],"y":[0,0]},"t":94,"s":[15,15]},{"i":{"x":[0,0],"y":[1,1]},"o":{"x":[0.05,0.05],"y":[0,0]},"t":106,"s":[0,0]},{"i":{"x":[0,0],"y":[1,1]},"o":{"x":[0.05,0.05],"y":[0,0]},"t":119,"s":[15,15]},{"i":{"x":[0,0],"y":[1,1]},"o":{"x":[0.05,0.05],"y":[0,0]},"t":131,"s":[0,0]},{"t":144,"s":[15,15]}],"ix":2},"p":{"a":0,"k":[0,0],"ix":3},"nm":"Ellipse Path 1","mn":"ADBE Vector Shape - Ellipse","hd":false},{"ty":"fl","c":{"a":0,"k":[0.941176530427,0.941176530427,0.941176530427,1],"ix":4},"o":{"a":0,"k":100,"ix":5},"r":1,"bm":0,"nm":"Fill 1","mn":"ADBE Vector Graphic - Fill","hd":false},{"ty":"tr","p":{"a":0,"k":[-28,-317],"ix":2},"a":{"a":0,"k":[0,0],"ix":1},"s":{"a":0,"k":[100,100],"ix":3},"r":{"a":0,"k":0,"ix":6},"o":{"a":0,"k":100,"ix":7},"sk":{"a":0,"k":0,"ix":4},"sa":{"a":0,"k":0,"ix":5},"nm":"Transform"}],"nm":"Ellipse 4","np":3,"cix":2,"bm":0,"ix":1,"mn":"ADBE Vector Group","hd":false},{"ty":"gr","it":[{"d":1,"ty":"el","s":{"a":1,"k":[{"i":{"x":[0,0],"y":[1,1]},"o":{"x":[0.05,0.05],"y":[0,0]},"t":28,"s":[0,0]},{"i":{"x":[0,0],"y":[1,1]},"o":{"x":[0.05,0.05],"y":[0,0]},"t":41,"s":[20,20]},{"i":{"x":[0,0],"y":[1,1]},"o":{"x":[0.05,0.05],"y":[0,0]},"t":53,"s":[0,0]},{"i":{"x":[0,0],"y":[1,1]},"o":{"x":[0.05,0.05],"y":[0,0]},"t":66,"s":[20,20]},{"i":{"x":[0,0],"y":[1,1]},"o":{"x":[0.05,0.05],"y":[0,0]},"t":78,"s":[0,0]},{"i":{"x":[0,0],"y":[1,1]},"o":{"x":[0.05,0.05],"y":[0,0]},"t":91,"s":[20,20]},{"i":{"x":[0,0],"y":[1,1]},"o":{"x":[0.05,0.05],"y":[0,0]},"t":103,"s":[0,0]},{"i":{"x":[0,0],"y":[1,1]},"o":{"x":[0.05,0.05],"y":[0,0]},"t":116,"s":[20,20]},{"i":{"x":[0,0],"y":[1,1]},"o":{"x":[0.05,0.05],"y":[0,0]},"t":128,"s":[0,0]},{"t":141,"s":[20,20]}],"ix":2},"p":{"a":0,"k":[0,0],"ix":3},"nm":"Ellipse Path 1","mn":"ADBE Vector Shape - Ellipse","hd":false},{"ty":"fl","c":{"a":0,"k":[0.941176530427,0.941176530427,0.941176530427,1],"ix":4},"o":{"a":0,"k":100,"ix":5},"r":1,"bm":0,"nm":"Fill 1","mn":"ADBE Vector Graphic - Fill","hd":false},{"ty":"tr","p":{"a":0,"k":[-53,-317],"ix":2},"a":{"a":0,"k":[0,0],"ix":1},"s":{"a":0,"k":[100,100],"ix":3},"r":{"a":0,"k":0,"ix":6},"o":{"a":0,"k":100,"ix":7},"sk":{"a":0,"k":0,"ix":4},"sa":{"a":0,"k":0,"ix":5},"nm":"Transform"}],"nm":"Ellipse 3","np":3,"cix":2,"bm":0,"ix":2,"mn":"ADBE Vector Group","hd":false},{"ty":"gr","it":[{"d":1,"ty":"el","s":{"a":1,"k":[{"i":{"x":[0,0],"y":[1,1]},"o":{"x":[0.05,0.05],"y":[0,0]},"t":25,"s":[0,0]},{"i":{"x":[0,0],"y":[1,1]},"o":{"x":[0.05,0.05],"y":[0,0]},"t":38,"s":[15,15]},{"i":{"x":[0,0],"y":[1,1]},"o":{"x":[0.05,0.05],"y":[0,0]},"t":50,"s":[0,0]},{"i":{"x":[0,0],"y":[1,1]},"o":{"x":[0.05,0.05],"y":[0,0]},"t":63,"s":[15,15]},{"i":{"x":[0,0],"y":[1,1]},"o":{"x":[0.05,0.05],"y":[0,0]},"t":75,"s":[0,0]},{"i":{"x":[0,0],"y":[1,1]},"o":{"x":[0.05,0.05],"y":[0,0]},"t":88,"s":[15,15]},{"i":{"x":[0,0],"y":[1,1]},"o":{"x":[0.05,0.05],"y":[0,0]},"t":100,"s":[0,0]},{"i":{"x":[0,0],"y":[1,1]},"o":{"x":[0.05,0.05],"y":[0,0]},"t":113,"s":[15,15]},{"i":{"x":[0,0],"y":[1,1]},"o":{"x":[0.05,0.05],"y":[0,0]},"t":125,"s":[0,0]},{"t":138,"s":[15,15]}],"ix":2},"p":{"a":0,"k":[0,0],"ix":3},"nm":"Ellipse Path 1","mn":"ADBE Vector Shape - Ellipse","hd":false},{"ty":"fl","c":{"a":0,"k":[0.941176530427,0.941176530427,0.941176530427,1],"ix":4},"o":{"a":0,"k":100,"ix":5},"r":1,"bm":0,"nm":"Fill 1","mn":"ADBE Vector Graphic - Fill","hd":false},{"ty":"tr","p":{"a":0,"k":[-78,-317.5],"ix":2},"a":{"a":0,"k":[0,0],"ix":1},"s":{"a":0,"k":[100,100],"ix":3},"r":{"a":0,"k":0,"ix":6},"o":{"a":0,"k":100,"ix":7},"sk":{"a":0,"k":0,"ix":4},"sa":{"a":0,"k":0,"ix":5},"nm":"Transform"}],"nm":"Ellipse 2","np":3,"cix":2,"bm":0,"ix":3,"mn":"ADBE Vector Group","hd":false},{"ty":"gr","it":[{"ind":0,"ty":"sh","ix":1,"ks":{"a":0,"k":{"i":[[-30.376,0],[0,-30.376],[30.376,0],[6.079,2.314],[33.798,3.426],[2.55,2.485],[0,15.445]],"o":[[30.376,0],[0,30.376],[-6.891,0],[-3.703,-1.41],[0.798,0.426],[-10.251,-9.99],[0,-30.376]],"v":[[0,-55],[55,0],[0,55],[-19.564,51.419],[-62.298,54.574],[-38.383,39.393],[-55,0]],"c":true},"ix":2},"nm":"Path 1","mn":"ADBE Vector Shape - Group","hd":false},{"ty":"fl","c":{"a":0,"k":[0.443137224983,1,0.652779732498,1],"ix":4},"o":{"a":0,"k":100,"ix":5},"r":1,"bm":0,"nm":"Fill 1","mn":"ADBE Vector Graphic - Fill","hd":false},{"ty":"tr","p":{"a":0,"k":[-53,-317],"ix":2},"a":{"a":0,"k":[0,0],"ix":1},"s":{"a":0,"k":[100,100],"ix":3},"r":{"a":0,"k":0,"ix":6},"o":{"a":0,"k":100,"ix":7},"sk":{"a":0,"k":0,"ix":4},"sa":{"a":0,"k":0,"ix":5},"nm":"Transform"}],"nm":"Ellipse 1","np":3,"cix":2,"bm":0,"ix":4,"mn":"ADBE Vector Group","hd":false}],"ip":0,"op":150,"st":0,"bm":0},{"ddd":0,"ind":5,"ty":4,"nm":"Line Strokes","sr":1,"ks":{"o":{"a":0,"k":100,"ix":11},"r":{"a":0,"k":0,"ix":10},"p":{"a":0,"k":[524,500,0],"ix":2},"a":{"a":0,"k":[0,0,0],"ix":1},"s":{"a":0,"k":[100,100,100],"ix":6}},"ao":0,"shapes":[{"ty":"gr","it":[{"ind":0,"ty":"sh","ix":1,"ks":{"a":0,"k":{"i":[[0,0],[0,0]],"o":[[0,0],[0,0]],"v":[[-432,-214],[-76,-214]],"c":false},"ix":2},"nm":"Path 1","mn":"ADBE Vector Shape - Group","hd":false},{"ty":"tm","s":{"a":1,"k":[{"i":{"x":[0],"y":[1]},"o":{"x":[0.05],"y":[0]},"t":60,"s":[0]},{"i":{"x":[0],"y":[1]},"o":{"x":[0.05],"y":[0]},"t":85,"s":[80]},{"t":110,"s":[100]}],"ix":1},"e":{"a":1,"k":[{"i":{"x":[0],"y":[1]},"o":{"x":[0.05],"y":[0]},"t":60,"s":[0]},{"t":110,"s":[100]}],"ix":2},"o":{"a":0,"k":0,"ix":3},"m":1,"ix":2,"nm":"Trim Paths 1","mn":"ADBE Vector Filter - Trim","hd":false},{"ty":"st","c":{"a":0,"k":[0.639215686275,0.639215686275,0.639215686275,1],"ix":3},"o":{"a":0,"k":100,"ix":4},"w":{"a":0,"k":4,"ix":5},"lc":1,"lj":1,"ml":4,"bm":0,"nm":"Stroke 1","mn":"ADBE Vector Graphic - Stroke","hd":false},{"ty":"tr","p":{"a":0,"k":[0,0],"ix":2},"a":{"a":0,"k":[0,0],"ix":1},"s":{"a":0,"k":[100,100],"ix":3},"r":{"a":0,"k":0,"ix":6},"o":{"a":0,"k":100,"ix":7},"sk":{"a":0,"k":0,"ix":4},"sa":{"a":0,"k":0,"ix":5},"nm":"Transform"}],"nm":"Stroke Bottom 2","np":4,"cix":2,"bm":0,"ix":1,"mn":"ADBE Vector Group","hd":false},{"ty":"gr","it":[{"ind":0,"ty":"sh","ix":1,"ks":{"a":0,"k":{"i":[[0,0],[0,0]],"o":[[0,0],[0,0]],"v":[[-46,-292],[310,-292]],"c":false},"ix":2},"nm":"Path 1","mn":"ADBE Vector Shape - Group","hd":false},{"ty":"tm","s":{"a":1,"k":[{"i":{"x":[0],"y":[1]},"o":{"x":[0.05],"y":[0]},"t":35,"s":[100]},{"i":{"x":[0],"y":[1]},"o":{"x":[0.05],"y":[0]},"t":60.168,"s":[80]},{"t":85,"s":[0]}],"ix":1},"e":{"a":1,"k":[{"i":{"x":[0],"y":[1]},"o":{"x":[0.05],"y":[0]},"t":35,"s":[100]},{"t":85,"s":[0]}],"ix":2},"o":{"a":0,"k":0,"ix":3},"m":1,"ix":2,"nm":"Trim Paths 1","mn":"ADBE Vector Filter - Trim","hd":false},{"ty":"st","c":{"a":0,"k":[0.639215686275,0.639215686275,0.639215686275,1],"ix":3},"o":{"a":0,"k":100,"ix":4},"w":{"a":0,"k":4,"ix":5},"lc":1,"lj":1,"ml":4,"bm":0,"nm":"Stroke 1","mn":"ADBE Vector Graphic - Stroke","hd":false},{"ty":"tr","p":{"a":0,"k":[0,0],"ix":2},"a":{"a":0,"k":[0,0],"ix":1},"s":{"a":0,"k":[100,100],"ix":3},"r":{"a":0,"k":0,"ix":6},"o":{"a":0,"k":100,"ix":7},"sk":{"a":0,"k":0,"ix":4},"sa":{"a":0,"k":0,"ix":5},"nm":"Transform"}],"nm":"Stroke Bottom","np":4,"cix":2,"bm":0,"ix":2,"mn":"ADBE Vector Group","hd":false}],"ip":0,"op":150,"st":0,"bm":0},{"ddd":0,"ind":6,"ty":4,"nm":"Ellipse Particles","sr":1,"ks":{"o":{"a":0,"k":100,"ix":11},"r":{"a":0,"k":0,"ix":10},"p":{"a":1,"k":[{"i":{"x":0.75,"y":1},"o":{"x":0.25,"y":0},"t":0,"s":[524,500,0],"to":[1.427,6.307,0],"ti":[0,0,0]},{"i":{"x":0.75,"y":1},"o":{"x":0.25,"y":0},"t":75,"s":[532.56,537.84,0],"to":[0,0,0],"ti":[1.427,6.307,0]},{"t":149,"s":[524,500,0]}],"ix":2},"a":{"a":0,"k":[0,0,0],"ix":1},"s":{"a":1,"k":[{"i":{"x":[0.75,0.75,0.75],"y":[1,1,1]},"o":{"x":[0.25,0.25,0.25],"y":[0,0,0]},"t":0,"s":[100,100,100]},{"i":{"x":[0.75,0.75,0.75],"y":[1,1,1]},"o":{"x":[0.25,0.25,0.25],"y":[0,0,0]},"t":75,"s":[88,88,100]},{"t":149,"s":[100,100,100]}],"ix":6}},"ao":0,"shapes":[{"ty":"gr","it":[{"d":1,"ty":"el","s":{"a":0,"k":[18,18],"ix":2},"p":{"a":0,"k":[0,0],"ix":3},"nm":"Ellipse Path 1","mn":"ADBE Vector Shape - Ellipse","hd":false},{"ty":"fl","c":{"a":0,"k":[1,0.909803981407,0.270588235294,1],"ix":4},"o":{"a":0,"k":100,"ix":5},"r":1,"bm":0,"nm":"Fill 1","mn":"ADBE Vector Graphic - Fill","hd":false},{"ty":"tr","p":{"a":0,"k":[33,-243],"ix":2},"a":{"a":0,"k":[0,0],"ix":1},"s":{"a":0,"k":[100,100],"ix":3},"r":{"a":0,"k":0,"ix":6},"o":{"a":0,"k":100,"ix":7},"sk":{"a":0,"k":0,"ix":4},"sa":{"a":0,"k":0,"ix":5},"nm":"Transform"}],"nm":"Ellipse 4","np":3,"cix":2,"bm":0,"ix":1,"mn":"ADBE Vector Group","hd":false},{"ty":"gr","it":[{"d":1,"ty":"el","s":{"a":0,"k":[40,40],"ix":2},"p":{"a":0,"k":[0,0],"ix":3},"nm":"Ellipse Path 1","mn":"ADBE Vector Shape - Ellipse","hd":false},{"ty":"fl","c":{"a":0,"k":[0.36862745098,0.913725550034,0.482352971096,1],"ix":4},"o":{"a":0,"k":100,"ix":5},"r":1,"bm":0,"nm":"Fill 1","mn":"ADBE Vector Graphic - Fill","hd":false},{"ty":"tr","p":{"a":0,"k":[282,-234],"ix":2},"a":{"a":0,"k":[0,0],"ix":1},"s":{"a":0,"k":[100,100],"ix":3},"r":{"a":0,"k":0,"ix":6},"o":{"a":0,"k":100,"ix":7},"sk":{"a":0,"k":0,"ix":4},"sa":{"a":0,"k":0,"ix":5},"nm":"Transform"}],"nm":"Ellipse 3","np":3,"cix":2,"bm":0,"ix":2,"mn":"ADBE Vector Group","hd":false},{"ty":"gr","it":[{"d":1,"ty":"el","s":{"a":0,"k":[20,20],"ix":2},"p":{"a":0,"k":[0,0],"ix":3},"nm":"Ellipse Path 1","mn":"ADBE Vector Shape - Ellipse","hd":false},{"ty":"fl","c":{"a":0,"k":[1,0.909803981407,0.270588235294,1],"ix":4},"o":{"a":0,"k":100,"ix":5},"r":1,"bm":0,"nm":"Fill 1","mn":"ADBE Vector Graphic - Fill","hd":false},{"ty":"tr","p":{"a":0,"k":[10,158],"ix":2},"a":{"a":0,"k":[0,0],"ix":1},"s":{"a":0,"k":[100,100],"ix":3},"r":{"a":0,"k":0,"ix":6},"o":{"a":0,"k":100,"ix":7},"sk":{"a":0,"k":0,"ix":4},"sa":{"a":0,"k":0,"ix":5},"nm":"Transform"}],"nm":"Ellipse 2","np":3,"cix":2,"bm":0,"ix":3,"mn":"ADBE Vector Group","hd":false},{"ty":"gr","it":[{"d":1,"ty":"el","s":{"a":0,"k":[38,38],"ix":2},"p":{"a":0,"k":[0,0],"ix":3},"nm":"Ellipse Path 1","mn":"ADBE Vector Shape - Ellipse","hd":false},{"ty":"fl","c":{"a":0,"k":[0.398907111673,1,0.530054668352,1],"ix":4},"o":{"a":0,"k":100,"ix":5},"r":1,"bm":0,"nm":"Fill 1","mn":"ADBE Vector Graphic - Fill","hd":false},{"ty":"tr","p":{"a":0,"k":[-357,-39],"ix":2},"a":{"a":0,"k":[0,0],"ix":1},"s":{"a":0,"k":[100,100],"ix":3},"r":{"a":0,"k":0,"ix":6},"o":{"a":0,"k":100,"ix":7},"sk":{"a":0,"k":0,"ix":4},"sa":{"a":0,"k":0,"ix":5},"nm":"Transform"}],"nm":"Ellipse 1","np":3,"cix":2,"bm":0,"ix":4,"mn":"ADBE Vector Group","hd":false}],"ip":0,"op":150,"st":0,"bm":0},{"ddd":0,"ind":7,"ty":4,"nm":"BG Bottom Ellipse","sr":1,"ks":{"o":{"a":0,"k":20,"ix":11},"r":{"a":0,"k":0,"ix":10},"p":{"a":1,"k":[{"i":{"x":0,"y":1},"o":{"x":0.05,"y":0},"t":0,"s":[656,636,0],"to":[15.167,-8.833,0],"ti":[0,0,0]},{"i":{"x":0,"y":1},"o":{"x":0.05,"y":0},"t":50,"s":[747,583,0],"to":[0,0,0],"ti":[15.167,-8.833,0]},{"t":149,"s":[656,636,0]}],"ix":2},"a":{"a":0,"k":[-168,-76,0],"ix":1},"s":{"a":0,"k":[52.381,52.381,100],"ix":6}},"ao":0,"shapes":[{"ty":"gr","it":[{"d":1,"ty":"el","s":{"a":0,"k":[504,504],"ix":2},"p":{"a":0,"k":[0,0],"ix":3},"nm":"Ellipse Path 1","mn":"ADBE Vector Shape - Ellipse","hd":false},{"ty":"fl","c":{"a":0,"k":[0.352941176471,0.752941236309,1,1],"ix":4},"o":{"a":0,"k":100,"ix":5},"r":1,"bm":0,"nm":"Fill 1","mn":"ADBE Vector Graphic - Fill","hd":false},{"ty":"tr","p":{"a":0,"k":[-168,-76],"ix":2},"a":{"a":0,"k":[0,0],"ix":1},"s":{"a":0,"k":[100,100],"ix":3},"r":{"a":0,"k":0,"ix":6},"o":{"a":0,"k":100,"ix":7},"sk":{"a":0,"k":0,"ix":4},"sa":{"a":0,"k":0,"ix":5},"nm":"Transform"}],"nm":"Ellipse 1","np":3,"cix":2,"bm":0,"ix":1,"mn":"ADBE Vector Group","hd":false}],"ip":0,"op":150,"st":0,"bm":0},{"ddd":0,"ind":8,"ty":4,"nm":"BG Top Ellips","sr":1,"ks":{"o":{"a":0,"k":20,"ix":11},"r":{"a":0,"k":0,"ix":10},"p":{"a":1,"k":[{"i":{"x":0,"y":1},"o":{"x":0.05,"y":0},"t":0,"s":[352,380,0],"to":[8.667,-10.833,0],"ti":[0,0,0]},{"i":{"x":0,"y":1},"o":{"x":0.05,"y":0},"t":100,"s":[404,315,0],"to":[0,0,0],"ti":[8.667,-10.833,0]},{"t":149,"s":[352,380,0]}],"ix":2},"a":{"a":0,"k":[-168,-76,0],"ix":1},"s":{"a":0,"k":[82.54,82.54,100],"ix":6}},"ao":0,"shapes":[{"ty":"gr","it":[{"d":1,"ty":"el","s":{"a":0,"k":[504,504],"ix":2},"p":{"a":0,"k":[0,0],"ix":3},"nm":"Ellipse Path 1","mn":"ADBE Vector Shape - Ellipse","hd":false},{"ty":"fl","c":{"a":0,"k":[0.352941176471,0.752941236309,1,1],"ix":4},"o":{"a":0,"k":100,"ix":5},"r":1,"bm":0,"nm":"Fill 1","mn":"ADBE Vector Graphic - Fill","hd":false},{"ty":"tr","p":{"a":0,"k":[-168,-76],"ix":2},"a":{"a":0,"k":[0,0],"ix":1},"s":{"a":0,"k":[100,100],"ix":3},"r":{"a":0,"k":0,"ix":6},"o":{"a":0,"k":100,"ix":7},"sk":{"a":0,"k":0,"ix":4},"sa":{"a":0,"k":0,"ix":5},"nm":"Transform"}],"nm":"Ellipse 1","np":3,"cix":2,"bm":0,"ix":1,"mn":"ADBE Vector Group","hd":false}],"ip":0,"op":150,"st":0,"bm":0},{"ddd":0,"ind":9,"ty":4,"nm":"Bottom Plants","sr":1,"ks":{"o":{"a":0,"k":100,"ix":11},"r":{"a":0,"k":0,"ix":10},"p":{"a":0,"k":[524,500,0],"ix":2},"a":{"a":0,"k":[0,0,0],"ix":1},"s":{"a":0,"k":[100,100,100],"ix":6}},"ao":0,"shapes":[{"ty":"gr","it":[{"ind":0,"ty":"sh","ix":1,"ks":{"a":1,"k":[{"i":{"x":0.75,"y":1},"o":{"x":0.25,"y":0},"t":0,"s":[{"i":[[20.708,-34.513],[-16,-20],[8,82],[5.685,39.795],[2,48]],"o":[[-36,60],[16,20],[-6.263,-64.193],[-4,-28],[-2,-48]],"v":[[280,138],[246,326],[362,258],[314,226],[334,112]],"c":true}]},{"i":{"x":0.75,"y":1},"o":{"x":0.25,"y":0},"t":50,"s":[{"i":[[5.885,-39.381],[-16,-20],[9.774,110.389],[5.685,39.795],[14.42,37.354]],"o":[[-10.239,68.538],[16,20],[-5.707,-64.245],[-4,-28],[-17.536,-44.364]],"v":[[268.062,140.677],[246,326],[375.774,241.611],[308.677,218.903],[345.611,126.226]],"c":true}]},{"i":{"x":0.75,"y":1},"o":{"x":0.25,"y":0},"t":100,"s":[{"i":[[4,-40],[-16,-20],[10,114],[5.685,39.795],[16,36]],"o":[[-6.962,69.624],[16,20],[-5.636,-64.251],[-4,-28],[-19.512,-43.901]],"v":[[244,132],[246,326],[364,226],[308,218],[302,110]],"c":true}]},{"t":149,"s":[{"i":[[20.708,-34.513],[-16,-20],[8,82],[5.685,39.795],[2,48]],"o":[[-36,60],[16,20],[-6.263,-64.193],[-4,-28],[-2,-48]],"v":[[280,138],[246,326],[362,258],[314,226],[334,112]],"c":true}]}],"ix":2},"nm":"Path 1","mn":"ADBE Vector Shape - Group","hd":false},{"ty":"fl","c":{"a":0,"k":[0.352941176471,0.752941236309,1,1],"ix":4},"o":{"a":0,"k":100,"ix":5},"r":1,"bm":0,"nm":"Fill 1","mn":"ADBE Vector Graphic - Fill","hd":false},{"ty":"tr","p":{"a":0,"k":[-40,0],"ix":2},"a":{"a":0,"k":[0,0],"ix":1},"s":{"a":0,"k":[100,100],"ix":3},"r":{"a":0,"k":0,"ix":6},"o":{"a":0,"k":100,"ix":7},"sk":{"a":0,"k":0,"ix":4},"sa":{"a":0,"k":0,"ix":5},"nm":"Transform"}],"nm":"Shape 2","np":3,"cix":2,"bm":0,"ix":1,"mn":"ADBE Vector Group","hd":false},{"ty":"gr","it":[{"ind":0,"ty":"sh","ix":1,"ks":{"a":1,"k":[{"i":{"x":0.75,"y":1},"o":{"x":0.25,"y":0},"t":0,"s":[{"i":[[41,-28],[10,18],[20,-32],[0,0],[-28.194,10.252],[12,56]],"o":[[-31.031,21.192],[-10,-18],[-42.36,67.776],[0,0],[22,-8],[-10.476,-48.89]],"v":[[-294,64],[-286,190],[-358,176],[-260,332],[-226,332],[-225,161]],"c":true}]},{"i":{"x":0.75,"y":1},"o":{"x":0.25,"y":0},"t":50,"s":[{"i":[[41,-28],[9.634,18.198],[40,-26],[0,0],[-28.194,10.252],[12,56]],"o":[[-31.031,21.192],[-18,-34],[-58.691,38.149],[0,0],[22,-8],[-10.476,-48.89]],"v":[[-256,62],[-276,186],[-330,132],[-260,332],[-226,332],[-189,159]],"c":true}]},{"i":{"x":0.75,"y":1},"o":{"x":0.25,"y":0},"t":100,"s":[{"i":[[41,-28],[9.96,18.022],[22.203,-31.339],[0,0],[-28.194,10.252],[12,56]],"o":[[-31.031,21.192],[-10.881,-19.762],[-44.159,64.513],[0,0],[22,-8],[-10.476,-48.89]],"v":[[-321.815,71.78],[-308.899,201.56],[-370.916,183.154],[-260,332],[-226,332],[-233.035,172.78]],"c":true}]},{"t":149,"s":[{"i":[[41,-28],[10,18],[20,-32],[0,0],[-28.194,10.252],[12,56]],"o":[[-31.031,21.192],[-10,-18],[-42.36,67.776],[0,0],[22,-8],[-10.476,-48.89]],"v":[[-294,64],[-286,190],[-358,176],[-260,332],[-226,332],[-225,161]],"c":true}]}],"ix":2},"nm":"Path 1","mn":"ADBE Vector Shape - Group","hd":false},{"ty":"fl","c":{"a":0,"k":[1,0.470588265213,0.196078446332,1],"ix":4},"o":{"a":0,"k":100,"ix":5},"r":1,"bm":0,"nm":"Fill 1","mn":"ADBE Vector Graphic - Fill","hd":false},{"ty":"tr","p":{"a":0,"k":[20,8],"ix":2},"a":{"a":0,"k":[0,0],"ix":1},"s":{"a":0,"k":[100,100],"ix":3},"r":{"a":0,"k":0,"ix":6},"o":{"a":0,"k":100,"ix":7},"sk":{"a":0,"k":0,"ix":4},"sa":{"a":0,"k":0,"ix":5},"nm":"Transform"}],"nm":"Shape 1","np":3,"cix":2,"bm":0,"ix":2,"mn":"ADBE Vector Group","hd":false}],"ip":0,"op":150,"st":0,"bm":0},{"ddd":0,"ind":10,"ty":4,"nm":"Bottom Shadow","sr":1,"ks":{"o":{"a":0,"k":30,"ix":11},"r":{"a":0,"k":0,"ix":10},"p":{"a":0,"k":[524,856.149,0],"ix":2},"a":{"a":0,"k":[0,381.25,0],"ix":1},"s":{"a":0,"k":[153.865,-608.36,100],"ix":6}},"ao":0,"shapes":[{"ty":"gr","it":[{"d":1,"ty":"el","s":{"a":0,"k":[400,12.5],"ix":2},"p":{"a":0,"k":[0,0],"ix":3},"nm":"Ellipse Path 1","mn":"ADBE Vector Shape - Ellipse","hd":false},{"ty":"fl","c":{"a":0,"k":[0,0,0,1],"ix":4},"o":{"a":0,"k":100,"ix":5},"r":1,"bm":0,"nm":"Fill 1","mn":"ADBE Vector Graphic - Fill","hd":false},{"ty":"tr","p":{"a":0,"k":[0,381.25],"ix":2},"a":{"a":0,"k":[0,0],"ix":1},"s":{"a":0,"k":[100,100],"ix":3},"r":{"a":0,"k":0,"ix":6},"o":{"a":0,"k":100,"ix":7},"sk":{"a":0,"k":0,"ix":4},"sa":{"a":0,"k":0,"ix":5},"nm":"Transform"}],"nm":"Ellipse 1","np":3,"cix":2,"bm":0,"ix":1,"mn":"ADBE Vector Group","hd":false}],"ip":0,"op":150,"st":0,"bm":0}],"markers":[]}