{"v":"4.8.0","meta":{"g":"LottieFiles AE 3.0.2","a":"","k":"","d":"","tc":""},"fr":29.9700012207031,"ip":0,"op":91.000003706506,"w":1080,"h":1080,"nm":"Emoji 54","ddd":0,"assets":[],"layers":[{"ddd":0,"ind":1,"ty":4,"nm":"Emoji","sr":1,"ks":{"o":{"a":0,"k":100,"ix":11},"r":{"a":0,"k":0,"ix":10},"p":{"a":0,"k":[540,539,0],"ix":2},"a":{"a":0,"k":[85.5,85.5,0],"ix":1},"s":{"a":0,"k":[300,300,100],"ix":6}},"ao":0,"shapes":[{"ty":"gr","it":[{"ty":"gr","it":[{"ty":"gr","it":[{"ind":0,"ty":"sh","ix":1,"ks":{"a":0,"k":{"i":[[25.25,28.877],[0,0],[-12.397,0],[0,12.398]],"o":[[-25.25,28.877],[0,12.398],[12.397,0],[0,0]],"v":[[0,-33.942],[-22.447,11.494],[0,33.942],[22.447,11.494]],"c":true},"ix":2},"nm":"Path 1","mn":"ADBE Vector Shape - Group","hd":false},{"ty":"fl","c":{"a":0,"k":[0.486000001197,0.769000004787,0.910000011968,1],"ix":4},"o":{"a":0,"k":100,"ix":5},"r":1,"bm":0,"nm":"Fill 1","mn":"ADBE Vector Graphic - Fill","hd":false},{"ty":"tr","p":{"a":1,"k":[{"i":{"x":0.667,"y":1},"o":{"x":1,"y":0},"t":55,"s":[124.165,80.752],"to":[1.167,10.833],"ti":[-1.167,-10.833]},{"t":85.000003462121,"s":[131.165,145.752]}],"ix":2},"a":{"a":0,"k":[-0.236,-34.074],"ix":1},"s":{"a":1,"k":[{"i":{"x":[0,0],"y":[1,1]},"o":{"x":[0.333,0.333],"y":[0,0]},"t":55,"s":[0,0]},{"i":{"x":[0.667,0.667],"y":[1,1]},"o":{"x":[1,1],"y":[0,0]},"t":70,"s":[100,100]},{"t":85.000003462121,"s":[0,0]}],"ix":3},"r":{"a":0,"k":0,"ix":6},"o":{"a":0,"k":100,"ix":7},"sk":{"a":0,"k":0,"ix":4},"sa":{"a":0,"k":0,"ix":5},"nm":"Transform"}],"nm":"Group 8","np":2,"cix":2,"bm":0,"ix":1,"mn":"ADBE Vector Group","hd":false},{"ty":"gr","it":[{"ind":0,"ty":"sh","ix":1,"ks":{"a":0,"k":{"i":[[25.25,28.877],[0,0],[-12.397,0],[0,12.398]],"o":[[-25.25,28.877],[0,12.398],[12.397,0],[0,0]],"v":[[0,-33.942],[-22.447,11.494],[0,33.942],[22.447,11.494]],"c":true},"ix":2},"nm":"Path 1","mn":"ADBE Vector Shape - Group","hd":false},{"ty":"fl","c":{"a":0,"k":[0.486000001197,0.769000004787,0.910000011968,1],"ix":4},"o":{"a":0,"k":100,"ix":5},"r":1,"bm":0,"nm":"Fill 1","mn":"ADBE Vector Graphic - Fill","hd":false},{"ty":"tr","p":{"a":1,"k":[{"i":{"x":0.667,"y":1},"o":{"x":1,"y":0},"t":15,"s":[47.165,80.752],"to":[-3.527,10.833],"ti":[3.527,-10.833]},{"t":45.0000018328876,"s":[26,145.752]}],"ix":2},"a":{"a":0,"k":[-0.236,-34.074],"ix":1},"s":{"a":1,"k":[{"i":{"x":[0,0],"y":[1,1]},"o":{"x":[0.333,0.333],"y":[0,0]},"t":15,"s":[0,0]},{"i":{"x":[0.667,0.667],"y":[1,1]},"o":{"x":[1,1],"y":[0,0]},"t":30,"s":[100,100]},{"t":45.0000018328876,"s":[0,0]}],"ix":3},"r":{"a":0,"k":0,"ix":6},"o":{"a":0,"k":100,"ix":7},"sk":{"a":0,"k":0,"ix":4},"sa":{"a":0,"k":0,"ix":5},"nm":"Transform"}],"nm":"Group 9","np":2,"cix":2,"bm":0,"ix":2,"mn":"ADBE Vector Group","hd":false},{"ty":"gr","it":[{"ind":0,"ty":"sh","ix":1,"ks":{"a":0,"k":{"i":[[5.044,4.315],[6.575,-0.125],[4.899,-4.097],[1.444,-2.754],[0.032,-2.952],[-0.667,-0.232],[-0.432,0.558],[-1.671,1.441],[-1.971,0.991],[-4.28,0.018],[-3.836,-1.993],[-3.199,-4.214],[-0.504,0],[-0.176,0.061],[0.011,0.71]],"o":[[-4.85,-4.202],[-6.466,0.025],[-2.472,2.094],[-1.52,2.994],[-0.008,0.707],[0.669,0.233],[1.765,-2.284],[1.8,-1.526],[3.926,-1.963],[4.393,-0.034],[3.952,2.025],[0.316,0.418],[0.179,0],[0.672,-0.232],[-0.091,-5.945]],"v":[[17.993,-5.815],[-0.005,-12.261],[-17.883,-5.778],[-23.863,1.621],[-26.202,10.582],[-25.098,12.153],[-23.257,11.606],[-18.146,6.067],[-12.462,2.274],[0.079,-0.754],[12.469,2.193],[23.246,11.594],[24.555,12.244],[25.091,12.154],[26.199,10.575]],"c":true},"ix":2},"nm":"Path 1","mn":"ADBE Vector Shape - Group","hd":false},{"ty":"fl","c":{"a":0,"k":[0.137254901961,0.137254901961,0.137254901961,1],"ix":4},"o":{"a":0,"k":100,"ix":5},"r":1,"bm":0,"nm":"Fill 1","mn":"ADBE Vector Graphic - Fill","hd":false},{"ty":"tr","p":{"a":0,"k":[85.488,104.226],"ix":2},"a":{"a":0,"k":[0,0],"ix":1},"s":{"a":0,"k":[100,100],"ix":3},"r":{"a":0,"k":0,"ix":6},"o":{"a":0,"k":100,"ix":7},"sk":{"a":0,"k":0,"ix":4},"sa":{"a":0,"k":0,"ix":5},"nm":"Transform"}],"nm":"Group 3","np":2,"cix":2,"bm":0,"ix":3,"mn":"ADBE Vector Group","hd":false},{"ty":"gr","it":[{"ind":0,"ty":"sh","ix":1,"ks":{"a":0,"k":{"i":[[-0.147,0.043],[-0.871,0.244],[-1.748,0.607],[-2.22,1.172],[-2.032,1.599],[-1.897,1.922],[-0.141,-0.062],[0.007,-0.153],[2.037,-2.783],[2.855,-1.494],[3.022,-0.228],[0.117,-0.007],[2.644,1.248],[-0.012,0.154]],"o":[[0.917,-0.268],[1.915,-0.536],[2.612,-0.883],[2.336,-1.236],[2.22,-1.723],[0.107,-0.109],[0.141,0.062],[-0.142,2.91],[-1.862,2.517],[-2.686,1.414],[-0.117,0.009],[-3.386,0.178],[-0.139,-0.065],[0.012,-0.153]],"v":[[-14.183,6.498],[-11.503,5.737],[-6.031,4.088],[1.151,1.035],[7.643,-3.177],[13.82,-8.838],[14.232,-8.917],[14.453,-8.56],[11.123,0.141],[3.912,6.273],[-4.799,8.778],[-5.151,8.801],[-14.237,7.188],[-14.448,6.824]],"c":true},"ix":2},"nm":"Path 1","mn":"ADBE Vector Shape - Group","hd":false},{"ty":"fl","c":{"a":0,"k":[0.137254901961,0.137254901961,0.137254901961,1],"ix":4},"o":{"a":0,"k":100,"ix":5},"r":1,"bm":0,"nm":"Fill 1","mn":"ADBE Vector Graphic - Fill","hd":false},{"ty":"tr","p":{"a":1,"k":[{"i":{"x":0,"y":1},"o":{"x":0.333,"y":0},"t":0,"s":[49.322,30],"to":[0,1.74],"ti":[0,-1.74]},{"i":{"x":0,"y":0},"o":{"x":0.167,"y":0.167},"t":30,"s":[49.322,40.44],"to":[0,0],"ti":[0,0]},{"i":{"x":0,"y":1},"o":{"x":0.333,"y":0},"t":60,"s":[49.322,40.44],"to":[0,-1.74],"ti":[0,1.74]},{"t":90.0000036657751,"s":[49.322,30]}],"ix":2},"a":{"a":0,"k":[0,0],"ix":1},"s":{"a":1,"k":[{"i":{"x":[0,0],"y":[1,1]},"o":{"x":[0.333,0.333],"y":[0,0]},"t":0,"s":[0,0]},{"i":{"x":[0,0],"y":[1,1]},"o":{"x":[0.167,0.167],"y":[0,0]},"t":30,"s":[100,100]},{"i":{"x":[0,0],"y":[1,1]},"o":{"x":[0.333,0.333],"y":[0,0]},"t":60,"s":[100,100]},{"t":90.0000036657751,"s":[0,0]}],"ix":3},"r":{"a":0,"k":0,"ix":6},"o":{"a":0,"k":100,"ix":7},"sk":{"a":0,"k":0,"ix":4},"sa":{"a":0,"k":0,"ix":5},"nm":"Transform"}],"nm":"Group 4","np":2,"cix":2,"bm":0,"ix":4,"mn":"ADBE Vector Group","hd":false},{"ty":"gr","it":[{"ind":0,"ty":"sh","ix":1,"ks":{"a":0,"k":{"i":[[0.148,0.043],[0.871,0.244],[1.748,0.607],[2.22,1.172],[2.032,1.599],[1.897,1.922],[0.141,-0.062],[-0.007,-0.153],[-2.037,-2.783],[-2.855,-1.494],[-3.022,-0.228],[-0.117,-0.007],[-2.644,1.248],[0.011,0.154]],"o":[[-0.917,-0.268],[-1.915,-0.536],[-2.612,-0.883],[-2.336,-1.236],[-2.22,-1.723],[-0.107,-0.109],[-0.141,0.062],[0.142,2.91],[1.862,2.517],[2.686,1.414],[0.117,0.009],[3.386,0.178],[0.139,-0.065],[-0.013,-0.153]],"v":[[14.184,6.498],[11.503,5.737],[6.031,4.088],[-1.151,1.035],[-7.643,-3.177],[-13.82,-8.838],[-14.232,-8.917],[-14.453,-8.56],[-11.123,0.141],[-3.912,6.273],[4.799,8.778],[5.151,8.801],[14.237,7.188],[14.45,6.824]],"c":true},"ix":2},"nm":"Path 1","mn":"ADBE Vector Shape - Group","hd":false},{"ty":"fl","c":{"a":0,"k":[0.137254901961,0.137254901961,0.137254901961,1],"ix":4},"o":{"a":0,"k":100,"ix":5},"r":1,"bm":0,"nm":"Fill 1","mn":"ADBE Vector Graphic - Fill","hd":false},{"ty":"tr","p":{"a":1,"k":[{"i":{"x":0,"y":1},"o":{"x":0.333,"y":0},"t":0,"s":[121.651,30],"to":[0,1.74],"ti":[0,-1.74]},{"i":{"x":0,"y":0},"o":{"x":0.167,"y":0.167},"t":30,"s":[121.651,40.44],"to":[0,0],"ti":[0,0]},{"i":{"x":0,"y":1},"o":{"x":0.333,"y":0},"t":60,"s":[121.651,40.44],"to":[0,-1.74],"ti":[0,1.74]},{"t":90.0000036657751,"s":[121.651,30]}],"ix":2},"a":{"a":0,"k":[0,0],"ix":1},"s":{"a":1,"k":[{"i":{"x":[0,0],"y":[1,1]},"o":{"x":[0.333,0.333],"y":[0,0]},"t":0,"s":[0,0]},{"i":{"x":[0,0],"y":[1,1]},"o":{"x":[0.167,0.167],"y":[0,0]},"t":30,"s":[100,100]},{"i":{"x":[0,0],"y":[1,1]},"o":{"x":[0.333,0.333],"y":[0,0]},"t":60,"s":[100,100]},{"t":90.0000036657751,"s":[0,0]}],"ix":3},"r":{"a":0,"k":0,"ix":6},"o":{"a":0,"k":100,"ix":7},"sk":{"a":0,"k":0,"ix":4},"sa":{"a":0,"k":0,"ix":5},"nm":"Transform"}],"nm":"Group 5","np":2,"cix":2,"bm":0,"ix":5,"mn":"ADBE Vector Group","hd":false},{"ty":"gr","it":[{"ind":0,"ty":"sh","ix":1,"ks":{"a":0,"k":{"i":[[0,-5.847],[3.468,0],[0,5.846],[-3.469,0]],"o":[[0,5.846],[-3.469,0],[0,-5.847],[3.468,0]],"v":[[6.281,0],[0,10.586],[-6.281,0],[0,-10.586]],"c":true},"ix":2},"nm":"Path 1","mn":"ADBE Vector Shape - Group","hd":false},{"ty":"fl","c":{"a":0,"k":[0.137254901961,0.137254901961,0.137254901961,1],"ix":4},"o":{"a":0,"k":100,"ix":5},"r":1,"bm":0,"nm":"Fill 1","mn":"ADBE Vector Graphic - Fill","hd":false},{"ty":"tr","p":{"a":0,"k":[116.888,64.807],"ix":2},"a":{"a":0,"k":[0,0],"ix":1},"s":{"a":1,"k":[{"i":{"x":[0.667,0.667],"y":[1,1]},"o":{"x":[1,1],"y":[0,0]},"t":10,"s":[100,100]},{"i":{"x":[0,0],"y":[1,1]},"o":{"x":[1,1],"y":[0,0]},"t":15,"s":[100,0]},{"i":{"x":[0,0],"y":[1,1]},"o":{"x":[0.333,0.333],"y":[0,0]},"t":18,"s":[100,100]},{"i":{"x":[0,0],"y":[1,1]},"o":{"x":[0.333,0.333],"y":[0,0]},"t":21,"s":[100,0]},{"i":{"x":[0.833,0.833],"y":[1,1]},"o":{"x":[0.333,0.333],"y":[0,0]},"t":26,"s":[100,100]},{"i":{"x":[0.667,0.667],"y":[1,1]},"o":{"x":[1,1],"y":[0,0]},"t":55,"s":[100,100]},{"i":{"x":[0,0],"y":[1,1]},"o":{"x":[1,1],"y":[0,0]},"t":60,"s":[100,0]},{"i":{"x":[0,0],"y":[1,1]},"o":{"x":[0.333,0.333],"y":[0,0]},"t":63,"s":[100,100]},{"i":{"x":[0,0],"y":[1,1]},"o":{"x":[0.333,0.333],"y":[0,0]},"t":66,"s":[100,0]},{"t":71.0000028918893,"s":[100,100]}],"ix":3},"r":{"a":0,"k":0,"ix":6},"o":{"a":0,"k":100,"ix":7},"sk":{"a":0,"k":0,"ix":4},"sa":{"a":0,"k":0,"ix":5},"nm":"Transform"}],"nm":"Group 6","np":2,"cix":2,"bm":0,"ix":6,"mn":"ADBE Vector Group","hd":false},{"ty":"gr","it":[{"ind":0,"ty":"sh","ix":1,"ks":{"a":0,"k":{"i":[[0,-5.847],[3.468,0],[0,5.846],[-3.469,0]],"o":[[0,5.846],[-3.469,0],[0,-5.847],[3.468,0]],"v":[[6.281,0],[0,10.586],[-6.281,0],[0,-10.586]],"c":true},"ix":2},"nm":"Path 1","mn":"ADBE Vector Shape - Group","hd":false},{"ty":"fl","c":{"a":0,"k":[0.137254901961,0.137254901961,0.137254901961,1],"ix":4},"o":{"a":0,"k":100,"ix":5},"r":1,"bm":0,"nm":"Fill 1","mn":"ADBE Vector Graphic - Fill","hd":false},{"ty":"tr","p":{"a":0,"k":[54.084,64.807],"ix":2},"a":{"a":0,"k":[0,0],"ix":1},"s":{"a":1,"k":[{"i":{"x":[0.667,0.667],"y":[1,1]},"o":{"x":[1,1],"y":[0,0]},"t":10,"s":[100,100]},{"i":{"x":[0,0],"y":[1,1]},"o":{"x":[1,1],"y":[0,0]},"t":15,"s":[100,0]},{"i":{"x":[0,0],"y":[1,1]},"o":{"x":[0.333,0.333],"y":[0,0]},"t":18,"s":[100,100]},{"i":{"x":[0,0],"y":[1,1]},"o":{"x":[0.333,0.333],"y":[0,0]},"t":21,"s":[100,0]},{"i":{"x":[0.833,0.833],"y":[1,1]},"o":{"x":[0.333,0.333],"y":[0,0]},"t":26,"s":[100,100]},{"i":{"x":[0.667,0.667],"y":[1,1]},"o":{"x":[1,1],"y":[0,0]},"t":55,"s":[100,100]},{"i":{"x":[0,0],"y":[1,1]},"o":{"x":[1,1],"y":[0,0]},"t":60,"s":[100,0]},{"i":{"x":[0,0],"y":[1,1]},"o":{"x":[0.333,0.333],"y":[0,0]},"t":63,"s":[100,100]},{"i":{"x":[0,0],"y":[1,1]},"o":{"x":[0.333,0.333],"y":[0,0]},"t":66,"s":[100,0]},{"t":71.0000028918893,"s":[100,100]}],"ix":3},"r":{"a":0,"k":0,"ix":6},"o":{"a":0,"k":100,"ix":7},"sk":{"a":0,"k":0,"ix":4},"sa":{"a":0,"k":0,"ix":5},"nm":"Transform"}],"nm":"Group 7","np":2,"cix":2,"bm":0,"ix":7,"mn":"ADBE Vector Group","hd":false},{"ty":"tr","p":{"a":1,"k":[{"i":{"x":0,"y":1},"o":{"x":0.333,"y":0},"t":0,"s":[90.906,90.13],"to":[-4.667,4.5],"ti":[-4.833,-4.5]},{"i":{"x":0,"y":1},"o":{"x":0.333,"y":0},"t":30,"s":[62.906,117.13],"to":[4.833,4.5],"ti":[-4.667,4.5]},{"i":{"x":0,"y":1},"o":{"x":0.333,"y":0},"t":60,"s":[119.906,117.13],"to":[4.667,-4.5],"ti":[4.833,4.5]},{"t":90.0000036657751,"s":[90.906,90.13]}],"ix":2},"a":{"a":0,"k":[90.906,90.13],"ix":1},"s":{"a":1,"k":[{"i":{"x":[0,0.667],"y":[1,1]},"o":{"x":[0.333,0.333],"y":[0,0]},"t":0,"s":[100,100]},{"i":{"x":[0,0.667],"y":[1,1]},"o":{"x":[0.333,0.333],"y":[0,0]},"t":30,"s":[90,100]},{"i":{"x":[0,0.667],"y":[1,1]},"o":{"x":[0.333,0.333],"y":[0,0]},"t":60,"s":[90,100]},{"t":90.0000036657751,"s":[100,100]}],"ix":3},"r":{"a":0,"k":0,"ix":6},"o":{"a":0,"k":100,"ix":7},"sk":{"a":1,"k":[{"i":{"x":[0],"y":[1]},"o":{"x":[0.333],"y":[0]},"t":0,"s":[0]},{"i":{"x":[0],"y":[1]},"o":{"x":[0.333],"y":[0]},"t":30,"s":[-10]},{"i":{"x":[0],"y":[1]},"o":{"x":[0.333],"y":[0]},"t":60,"s":[10]},{"t":90.0000036657751,"s":[0]}],"ix":4},"sa":{"a":0,"k":0,"ix":5},"nm":"Transform"}],"nm":"Face","np":7,"cix":2,"bm":0,"ix":1,"mn":"ADBE Vector Group","hd":false},{"ty":"gr","it":[{"ind":0,"ty":"sh","ix":1,"ks":{"a":0,"k":{"i":[[0,47.075],[-47.074,0],[0,-47.075],[47.075,0]],"o":[[0,-47.075],[47.075,0],[0,47.075],[-47.074,0]],"v":[[-85.236,0],[0,-85.236],[85.236,0],[0,85.236]],"c":true},"ix":2},"nm":"Path 1","mn":"ADBE Vector Shape - Group","hd":false},{"ty":"gf","o":{"a":0,"k":100,"ix":10},"r":1,"bm":0,"g":{"p":5,"k":{"a":0,"k":[0,1,0.845,0.569,0.25,1,0.797,0.284,0.5,1,0.75,0,0.75,0.843,0.642,0.131,1,0.686,0.533,0.261],"ix":9}},"s":{"a":0,"k":[0,-50],"ix":5},"e":{"a":0,"k":[100,0],"ix":6},"t":2,"h":{"a":0,"k":0,"ix":7},"a":{"a":0,"k":0,"ix":8},"nm":"Gradient Fill 1","mn":"ADBE Vector Graphic - G-Fill","hd":false},{"ty":"tr","p":{"a":0,"k":[85.486,85.486],"ix":2},"a":{"a":0,"k":[0,0],"ix":1},"s":{"a":0,"k":[100,100],"ix":3},"r":{"a":0,"k":0,"ix":6},"o":{"a":0,"k":100,"ix":7},"sk":{"a":0,"k":0,"ix":4},"sa":{"a":0,"k":0,"ix":5},"nm":"Transform"}],"nm":"Group 10","np":2,"cix":2,"bm":0,"ix":2,"mn":"ADBE Vector Group","hd":false},{"ty":"tr","p":{"a":0,"k":[85.486,169.486],"ix":2},"a":{"a":0,"k":[85.486,169.486],"ix":1},"s":{"a":1,"k":[{"i":{"x":[0,0],"y":[1,1]},"o":{"x":[0.333,0.333],"y":[0,0]},"t":0,"s":[100,100]},{"i":{"x":[0,0],"y":[1,1]},"o":{"x":[0.333,0.333],"y":[0,0]},"t":30,"s":[100,90]},{"i":{"x":[0,0],"y":[1,1]},"o":{"x":[0.333,0.333],"y":[0,0]},"t":60,"s":[100,90]},{"t":90.0000036657751,"s":[100,100]}],"ix":3},"r":{"a":0,"k":0,"ix":6},"o":{"a":0,"k":100,"ix":7},"sk":{"a":0,"k":0,"ix":4},"sa":{"a":0,"k":0,"ix":5},"nm":"Transform"}],"nm":"Icon","np":2,"cix":2,"bm":0,"ix":1,"mn":"ADBE Vector Group","hd":false}],"ip":0,"op":91.000003706506,"st":0,"bm":0}],"markers":[]}