{"v":"4.8.0","meta":{"g":"LottieFiles AE ","a":"","k":"","d":"","tc":""},"fr":60,"ip":0,"op":89,"w":1080,"h":1080,"nm":"Social icons Marketing","ddd":0,"assets":[{"id":"comp_0","layers":[{"ddd":0,"ind":1,"ty":0,"nm":"8","refId":"comp_1","sr":1,"ks":{"o":{"a":0,"k":100,"ix":11},"r":{"a":0,"k":0,"ix":10},"p":{"a":1,"k":[{"i":{"x":0.667,"y":1},"o":{"x":0.333,"y":0},"t":-24,"s":[780,978,0],"to":[-96,-346,0],"ti":[64,414,0]},{"t":56,"s":[780,6,0]}],"ix":2},"a":{"a":0,"k":[96,102,0],"ix":1},"s":{"a":1,"k":[{"i":{"x":[0.667,0.667,0.667],"y":[1,1,1]},"o":{"x":[0.333,0.333,0.333],"y":[0,0,0]},"t":-24,"s":[0,0,100]},{"i":{"x":[0.667,0.667,0.667],"y":[1,1,1]},"o":{"x":[0.333,0.333,0.333],"y":[0,0,0]},"t":15,"s":[200,200,100]},{"t":56,"s":[0,0,100]}],"ix":6}},"ao":0,"w":192,"h":204,"ip":0,"op":74,"st":-24,"bm":0},{"ddd":0,"ind":2,"ty":0,"nm":"8","refId":"comp_1","sr":1,"ks":{"o":{"a":0,"k":100,"ix":11},"r":{"a":0,"k":0,"ix":10},"p":{"a":1,"k":[{"i":{"x":0.667,"y":1},"o":{"x":0.333,"y":0},"t":49,"s":[780,978,0],"to":[-96,-346,0],"ti":[64,414,0]},{"t":129,"s":[780,6,0]}],"ix":2},"a":{"a":0,"k":[96,102,0],"ix":1},"s":{"a":1,"k":[{"i":{"x":[0.667,0.667,0.667],"y":[1,1,1]},"o":{"x":[0.333,0.333,0.333],"y":[0,0,0]},"t":49,"s":[0,0,100]},{"i":{"x":[0.667,0.667,0.667],"y":[1,1,1]},"o":{"x":[0.333,0.333,0.333],"y":[0,0,0]},"t":88,"s":[200,200,100]},{"t":129,"s":[0,0,100]}],"ix":6}},"ao":0,"w":192,"h":204,"ip":49,"op":74,"st":49,"bm":0},{"ddd":0,"ind":3,"ty":0,"nm":"7","refId":"comp_2","sr":1,"ks":{"o":{"a":0,"k":100,"ix":11},"r":{"a":0,"k":0,"ix":10},"p":{"a":1,"k":[{"i":{"x":0.667,"y":1},"o":{"x":0.333,"y":0},"t":-39,"s":[880,978,0],"to":[-96,-346,0],"ti":[64,414,0]},{"t":41,"s":[880,6,0]}],"ix":2},"a":{"a":0,"k":[96,102,0],"ix":1},"s":{"a":1,"k":[{"i":{"x":[0.667,0.667,0.667],"y":[1,1,1]},"o":{"x":[0.333,0.333,0.333],"y":[0,0,0]},"t":-39,"s":[0,0,100]},{"i":{"x":[0.667,0.667,0.667],"y":[1,1,1]},"o":{"x":[0.333,0.333,0.333],"y":[0,0,0]},"t":0,"s":[200,200,100]},{"t":41,"s":[0,0,100]}],"ix":6}},"ao":0,"w":192,"h":204,"ip":0,"op":74,"st":-39,"bm":0},{"ddd":0,"ind":4,"ty":0,"nm":"7","refId":"comp_2","sr":1,"ks":{"o":{"a":0,"k":100,"ix":11},"r":{"a":0,"k":0,"ix":10},"p":{"a":1,"k":[{"i":{"x":0.667,"y":1},"o":{"x":0.333,"y":0},"t":34,"s":[880,978,0],"to":[-96,-346,0],"ti":[64,414,0]},{"t":114,"s":[880,6,0]}],"ix":2},"a":{"a":0,"k":[96,102,0],"ix":1},"s":{"a":1,"k":[{"i":{"x":[0.667,0.667,0.667],"y":[1,1,1]},"o":{"x":[0.333,0.333,0.333],"y":[0,0,0]},"t":34,"s":[0,0,100]},{"i":{"x":[0.667,0.667,0.667],"y":[1,1,1]},"o":{"x":[0.333,0.333,0.333],"y":[0,0,0]},"t":73,"s":[200,200,100]},{"t":114,"s":[0,0,100]}],"ix":6}},"ao":0,"w":192,"h":204,"ip":34,"op":74,"st":34,"bm":0},{"ddd":0,"ind":5,"ty":0,"nm":"6","refId":"comp_3","sr":1,"ks":{"o":{"a":0,"k":100,"ix":11},"r":{"a":0,"k":0,"ix":10},"p":{"a":1,"k":[{"i":{"x":0.667,"y":1},"o":{"x":0.333,"y":0},"t":-26,"s":[380,1058,0],"to":[-96,-346,0],"ti":[64,414,0]},{"t":54,"s":[380,86,0]}],"ix":2},"a":{"a":0,"k":[96,102,0],"ix":1},"s":{"a":1,"k":[{"i":{"x":[0.667,0.667,0.667],"y":[1,1,1]},"o":{"x":[0.333,0.333,0.333],"y":[0,0,0]},"t":-26,"s":[0,0,100]},{"i":{"x":[0.667,0.667,0.667],"y":[1,1,1]},"o":{"x":[0.333,0.333,0.333],"y":[0,0,0]},"t":13,"s":[200,200,100]},{"t":54,"s":[0,0,100]}],"ix":6}},"ao":0,"w":192,"h":204,"ip":0,"op":74,"st":-26,"bm":0},{"ddd":0,"ind":6,"ty":0,"nm":"6","refId":"comp_3","sr":1,"ks":{"o":{"a":0,"k":100,"ix":11},"r":{"a":0,"k":0,"ix":10},"p":{"a":1,"k":[{"i":{"x":0.667,"y":1},"o":{"x":0.333,"y":0},"t":47,"s":[380,1058,0],"to":[-96,-346,0],"ti":[64,414,0]},{"t":127,"s":[380,86,0]}],"ix":2},"a":{"a":0,"k":[96,102,0],"ix":1},"s":{"a":1,"k":[{"i":{"x":[0.667,0.667,0.667],"y":[1,1,1]},"o":{"x":[0.333,0.333,0.333],"y":[0,0,0]},"t":47,"s":[0,0,100]},{"i":{"x":[0.667,0.667,0.667],"y":[1,1,1]},"o":{"x":[0.333,0.333,0.333],"y":[0,0,0]},"t":86,"s":[200,200,100]},{"t":127,"s":[0,0,100]}],"ix":6}},"ao":0,"w":192,"h":204,"ip":47,"op":74,"st":47,"bm":0},{"ddd":0,"ind":7,"ty":0,"nm":"5","refId":"comp_4","sr":1,"ks":{"o":{"a":0,"k":100,"ix":11},"r":{"a":0,"k":0,"ix":10},"p":{"a":1,"k":[{"i":{"x":0.667,"y":1},"o":{"x":0.333,"y":0},"t":-52,"s":[660,978,0],"to":[-96,-346,0],"ti":[64,414,0]},{"t":28,"s":[660,6,0]}],"ix":2},"a":{"a":0,"k":[96,102,0],"ix":1},"s":{"a":1,"k":[{"i":{"x":[0.667,0.667,0.667],"y":[1,1,1]},"o":{"x":[0.333,0.333,0.333],"y":[0,0,0]},"t":-52,"s":[0,0,100]},{"i":{"x":[0.667,0.667,0.667],"y":[1,1,1]},"o":{"x":[0.333,0.333,0.333],"y":[0,0,0]},"t":-13,"s":[200,200,100]},{"t":28,"s":[0,0,100]}],"ix":6}},"ao":0,"w":192,"h":204,"ip":0,"op":74,"st":-52,"bm":0},{"ddd":0,"ind":8,"ty":0,"nm":"5","refId":"comp_4","sr":1,"ks":{"o":{"a":0,"k":100,"ix":11},"r":{"a":0,"k":0,"ix":10},"p":{"a":1,"k":[{"i":{"x":0.667,"y":1},"o":{"x":0.333,"y":0},"t":21,"s":[660,978,0],"to":[-96,-346,0],"ti":[64,414,0]},{"t":101,"s":[660,6,0]}],"ix":2},"a":{"a":0,"k":[96,102,0],"ix":1},"s":{"a":1,"k":[{"i":{"x":[0.667,0.667,0.667],"y":[1,1,1]},"o":{"x":[0.333,0.333,0.333],"y":[0,0,0]},"t":21,"s":[0,0,100]},{"i":{"x":[0.667,0.667,0.667],"y":[1,1,1]},"o":{"x":[0.333,0.333,0.333],"y":[0,0,0]},"t":60,"s":[200,200,100]},{"t":101,"s":[0,0,100]}],"ix":6}},"ao":0,"w":192,"h":204,"ip":21,"op":74,"st":21,"bm":0},{"ddd":0,"ind":9,"ty":0,"nm":"4","refId":"comp_5","sr":1,"ks":{"o":{"a":0,"k":100,"ix":11},"r":{"a":0,"k":0,"ix":10},"p":{"a":1,"k":[{"i":{"x":0.667,"y":1},"o":{"x":0.333,"y":0},"t":-36,"s":[540,978,0],"to":[-96,-346,0],"ti":[64,414,0]},{"t":44,"s":[540,6,0]}],"ix":2},"a":{"a":0,"k":[96,102,0],"ix":1},"s":{"a":1,"k":[{"i":{"x":[0.667,0.667,0.667],"y":[1,1,1]},"o":{"x":[0.333,0.333,0.333],"y":[0,0,0]},"t":-36,"s":[0,0,100]},{"i":{"x":[0.667,0.667,0.667],"y":[1,1,1]},"o":{"x":[0.333,0.333,0.333],"y":[0,0,0]},"t":3,"s":[200,200,100]},{"t":44,"s":[0,0,100]}],"ix":6}},"ao":0,"w":192,"h":204,"ip":0,"op":74,"st":-36,"bm":0},{"ddd":0,"ind":10,"ty":0,"nm":"4","refId":"comp_5","sr":1,"ks":{"o":{"a":0,"k":100,"ix":11},"r":{"a":0,"k":0,"ix":10},"p":{"a":1,"k":[{"i":{"x":0.667,"y":1},"o":{"x":0.333,"y":0},"t":37,"s":[540,978,0],"to":[-96,-346,0],"ti":[64,414,0]},{"t":117,"s":[540,6,0]}],"ix":2},"a":{"a":0,"k":[96,102,0],"ix":1},"s":{"a":1,"k":[{"i":{"x":[0.667,0.667,0.667],"y":[1,1,1]},"o":{"x":[0.333,0.333,0.333],"y":[0,0,0]},"t":37,"s":[0,0,100]},{"i":{"x":[0.667,0.667,0.667],"y":[1,1,1]},"o":{"x":[0.333,0.333,0.333],"y":[0,0,0]},"t":76,"s":[200,200,100]},{"t":117,"s":[0,0,100]}],"ix":6}},"ao":0,"w":192,"h":204,"ip":37,"op":74,"st":37,"bm":0},{"ddd":0,"ind":11,"ty":0,"nm":"3","refId":"comp_6","sr":1,"ks":{"o":{"a":0,"k":100,"ix":11},"r":{"a":0,"k":0,"ix":10},"p":{"a":1,"k":[{"i":{"x":0.667,"y":1},"o":{"x":0.333,"y":0},"t":-65,"s":[800,978,0],"to":[-96,-346,0],"ti":[64,414,0]},{"t":15,"s":[800,6,0]}],"ix":2},"a":{"a":0,"k":[96,102,0],"ix":1},"s":{"a":1,"k":[{"i":{"x":[0.667,0.667,0.667],"y":[1,1,1]},"o":{"x":[0.333,0.333,0.333],"y":[0,0,0]},"t":-65,"s":[0,0,100]},{"i":{"x":[0.667,0.667,0.667],"y":[1,1,1]},"o":{"x":[0.333,0.333,0.333],"y":[0,0,0]},"t":-26,"s":[200,200,100]},{"t":15,"s":[0,0,100]}],"ix":6}},"ao":0,"w":192,"h":204,"ip":0,"op":74,"st":-65,"bm":0},{"ddd":0,"ind":12,"ty":0,"nm":"3","refId":"comp_6","sr":1,"ks":{"o":{"a":0,"k":100,"ix":11},"r":{"a":0,"k":0,"ix":10},"p":{"a":1,"k":[{"i":{"x":0.667,"y":1},"o":{"x":0.333,"y":0},"t":8,"s":[800,978,0],"to":[-96,-346,0],"ti":[64,414,0]},{"t":88,"s":[800,6,0]}],"ix":2},"a":{"a":0,"k":[96,102,0],"ix":1},"s":{"a":1,"k":[{"i":{"x":[0.667,0.667,0.667],"y":[1,1,1]},"o":{"x":[0.333,0.333,0.333],"y":[0,0,0]},"t":8,"s":[0,0,100]},{"i":{"x":[0.667,0.667,0.667],"y":[1,1,1]},"o":{"x":[0.333,0.333,0.333],"y":[0,0,0]},"t":47,"s":[200,200,100]},{"t":88,"s":[0,0,100]}],"ix":6}},"ao":0,"w":192,"h":204,"ip":8,"op":74,"st":8,"bm":0},{"ddd":0,"ind":13,"ty":0,"nm":"2","refId":"comp_7","sr":1,"ks":{"o":{"a":0,"k":100,"ix":11},"r":{"a":0,"k":0,"ix":10},"p":{"a":1,"k":[{"i":{"x":0.667,"y":1},"o":{"x":0.333,"y":0},"t":-53,"s":[340,978,0],"to":[-96,-346,0],"ti":[64,414,0]},{"t":27,"s":[340,6,0]}],"ix":2},"a":{"a":0,"k":[96,102,0],"ix":1},"s":{"a":1,"k":[{"i":{"x":[0.667,0.667,0.667],"y":[1,1,1]},"o":{"x":[0.333,0.333,0.333],"y":[0,0,0]},"t":-53,"s":[0,0,100]},{"i":{"x":[0.667,0.667,0.667],"y":[1,1,1]},"o":{"x":[0.333,0.333,0.333],"y":[0,0,0]},"t":-14,"s":[200,200,100]},{"t":27,"s":[0,0,100]}],"ix":6}},"ao":0,"w":192,"h":204,"ip":0,"op":74,"st":-53,"bm":0},{"ddd":0,"ind":14,"ty":0,"nm":"2","refId":"comp_7","sr":1,"ks":{"o":{"a":0,"k":100,"ix":11},"r":{"a":0,"k":0,"ix":10},"p":{"a":1,"k":[{"i":{"x":0.667,"y":1},"o":{"x":0.333,"y":0},"t":20,"s":[340,978,0],"to":[-96,-346,0],"ti":[64,414,0]},{"t":100,"s":[340,6,0]}],"ix":2},"a":{"a":0,"k":[96,102,0],"ix":1},"s":{"a":1,"k":[{"i":{"x":[0.667,0.667,0.667],"y":[1,1,1]},"o":{"x":[0.333,0.333,0.333],"y":[0,0,0]},"t":20,"s":[0,0,100]},{"i":{"x":[0.667,0.667,0.667],"y":[1,1,1]},"o":{"x":[0.333,0.333,0.333],"y":[0,0,0]},"t":59,"s":[200,200,100]},{"t":100,"s":[0,0,100]}],"ix":6}},"ao":0,"w":192,"h":204,"ip":20,"op":74,"st":20,"bm":0},{"ddd":0,"ind":15,"ty":0,"nm":"whats","refId":"comp_8","sr":1,"ks":{"o":{"a":0,"k":100,"ix":11},"r":{"a":0,"k":0,"ix":10},"p":{"a":1,"k":[{"i":{"x":0.667,"y":1},"o":{"x":0.333,"y":0},"t":-73,"s":[400,978,0],"to":[-96,-346,0],"ti":[64,414,0]},{"t":7,"s":[400,6,0]}],"ix":2},"a":{"a":0,"k":[96,102,0],"ix":1},"s":{"a":1,"k":[{"i":{"x":[0.667,0.667,0.667],"y":[1,1,1]},"o":{"x":[0.333,0.333,0.333],"y":[0,0,0]},"t":-73,"s":[0,0,100]},{"i":{"x":[0.667,0.667,0.667],"y":[1,1,1]},"o":{"x":[0.333,0.333,0.333],"y":[0,0,0]},"t":-34,"s":[200,200,100]},{"t":7,"s":[0,0,100]}],"ix":6}},"ao":0,"w":192,"h":204,"ip":0,"op":74,"st":-73,"bm":0},{"ddd":0,"ind":16,"ty":0,"nm":"whats","refId":"comp_8","sr":1,"ks":{"o":{"a":0,"k":100,"ix":11},"r":{"a":0,"k":0,"ix":10},"p":{"a":1,"k":[{"i":{"x":0.667,"y":1},"o":{"x":0.333,"y":0},"t":0,"s":[400,978,0],"to":[-96,-346,0],"ti":[64,414,0]},{"t":80,"s":[400,6,0]}],"ix":2},"a":{"a":0,"k":[96,102,0],"ix":1},"s":{"a":1,"k":[{"i":{"x":[0.667,0.667,0.667],"y":[1,1,1]},"o":{"x":[0.333,0.333,0.333],"y":[0,0,0]},"t":0,"s":[0,0,100]},{"i":{"x":[0.667,0.667,0.667],"y":[1,1,1]},"o":{"x":[0.333,0.333,0.333],"y":[0,0,0]},"t":39,"s":[200,200,100]},{"t":80,"s":[0,0,100]}],"ix":6}},"ao":0,"w":192,"h":204,"ip":0,"op":74,"st":0,"bm":0}]},{"id":"comp_1","layers":[{"ddd":0,"ind":1,"ty":4,"nm":"twitter","sr":1,"ks":{"o":{"a":0,"k":100,"ix":11},"r":{"a":0,"k":0,"ix":10},"p":{"a":0,"k":[96,102,0],"ix":2},"a":{"a":0,"k":[376.143,-428.286,0],"ix":1},"s":{"a":0,"k":[100,100,100],"ix":6}},"ao":0,"shapes":[{"ty":"gr","it":[{"ind":0,"ty":"sh","ix":1,"ks":{"a":0,"k":{"i":[[0.227,-0.103],[1.912,-0.321],[-0.534,0.665],[-0.381,1.247],[0.097,0.074],[0.097,-0.049],[2.349,-0.587],[0.122,0.122],[0.207,0.171],[1.195,0.487],[1.689,-0.11],[1.459,-0.762],[1.039,-1.282],[0.406,-1.66],[-0.239,-1.619],[0.243,0.036],[6.185,7.047],[0.22,-0.329],[-3.381,-3.203],[-0.499,-0.39],[2.005,1.037],[0.024,-0.304],[-0.06,-0.476],[-3.9,-1.484],[-0.499,-0.085],[2.548,0.199],[-0.121,-0.304],[-3.095,-0.885],[-0.416,-0.097],[0.024,-0.036],[1.658,-0.579],[3.186,0.314],[0.138,-0.069],[-0.164,-0.132],[-0.671,-0.366],[-2.206,-0.609],[-8.554,8.499],[0,9.216],[-0.253,0.19],[-1.304,1.755],[0,0.144],[0,0]],"o":[[-1.772,0.801],[0.908,-0.153],[0.816,-1.014],[0.049,-0.097],[-0.122,-0.049],[-2.135,1.144],[-0.195,0.049],[-0.195,-0.22],[-0.988,-0.84],[-1.569,-0.639],[-1.644,0.107],[-1.462,0.764],[-1.074,1.326],[-0.392,1.601],[0.036,0.268],[-9.191,-1.368],[-0.268,-0.306],[-2.707,4.057],[0.451,0.427],[-0.182,0.037],[-0.268,-0.17],[-0.025,0.439],[0.519,4.112],[0.463,0.195],[-0.889,0.195],[-0.317,-0.061],[1.915,5.219],[0.414,0.072],[-0.025,0.037],[-1.027,1.565],[-3.015,1.054],[-0.51,-0.075],[-0.14,0.086],[0.647,0.427],[2.024,1.073],[11.393,3.146],[6.718,-6.674],[0,-0.361],[1.748,-1.313],[0.293,-0.394],[0,-0.025],[0,-0.147]],"v":[[383.241,-471.934],[377.597,-470.325],[380.372,-472.785],[382.245,-476.201],[382.233,-476.495],[381.934,-476.47],[375.242,-473.909],[374.78,-474.031],[374.195,-474.629],[370.953,-476.615],[365.982,-477.416],[361.265,-476.084],[357.46,-472.976],[355.188,-468.425],[355.068,-463.62],[354.837,-463.351],[331.843,-475.055],[331.209,-475.031],[333.196,-461.255],[334.609,-460.011],[330.172,-461.255],[329.745,-461.023],[329.818,-459.706],[337.085,-450.306],[338.559,-449.856],[334.207,-449.721],[333.89,-449.319],[343.034,-441.662],[344.279,-441.492],[344.205,-441.419],[337.961,-438.109],[328.477,-436.895],[327.722,-436.895],[327.868,-436.555],[329.843,-435.384],[336.182,-432.848],[368.962,-440.513],[378.034,-465.607],[378.713,-466.357],[383.174,-470.997],[383.47,-471.886],[383.47,-471.934]],"c":true},"ix":2},"nm":"Path 1","mn":"ADBE Vector Shape - Group","hd":false},{"ty":"fl","c":{"a":0,"k":[1,1,1,1],"ix":4},"o":{"a":0,"k":100,"ix":5},"r":1,"bm":0,"nm":"Fill 1","mn":"ADBE Vector Graphic - Fill","hd":false},{"ty":"tr","p":{"a":0,"k":[0,0],"ix":2},"a":{"a":0,"k":[0,0],"ix":1},"s":{"a":0,"k":[100,100],"ix":3},"r":{"a":0,"k":0,"ix":6},"o":{"a":0,"k":100,"ix":7},"sk":{"a":0,"k":0,"ix":4},"sa":{"a":0,"k":0,"ix":5},"nm":"Transform"}],"nm":"Group 1","np":2,"cix":2,"bm":0,"ix":1,"mn":"ADBE Vector Group","hd":false},{"ty":"gr","it":[{"ind":0,"ty":"sh","ix":1,"ks":{"a":0,"k":{"i":[[0,-28.261],[28.261,0],[0,28.261],[-28.261,0]],"o":[[0,28.261],[-28.261,0],[0,-28.261],[28.261,0]],"v":[[406.139,-454.401],[354.968,-403.23],[303.798,-454.401],[354.968,-505.571]],"c":true},"ix":2},"nm":"Path 1","mn":"ADBE Vector Shape - Group","hd":false},{"ty":"gf","o":{"a":0,"k":100,"ix":10},"r":1,"bm":0,"g":{"p":3,"k":{"a":0,"k":[0,0,0.8,1,0.5,0,0.651,1,1,0,0.502,1],"ix":9}},"s":{"a":0,"k":[391,-491],"ix":5},"e":{"a":0,"k":[318.634,-418.634],"ix":6},"t":1,"nm":"Gradient Fill 1","mn":"ADBE Vector Graphic - G-Fill","hd":false},{"ty":"tr","p":{"a":0,"k":[0,0],"ix":2},"a":{"a":0,"k":[0,0],"ix":1},"s":{"a":0,"k":[100,100],"ix":3},"r":{"a":0,"k":0,"ix":6},"o":{"a":0,"k":100,"ix":7},"sk":{"a":0,"k":0,"ix":4},"sa":{"a":0,"k":0,"ix":5},"nm":"Transform"}],"nm":"Group 2","np":2,"cix":2,"bm":0,"ix":2,"mn":"ADBE Vector Group","hd":false},{"ty":"gr","it":[{"ind":0,"ty":"sh","ix":1,"ks":{"a":0,"k":{"i":[[0,-40.59],[40.589,0],[0,40.59],[-40.59,0]],"o":[[0,40.59],[-40.59,0],[0,-40.59],[40.589,0]],"v":[[449.637,-424.494],[376.143,-351],[302.649,-424.494],[376.143,-497.988]],"c":true},"ix":2},"nm":"Path 1","mn":"ADBE Vector Shape - Group","hd":false},{"ty":"gf","o":{"a":0,"k":100,"ix":10},"r":1,"bm":0,"g":{"p":3,"k":{"a":0,"k":[0,0,0,0.341,0.43,0.5,0.5,0.671,1,1,1,1,0,1,0.43,0.5,1,0],"ix":9}},"s":{"a":0,"k":[376,-425],"ix":5},"e":{"a":0,"k":[449.494,-425],"ix":6},"t":2,"h":{"a":0,"k":0,"ix":7},"a":{"a":0,"k":0,"ix":8},"nm":"Gradient Fill 1","mn":"ADBE Vector Graphic - G-Fill","hd":false},{"ty":"tr","p":{"a":0,"k":[0,0],"ix":2},"a":{"a":0,"k":[0,0],"ix":1},"s":{"a":0,"k":[100,100],"ix":3},"r":{"a":0,"k":0,"ix":6},"o":{"a":0,"k":80,"ix":7},"sk":{"a":0,"k":0,"ix":4},"sa":{"a":0,"k":0,"ix":5},"nm":"Transform"}],"nm":"Group 3","np":2,"cix":2,"bm":1,"ix":3,"mn":"ADBE Vector Group","hd":false}],"ip":-14,"op":195,"st":-14,"bm":0}]},{"id":"comp_2","layers":[{"ddd":0,"ind":1,"ty":4,"nm":"be","sr":1,"ks":{"o":{"a":0,"k":100,"ix":11},"r":{"a":0,"k":0,"ix":10},"p":{"a":0,"k":[96,102,0],"ix":2},"a":{"a":0,"k":[258.857,-281.429,0],"ix":1},"s":{"a":0,"k":[100,100,100],"ix":6}},"ao":0,"shapes":[{"ty":"gr","it":[{"ind":0,"ty":"sh","ix":1,"ks":{"a":0,"k":{"i":[[0,0],[3.463,9.551],[-1.772,0],[-1.058,-0.323],[6.096,-4.201]],"o":[[-0.373,-2.142],[1.942,-0.302],[5.82,0],[-1.257,7.584],[0,0]],"v":[[251.977,-289.255],[246.641,-308.779],[252.244,-309.2],[263.673,-307.603],[251.977,-289.255]],"c":true},"ix":2},"nm":"Path 1","mn":"ADBE Vector Shape - Group","hd":false},{"ind":1,"ty":"sh","ix":2,"ks":{"a":0,"k":{"i":[[0,0],[4.703,3.626],[-15.25,5.308],[-0.011,0.003],[-0.444,-2.59],[3.812,0]],"o":[[-6.386,0],[0.796,-1.559],[0.009,-0.004],[3.824,9.955],[-3.309,1.392],[0,0]],"v":[[236.207,-284.354],[219.225,-290.143],[241.044,-307.405],[241.075,-307.415],[246.962,-286.514],[236.207,-284.354]],"c":true},"ix":2},"nm":"Path 2","mn":"ADBE Vector Shape - Group","hd":false},{"ind":2,"ty":"sh","ix":3,"ks":{"a":0,"k":{"i":[[0,0],[-0.007,0.228],[-0.319,0],[-12.359,3.667],[-0.664,-1.489],[0.306,-0.1],[1.177,-1.944],[0,7.06]],"o":[[0,-0.229],[0.166,0.002],[3.455,0],[0.75,1.467],[-0.312,0.089],[-13.916,4.494],[-4.361,-4.913],[0,0]],"v":[[208.364,-312.158],[208.376,-312.844],[209.106,-312.842],[236.914,-316.795],[239.043,-312.351],[238.117,-312.072],[215.375,-293.734],[208.364,-312.158]],"c":true},"ix":2},"nm":"Path 3","mn":"ADBE Vector Shape - Group","hd":false},{"ind":3,"ty":"sh","ix":4,"ks":{"a":0,"k":{"i":[[0,0],[-4.46,-7.885],[2.566,0],[0,0],[-7.669,3.659]],"o":[[0.96,1.322],[-11.97,3.147],[0,0],[1.843,-8.494],[0,0]],"v":[[224.247,-337.265],[234.435,-321.406],[209.269,-318.054],[208.996,-318.054],[224.247,-337.265]],"c":true},"ix":2},"nm":"Path 4","mn":"ADBE Vector Shape - Group","hd":false},{"ind":4,"ty":"sh","ix":5,"ks":{"a":0,"k":{"i":[[0,0],[-4.903,-4.297],[9.395,-3.549],[1.133,1.528],[-2.157,0]],"o":[[7.022,0],[-0.776,1.059],[-4.349,-7.949],[2.019,-0.468],[0,0]],"v":[[236.207,-339.963],[254.551,-333.057],[240.171,-323.188],[229.93,-339.247],[236.207,-339.963]],"c":true},"ix":2},"nm":"Path 5","mn":"ADBE Vector Shape - Group","hd":false},{"ind":5,"ty":"sh","ix":6,"ks":{"a":0,"k":{"i":[[0,0],[-0.105,-6.411],[6.33,0],[2.155,-0.266],[0.191,0.445],[0.624,1.285],[-0.974,1.261]],"o":[[3.759,4.659],[-1.251,-0.257],[-2.043,0],[-0.182,-0.443],[-0.559,-1.315],[9.743,-4.014],[0,0]],"v":[[257.893,-329.581],[264.042,-312.626],[251.163,-313.87],[244.815,-313.502],[244.26,-314.83],[242.475,-318.735],[257.893,-329.581]],"c":true},"ix":2},"nm":"Path 6","mn":"ADBE Vector Shape - Group","hd":false},{"ind":6,"ty":"sh","ix":7,"ks":{"a":0,"k":{"i":[[0,0],[0,-18.148],[-18.171,0],[0,18.149],[18.172,0]],"o":[[-18.171,0],[0,18.148],[18.172,0],[0,-18.148],[0,0]],"v":[[236.207,-345.115],[203.252,-312.201],[236.207,-279.288],[269.164,-312.201],[236.207,-345.115]],"c":true},"ix":2},"nm":"Path 7","mn":"ADBE Vector Shape - Group","hd":false},{"ty":"fl","c":{"a":0,"k":[1,1,1,1],"ix":4},"o":{"a":0,"k":100,"ix":5},"r":1,"bm":0,"nm":"Fill 1","mn":"ADBE Vector Graphic - Fill","hd":false},{"ty":"tr","p":{"a":0,"k":[0,0],"ix":2},"a":{"a":0,"k":[0,0],"ix":1},"s":{"a":0,"k":[100,100],"ix":3},"r":{"a":0,"k":0,"ix":6},"o":{"a":0,"k":100,"ix":7},"sk":{"a":0,"k":0,"ix":4},"sa":{"a":0,"k":0,"ix":5},"nm":"Transform"}],"nm":"Group 1","np":8,"cix":2,"bm":0,"ix":1,"mn":"ADBE Vector Group","hd":false},{"ty":"gr","it":[{"ind":0,"ty":"sh","ix":1,"ks":{"a":0,"k":{"i":[[0,-32.356],[32.356,0],[0,32.356],[-32.356,0]],"o":[[0,32.356],[-32.356,0],[0,-32.356],[32.356,0]],"v":[[294.793,-312.201],[236.208,-253.616],[177.622,-312.201],[236.208,-370.787]],"c":true},"ix":2},"nm":"Path 1","mn":"ADBE Vector Shape - Group","hd":false},{"ty":"gf","o":{"a":0,"k":100,"ix":10},"r":1,"bm":0,"g":{"p":3,"k":{"a":0,"k":[0,1,0.404,0.604,0.513,0.939,0.227,0.594,1,0.878,0.051,0.584],"ix":9}},"s":{"a":0,"k":[277,-354],"ix":5},"e":{"a":0,"k":[194.148,-271.148],"ix":6},"t":1,"nm":"Gradient Fill 1","mn":"ADBE Vector Graphic - G-Fill","hd":false},{"ty":"tr","p":{"a":0,"k":[0,0],"ix":2},"a":{"a":0,"k":[0,0],"ix":1},"s":{"a":0,"k":[100,100],"ix":3},"r":{"a":0,"k":0,"ix":6},"o":{"a":0,"k":100,"ix":7},"sk":{"a":0,"k":0,"ix":4},"sa":{"a":0,"k":0,"ix":5},"nm":"Transform"}],"nm":"Group 2","np":2,"cix":2,"bm":0,"ix":2,"mn":"ADBE Vector Group","hd":false},{"ty":"gr","it":[{"ind":0,"ty":"sh","ix":1,"ks":{"a":0,"k":{"i":[[0,-46.471],[46.471,0],[0,46.471],[-46.471,0]],"o":[[0,46.471],[-46.471,0],[0,-46.471],[46.471,0]],"v":[[343,-276.214],[258.857,-192.07],[174.714,-276.214],[258.857,-360.357]],"c":true},"ix":2},"nm":"Path 1","mn":"ADBE Vector Shape - Group","hd":false},{"ty":"gf","o":{"a":0,"k":100,"ix":10},"r":1,"bm":0,"g":{"p":3,"k":{"a":0,"k":[0,0,0,0.341,0.43,0.5,0.5,0.671,1,1,1,1,0,1,0.43,0.5,1,0],"ix":9}},"s":{"a":0,"k":[258,-277],"ix":5},"e":{"a":0,"k":[342.143,-277],"ix":6},"t":2,"h":{"a":0,"k":0,"ix":7},"a":{"a":0,"k":0,"ix":8},"nm":"Gradient Fill 1","mn":"ADBE Vector Graphic - G-Fill","hd":false},{"ty":"tr","p":{"a":0,"k":[0,0],"ix":2},"a":{"a":0,"k":[0,0],"ix":1},"s":{"a":0,"k":[100,100],"ix":3},"r":{"a":0,"k":0,"ix":6},"o":{"a":0,"k":80,"ix":7},"sk":{"a":0,"k":0,"ix":4},"sa":{"a":0,"k":0,"ix":5},"nm":"Transform"}],"nm":"Group 3","np":2,"cix":2,"bm":1,"ix":3,"mn":"ADBE Vector Group","hd":false}],"ip":-12,"op":197,"st":-12,"bm":0}]},{"id":"comp_3","layers":[{"ddd":0,"ind":1,"ty":4,"nm":"link","sr":1,"ks":{"o":{"a":0,"k":100,"ix":11},"r":{"a":0,"k":0,"ix":10},"p":{"a":0,"k":[96,102,0],"ix":2},"a":{"a":0,"k":[267.676,-80.74,0],"ix":1},"s":{"a":0,"k":[60,60,100],"ix":6}},"ao":0,"shapes":[{"ty":"gr","it":[{"ind":0,"ty":"sh","ix":1,"ks":{"a":0,"k":{"i":[[0,0],[0,0],[0,0],[0,0],[-7.101,0],[0,-12.633],[0,0],[0,0],[0,0],[7.472,0],[0,-6.117],[0,0],[0,0]],"o":[[0,0],[0,0],[0,0],[1.95,-3.691],[14.762,0],[0,0],[0,0],[0,0],[0,-5.444],[-7.59,0],[0,0],[0,0],[0,0]],"v":[[232.786,-135.672],[246.771,-135.672],[246.771,-129.256],[246.963,-129.256],[260.77,-136.834],[278.254,-114.492],[278.254,-88.765],[263.684,-88.765],[263.684,-111.57],[256.106,-124.01],[247.358,-111.968],[247.358,-88.765],[232.786,-88.765]],"c":true},"ix":2},"nm":"Path 1","mn":"ADBE Vector Shape - Group","hd":false},{"ty":"fl","c":{"a":0,"k":[1,1,1,1],"ix":4},"o":{"a":0,"k":100,"ix":5},"r":1,"bm":0,"nm":"Fill 1","mn":"ADBE Vector Graphic - Fill","hd":false},{"ty":"tr","p":{"a":0,"k":[0,0],"ix":2},"a":{"a":0,"k":[0,0],"ix":1},"s":{"a":0,"k":[100,100],"ix":3},"r":{"a":0,"k":0,"ix":6},"o":{"a":0,"k":100,"ix":7},"sk":{"a":0,"k":0,"ix":4},"sa":{"a":0,"k":0,"ix":5},"nm":"Transform"}],"nm":"Group 1","np":2,"cix":2,"bm":0,"ix":1,"mn":"ADBE Vector Group","hd":false},{"ty":"gr","it":[{"ind":0,"ty":"sh","ix":1,"ks":{"a":0,"k":{"i":[[0,0],[0,-4.659],[4.67,0],[0,4.666],[-4.682,0]],"o":[[4.67,0],[0,4.666],[-4.682,0],[0,-4.659],[0,0]],"v":[[216.338,-158.982],[224.792,-150.534],[216.338,-142.074],[207.873,-150.534],[216.338,-158.982]],"c":false},"ix":2},"nm":"Path 1","mn":"ADBE Vector Shape - Group","hd":false},{"ind":1,"ty":"sh","ix":2,"ks":{"a":0,"k":{"i":[[0,0],[0,0],[0,0],[0,0]],"o":[[0,0],[0,0],[0,0],[0,0]],"v":[[209.035,-135.672],[223.637,-135.672],[223.637,-88.765],[209.035,-88.765]],"c":true},"ix":2},"nm":"Path 2","mn":"ADBE Vector Shape - Group","hd":false},{"ty":"fl","c":{"a":0,"k":[1,1,1,1],"ix":4},"o":{"a":0,"k":100,"ix":5},"r":1,"bm":0,"nm":"Fill 1","mn":"ADBE Vector Graphic - Fill","hd":false},{"ty":"tr","p":{"a":0,"k":[0,0],"ix":2},"a":{"a":0,"k":[0,0],"ix":1},"s":{"a":0,"k":[100,100],"ix":3},"r":{"a":0,"k":0,"ix":6},"o":{"a":0,"k":100,"ix":7},"sk":{"a":0,"k":0,"ix":4},"sa":{"a":0,"k":0,"ix":5},"nm":"Transform"}],"nm":"Group 2","np":3,"cix":2,"bm":0,"ix":2,"mn":"ADBE Vector Group","hd":false},{"ty":"gr","it":[{"ind":0,"ty":"sh","ix":1,"ks":{"a":0,"k":{"i":[[0,-41.639],[41.639,0],[0,41.639],[-41.639,0]],"o":[[0,41.639],[-41.639,0],[0,-41.639],[41.639,0]],"v":[[316.047,-121.631],[240.653,-46.236],[165.258,-121.631],[240.653,-197.025]],"c":true},"ix":2},"nm":"Path 1","mn":"ADBE Vector Shape - Group","hd":false},{"ty":"gf","o":{"a":0,"k":100,"ix":10},"r":1,"bm":0,"g":{"p":3,"k":{"a":0,"k":[0,0,0.482,0.722,0.513,0,0.375,0.818,1,0,0.267,0.914],"ix":9}},"s":{"a":0,"k":[293,-175],"ix":5},"e":{"a":0,"k":[186.376,-68.376],"ix":6},"t":1,"nm":"Gradient Fill 1","mn":"ADBE Vector Graphic - G-Fill","hd":false},{"ty":"tr","p":{"a":0,"k":[0,0],"ix":2},"a":{"a":0,"k":[0,0],"ix":1},"s":{"a":0,"k":[100,100],"ix":3},"r":{"a":0,"k":0,"ix":6},"o":{"a":0,"k":100,"ix":7},"sk":{"a":0,"k":0,"ix":4},"sa":{"a":0,"k":0,"ix":5},"nm":"Transform"}],"nm":"Group_3","np":2,"cix":2,"bm":0,"ix":3,"mn":"ADBE Vector Group","hd":false},{"ty":"gr","it":[{"ind":0,"ty":"sh","ix":1,"ks":{"a":0,"k":{"i":[[0,-61.228],[61.228,0],[0,61.228],[-61.229,0]],"o":[[0,61.228],[-61.229,0],[0,-61.228],[61.228,0]],"v":[[378.539,-75.317],[267.676,35.546],[156.812,-75.317],[267.676,-186.181]],"c":true},"ix":2},"nm":"Path 1","mn":"ADBE Vector Shape - Group","hd":false},{"ty":"gf","o":{"a":0,"k":100,"ix":10},"r":1,"bm":0,"g":{"p":3,"k":{"a":0,"k":[0,0,0,0.341,0.43,0.5,0.5,0.671,1,1,1,1,0,1,0.43,0.5,1,0],"ix":9}},"s":{"a":0,"k":[267,-76],"ix":5},"e":{"a":0,"k":[377.863,-76],"ix":6},"t":2,"h":{"a":0,"k":0,"ix":7},"a":{"a":0,"k":0,"ix":8},"nm":"Gradient Fill 1","mn":"ADBE Vector Graphic - G-Fill","hd":false},{"ty":"tr","p":{"a":0,"k":[0,0],"ix":2},"a":{"a":0,"k":[0,0],"ix":1},"s":{"a":0,"k":[100,100],"ix":3},"r":{"a":0,"k":0,"ix":6},"o":{"a":0,"k":80,"ix":7},"sk":{"a":0,"k":0,"ix":4},"sa":{"a":0,"k":0,"ix":5},"nm":"Transform"}],"nm":"Group 4","np":2,"cix":2,"bm":1,"ix":4,"mn":"ADBE Vector Group","hd":false}],"ip":2,"op":211,"st":2,"bm":0}]},{"id":"comp_4","layers":[{"ddd":0,"ind":1,"ty":4,"nm":"facebook","sr":1,"ks":{"o":{"a":0,"k":100,"ix":11},"r":{"a":0,"k":0,"ix":10},"p":{"a":0,"k":[96,102,0],"ix":2},"a":{"a":0,"k":[124.714,-366.429,0],"ix":1},"s":{"a":0,"k":[100,100,100],"ix":6}},"ao":0,"shapes":[{"ty":"gr","it":[{"ty":"gr","it":[{"ind":0,"ty":"sh","ix":1,"ks":{"a":0,"k":{"i":[[0,0],[0,0],[0,0],[0,0],[-6.945,0],[0,0],[0,0],[6.116,0],[0,-14.011],[0,0],[0,0],[0,0],[0,0],[0,0],[-2.972,0],[-2.846,0.447],[0,0]],"o":[[0,0],[0,0],[0,0],[0,-4.421],[0,0],[0,0],[0,0],[-12.77,0],[0,0],[0,0],[0,0],[0,0],[0,0],[2.846,0.447],[2.972,0],[0,0],[0,0]],"v":[[126.438,-379.793],[128.917,-395.953],[113.412,-395.953],[113.412,-406.439],[122.522,-415.17],[129.572,-415.17],[129.572,-428.927],[117.058,-430.019],[95.942,-408.269],[95.942,-395.953],[81.748,-395.953],[81.748,-379.793],[95.942,-379.793],[95.942,-340.728],[104.677,-340.049],[113.412,-340.728],[113.412,-379.793]],"c":true},"ix":2},"nm":"Path 1","mn":"ADBE Vector Shape - Group","hd":false},{"ty":"fl","c":{"a":0,"k":[1,1,1,1],"ix":4},"o":{"a":0,"k":100,"ix":5},"r":1,"bm":0,"nm":"Fill 1","mn":"ADBE Vector Graphic - Fill","hd":false},{"ty":"tr","p":{"a":0,"k":[0,0],"ix":2},"a":{"a":0,"k":[0,0],"ix":1},"s":{"a":0,"k":[100,100],"ix":3},"r":{"a":0,"k":0,"ix":6},"o":{"a":0,"k":100,"ix":7},"sk":{"a":0,"k":0,"ix":4},"sa":{"a":0,"k":0,"ix":5},"nm":"Transform"}],"nm":"Group 1","np":2,"cix":2,"bm":0,"ix":1,"mn":"ADBE Vector Group","hd":false},{"ty":"gr","it":[{"ind":0,"ty":"sh","ix":1,"ks":{"a":0,"k":{"i":[[0,27.904],[30.875,0],[0,-30.875],[-26.726,-4.194],[0,0],[0,0],[0,0],[0,0],[0,0],[-12.77,0],[0,0],[0,0],[0,0],[0,-4.421],[0,0],[0,0],[0,0],[0,0],[0,0]],"o":[[0,-30.875],[-30.875,0],[0,27.904],[0,0],[0,0],[0,0],[0,0],[0,0],[0,-14.011],[6.116,0],[0,0],[0,0],[-6.945,0],[0,0],[0,0],[0,0],[0,0],[0,0],[26.726,-4.194]],"v":[[160.581,-395.953],[104.677,-451.857],[48.773,-395.953],[95.942,-340.728],[95.942,-379.793],[81.748,-379.793],[81.748,-395.953],[95.942,-395.953],[95.942,-408.269],[117.058,-430.019],[129.572,-428.927],[129.572,-415.17],[122.522,-415.17],[113.412,-406.439],[113.412,-395.953],[128.917,-395.953],[126.438,-379.793],[113.412,-379.793],[113.412,-340.728]],"c":true},"ix":2},"nm":"Path 1","mn":"ADBE Vector Shape - Group","hd":false},{"ty":"gf","o":{"a":0,"k":100,"ix":10},"r":1,"bm":0,"g":{"p":3,"k":{"a":0,"k":[0,0.086,0.467,0.945,0.601,0.127,0.28,0.778,1,0.169,0.094,0.612],"ix":9}},"s":{"a":0,"k":[65,-436],"ix":5},"e":{"a":0,"k":[144.06,-356.94],"ix":6},"t":1,"nm":"Gradient Fill 1","mn":"ADBE Vector Graphic - G-Fill","hd":false},{"ty":"tr","p":{"a":0,"k":[0,0],"ix":2},"a":{"a":0,"k":[0,0],"ix":1},"s":{"a":0,"k":[100,100],"ix":3},"r":{"a":0,"k":0,"ix":6},"o":{"a":0,"k":100,"ix":7},"sk":{"a":0,"k":0,"ix":4},"sa":{"a":0,"k":0,"ix":5},"nm":"Transform"}],"nm":"Group_2","np":2,"cix":2,"bm":0,"ix":2,"mn":"ADBE Vector Group","hd":false},{"ty":"tr","p":{"a":0,"k":[0,0],"ix":2},"a":{"a":0,"k":[0,0],"ix":1},"s":{"a":0,"k":[100,100],"ix":3},"r":{"a":0,"k":0,"ix":6},"o":{"a":0,"k":100,"ix":7},"sk":{"a":0,"k":0,"ix":4},"sa":{"a":0,"k":0,"ix":5},"nm":"Transform"}],"nm":"Group_1","np":2,"cix":2,"bm":0,"ix":1,"mn":"ADBE Vector Group","hd":false},{"ty":"gr","it":[{"ind":0,"ty":"sh","ix":1,"ks":{"a":0,"k":{"i":[[0,-45.4],[45.4,0],[0,45.4],[-45.4,0]],"o":[[0,45.4],[-45.4,0],[0,-45.4],[45.4,0]],"v":[[206.919,-363.204],[124.714,-281],[42.51,-363.204],[124.714,-445.409]],"c":true},"ix":2},"nm":"Path 1","mn":"ADBE Vector Shape - Group","hd":false},{"ty":"gf","o":{"a":0,"k":100,"ix":10},"r":1,"bm":0,"g":{"p":3,"k":{"a":0,"k":[0,0,0,0.341,0.43,0.5,0.5,0.671,1,1,1,1,0,1,0.43,0.5,1,0],"ix":9}},"s":{"a":0,"k":[124,-364],"ix":5},"e":{"a":0,"k":[206.204,-364],"ix":6},"t":2,"h":{"a":0,"k":0,"ix":7},"a":{"a":0,"k":0,"ix":8},"nm":"Gradient Fill 1","mn":"ADBE Vector Graphic - G-Fill","hd":false},{"ty":"tr","p":{"a":0,"k":[0,0],"ix":2},"a":{"a":0,"k":[0,0],"ix":1},"s":{"a":0,"k":[100,100],"ix":3},"r":{"a":0,"k":0,"ix":6},"o":{"a":0,"k":80,"ix":7},"sk":{"a":0,"k":0,"ix":4},"sa":{"a":0,"k":0,"ix":5},"nm":"Transform"}],"nm":"Group 2","np":2,"cix":2,"bm":1,"ix":2,"mn":"ADBE Vector Group","hd":false}],"ip":8,"op":217,"st":8,"bm":0}]},{"id":"comp_5","layers":[{"ddd":0,"ind":1,"ty":4,"nm":"Layer 3","sr":1,"ks":{"o":{"a":0,"k":50,"ix":11},"r":{"a":0,"k":0,"ix":10},"p":{"a":0,"k":[96,102,0],"ix":2},"a":{"a":0,"k":[408.316,-190.143,0],"ix":1},"s":{"a":0,"k":[100,100,100],"ix":6}},"ao":0,"shapes":[{"ty":"gr","it":[{"ind":0,"ty":"sh","ix":1,"ks":{"a":0,"k":{"i":[[0.467,1.035],[0,0.313],[-0.625,0.124],[-2.488,4.127],[3.855,1.365],[0.216,0.089],[0.688,0.598],[-2.036,0.49],[-1.444,-0.18],[0.118,1.028],[-0.124,2.658],[-4.223,2.503],[-6.21,-3.643],[-0.543,-4.615],[0.237,-3.006],[-1.291,0.302],[-1.665,-0.732],[0.024,-0.973],[0.503,-0.438],[0.934,-0.378],[0.706,-0.331],[-0.681,-1.441],[-5.607,-1.315],[-0.415,-0.554],[0,-0.313],[1.079,-0.409],[1.178,-0.076],[0.248,-1.692],[1.641,0.132],[0.385,0.068],[2.643,-2.134],[0.558,-0.362],[4.703,2.743],[1.244,0.813],[1.236,0.187],[1.897,-0.209],[0.055,1.009],[2.044,0.224],[0.897,0.375]],"o":[[0,-0.313],[0.385,-0.446],[4.931,-0.977],[2.092,-3.47],[-0.221,-0.078],[-0.833,-0.343],[-1.726,-1.5],[1.488,-0.358],[0.965,0.12],[-0.305,-2.647],[0.237,-5.069],[6.166,-3.654],[3.876,2.273],[0.353,3.004],[-0.103,1.305],[1.602,-0.375],[0.891,0.391],[-0.016,0.667],[-0.77,0.67],[-0.724,0.293],[-1.456,0.682],[2.359,4.986],[0.684,0.16],[0,0.313],[-0.531,1.094],[-1.095,0.415],[-1.625,0.104],[-0.236,1.61],[-0.388,-0.031],[-3.214,-0.571],[-0.516,0.416],[-4.502,2.921],[-1.282,-0.747],[-1.029,-0.673],[-1.949,-0.295],[-0.975,0.108],[-0.133,-2.43],[-0.952,-0.105],[-0.98,-0.41]],"v":[[360.799,-199.699],[360.799,-200.638],[362.216,-201.588],[372.933,-209.836],[370.835,-215.464],[370.171,-215.695],[367.825,-217.001],[369.155,-221.153],[373.383,-220.374],[374.615,-221.607],[374.442,-229.574],[381.396,-241.006],[400.217,-241.063],[407.138,-230.732],[407.114,-221.715],[408.569,-220.472],[413.18,-220.942],[414.824,-218.735],[413.916,-217.017],[411.209,-215.597],[409.027,-214.745],[407.834,-211.72],[419.266,-201.633],[420.914,-200.638],[420.914,-199.699],[418.353,-197.595],[414.978,-196.639],[412.25,-194.134],[409.888,-192.429],[408.729,-192.6],[399.855,-190.711],[398.209,-189.585],[384.392,-189.072],[380.651,-191.494],[377.279,-192.73],[371.566,-192.379],[369.594,-193.558],[365.927,-196.807],[363.137,-197.673]],"c":true},"ix":2},"nm":"Path 1","mn":"ADBE Vector Shape - Group","hd":false},{"ty":"fl","c":{"a":0,"k":[1,1,1,1],"ix":4},"o":{"a":0,"k":100,"ix":5},"r":1,"bm":0,"nm":"Fill 1","mn":"ADBE Vector Graphic - Fill","hd":false},{"ty":"tr","p":{"a":0,"k":[0,0],"ix":2},"a":{"a":0,"k":[0,0],"ix":1},"s":{"a":0,"k":[100,100],"ix":3},"r":{"a":0,"k":0,"ix":6},"o":{"a":0,"k":100,"ix":7},"sk":{"a":0,"k":0,"ix":4},"sa":{"a":0,"k":0,"ix":5},"nm":"Transform"}],"nm":"Group 1","np":2,"cix":2,"bm":0,"ix":1,"mn":"ADBE Vector Group","hd":false},{"ty":"gr","it":[{"ind":0,"ty":"sh","ix":1,"ks":{"a":0,"k":{"i":[[0,-27.054],[27.054,0],[0,27.054],[-27.054,0]],"o":[[0,27.054],[-27.054,0],[0,-27.054],[27.054,0]],"v":[[439.744,-215.526],[390.759,-166.54],[341.773,-215.526],[390.759,-264.511]],"c":true},"ix":2},"nm":"Path 1","mn":"ADBE Vector Shape - Group","hd":false},{"ty":"gf","o":{"a":0,"k":100,"ix":10},"r":1,"bm":0,"g":{"p":3,"k":{"a":0,"k":[0,1,0.98,0,0.5,1,0.857,0.106,1,1,0.733,0.212],"ix":9}},"s":{"a":0,"k":[425,-251],"ix":5},"e":{"a":0,"k":[355.724,-181.724],"ix":6},"t":1,"nm":"Gradient Fill 1","mn":"ADBE Vector Graphic - G-Fill","hd":false},{"ty":"tr","p":{"a":0,"k":[0,0],"ix":2},"a":{"a":0,"k":[0,0],"ix":1},"s":{"a":0,"k":[100,100],"ix":3},"r":{"a":0,"k":0,"ix":6},"o":{"a":0,"k":100,"ix":7},"sk":{"a":0,"k":0,"ix":4},"sa":{"a":0,"k":0,"ix":5},"nm":"Transform"}],"nm":"Group 2","np":2,"cix":2,"bm":0,"ix":2,"mn":"ADBE Vector Group","hd":false},{"ty":"gr","it":[{"ind":0,"ty":"sh","ix":1,"ks":{"a":0,"k":{"i":[[0,-39.781],[39.781,0],[0,39.781],[-39.782,0]],"o":[[0,39.781],[-39.782,0],[0,-39.781],[39.781,0]],"v":[[480.347,-187.805],[408.316,-115.775],[336.286,-187.805],[408.316,-259.836]],"c":true},"ix":2},"nm":"Path 1","mn":"ADBE Vector Shape - Group","hd":false},{"ty":"gf","o":{"a":0,"k":100,"ix":10},"r":1,"bm":0,"g":{"p":3,"k":{"a":0,"k":[0,0,0,0.341,0.43,0.5,0.5,0.671,1,1,1,1,0,1,0.43,0.5,1,0],"ix":9}},"s":{"a":0,"k":[408,-188],"ix":5},"e":{"a":0,"k":[480.03,-188],"ix":6},"t":2,"h":{"a":0,"k":0,"ix":7},"a":{"a":0,"k":0,"ix":8},"nm":"Gradient Fill 1","mn":"ADBE Vector Graphic - G-Fill","hd":false},{"ty":"tr","p":{"a":0,"k":[409,-188],"ix":2},"a":{"a":0,"k":[409,-188],"ix":1},"s":{"a":0,"k":[100,100],"ix":3},"r":{"a":0,"k":0,"ix":6},"o":{"a":0,"k":80,"ix":7},"sk":{"a":0,"k":0,"ix":4},"sa":{"a":0,"k":0,"ix":5},"nm":"Transform"}],"nm":"Group 3","np":2,"cix":2,"bm":1,"ix":3,"mn":"ADBE Vector Group","hd":false}],"ip":-13,"op":196,"st":-13,"bm":0}]},{"id":"comp_6","layers":[{"ddd":0,"ind":1,"ty":4,"nm":"you","sr":1,"ks":{"o":{"a":0,"k":60,"ix":11},"r":{"a":0,"k":0,"ix":10},"p":{"a":0,"k":[96,102,0],"ix":2},"a":{"a":0,"k":[427.98,23.02,0],"ix":1},"s":{"a":0,"k":[100,100,100],"ix":6}},"ao":0,"shapes":[{"ty":"gr","it":[{"ind":0,"ty":"sh","ix":1,"ks":{"a":0,"k":{"i":[[0.548,-0.296],[0,0],[0,0.601],[0,0],[-0.529,-0.302],[0,0]],"o":[[0,0],[-0.529,0.286],[0,0],[0,-0.609],[0,0],[0.541,0.308]],"v":[[417.579,-0.601],[404.091,6.072],[401.766,5.374],[401.766,-8.324],[404.106,-9.013],[417.017,-1.989]],"c":true},"ix":2},"nm":"Path 1","mn":"ADBE Vector Shape - Group","hd":false},{"ind":1,"ty":"sh","ix":2,"ks":{"a":0,"k":{"i":[[0,0],[6.496,0],[0,0],[0,-6.496],[0,0],[-6.496,0],[0,0],[0,6.496]],"o":[[0,-6.496],[0,0],[-6.496,0],[0,0],[0,6.496],[0,0],[6.496,0],[0,0]],"v":[[435.268,-8.649],[423.505,-20.411],[393.427,-20.411],[381.664,-8.649],[381.664,5.349],[393.427,17.112],[423.505,17.112],[435.268,5.349]],"c":true},"ix":2},"nm":"Path 2","mn":"ADBE Vector Shape - Group","hd":false},{"ty":"fl","c":{"a":0,"k":[1,1,1,1],"ix":4},"o":{"a":0,"k":100,"ix":5},"r":1,"bm":0,"nm":"Fill 1","mn":"ADBE Vector Graphic - Fill","hd":false},{"ty":"tr","p":{"a":0,"k":[0,0],"ix":2},"a":{"a":0,"k":[0,0],"ix":1},"s":{"a":0,"k":[100,100],"ix":3},"r":{"a":0,"k":0,"ix":6},"o":{"a":0,"k":100,"ix":7},"sk":{"a":0,"k":0,"ix":4},"sa":{"a":0,"k":0,"ix":5},"nm":"Transform"}],"nm":"Group 1","np":3,"cix":2,"bm":0,"ix":1,"mn":"ADBE Vector Group","hd":false},{"ty":"gr","it":[{"ind":0,"ty":"sh","ix":1,"ks":{"a":0,"k":{"i":[[0,-27.054],[27.054,0],[0,27.054],[-27.054,0]],"o":[[0,27.054],[-27.054,0],[0,-27.054],[27.054,0]],"v":[[458.028,-1.526],[409.042,47.46],[360.057,-1.526],[409.042,-50.511]],"c":true},"ix":2},"nm":"Path 1","mn":"ADBE Vector Shape - Group","hd":false},{"ty":"gf","o":{"a":0,"k":100,"ix":10},"r":1,"bm":0,"g":{"p":3,"k":{"a":0,"k":[0,1,0,0,0.5,0.804,0,0,1,0.608,0,0],"ix":9}},"s":{"a":0,"k":[443,-37],"ix":5},"e":{"a":0,"k":[373.724,32.276],"ix":6},"t":1,"nm":"Gradient Fill 1","mn":"ADBE Vector Graphic - G-Fill","hd":false},{"ty":"tr","p":{"a":0,"k":[0,0],"ix":2},"a":{"a":0,"k":[0,0],"ix":1},"s":{"a":0,"k":[100,100],"ix":3},"r":{"a":0,"k":0,"ix":6},"o":{"a":0,"k":100,"ix":7},"sk":{"a":0,"k":0,"ix":4},"sa":{"a":0,"k":0,"ix":5},"nm":"Transform"}],"nm":"Group 2","np":2,"cix":2,"bm":0,"ix":2,"mn":"ADBE Vector Group","hd":false},{"ty":"gr","it":[{"ind":0,"ty":"sh","ix":1,"ks":{"a":0,"k":{"i":[[0,-38.856],[38.856,0],[0,38.856],[-38.856,0]],"o":[[0,38.856],[-38.856,0],[0,-38.856],[38.856,0]],"v":[[498.335,26.195],[427.98,96.55],[357.625,26.195],[427.98,-44.161]],"c":true},"ix":2},"nm":"Path 1","mn":"ADBE Vector Shape - Group","hd":false},{"ty":"gf","o":{"a":0,"k":100,"ix":10},"r":1,"bm":0,"g":{"p":3,"k":{"a":0,"k":[0,0,0,0.341,0.43,0.5,0.5,0.671,1,1,1,1,0,1,0.43,0.5,1,0],"ix":9}},"s":{"a":0,"k":[427,26],"ix":5},"e":{"a":0,"k":[497.355,26],"ix":6},"t":2,"h":{"a":0,"k":0,"ix":7},"a":{"a":0,"k":0,"ix":8},"nm":"Gradient Fill 1","mn":"ADBE Vector Graphic - G-Fill","hd":false},{"ty":"tr","p":{"a":0,"k":[0,0],"ix":2},"a":{"a":0,"k":[0,0],"ix":1},"s":{"a":0,"k":[100,100],"ix":3},"r":{"a":0,"k":0,"ix":6},"o":{"a":0,"k":80,"ix":7},"sk":{"a":0,"k":0,"ix":4},"sa":{"a":0,"k":0,"ix":5},"nm":"Transform"}],"nm":"Group 3","np":2,"cix":2,"bm":1,"ix":3,"mn":"ADBE Vector Group","hd":false}],"ip":-10,"op":199,"st":-10,"bm":0}]},{"id":"comp_7","layers":[{"ddd":0,"ind":1,"ty":4,"nm":"pintarest_1","sr":1,"ks":{"o":{"a":0,"k":100,"ix":11},"r":{"a":0,"k":0,"ix":10},"p":{"a":0,"k":[96,102,0],"ix":2},"a":{"a":0,"k":[410.516,229.754,0],"ix":1},"s":{"a":0,"k":[100,100,100],"ix":6}},"ao":0,"shapes":[{"ty":"gr","it":[{"ind":0,"ty":"sh","ix":1,"ks":{"a":0,"k":{"i":[[0.318,0.394],[0.035,-0.134],[2.083,-3.688],[1.237,-1.589],[0.28,0.057],[0.033,0.245],[-0.08,2.436],[-4.091,17.204],[0.088,0.237],[-0.855,2.717],[-1.164,-4.842],[1.455,-5.792],[-4.809,3.489],[0.327,5.465],[7.581,-3.509],[-3.923,-4.923],[0.164,-0.635],[0.272,-0.981],[0.737,0.3],[0.977,1.212],[-4.406,6.909],[-8.289,-0.939],[-1.172,-7.674],[4.907,-6.092],[4.222,4.297]],"o":[[-0.047,0.159],[-2.027,7.942],[-0.994,1.752],[-0.14,0.18],[-0.305,-0.065],[-0.334,-2.413],[0.105,-3.174],[0.06,-0.262],[-0.979,-2.642],[1.852,-5.868],[0.716,2.994],[-1.205,4.78],[4.434,-3.216],[-0.645,-10.896],[-8.69,4.018],[0.498,0.627],[-0.253,0.986],[-0.203,0.729],[-1.446,-0.584],[-3.332,-4.126],[4.881,-7.655],[9.9,1.126],[0.534,3.496],[-5.646,7.002],[-0.326,-0.329]],"v":[[387.075,216.438],[386.95,216.864],[382.615,230.257],[379.266,235.26],[378.716,235.615],[378.353,235.031],[377.916,227.762],[382.505,206.295],[382.41,205.578],[382.092,197.538],[391.76,196.062],[389.125,208.768],[398.355,213.456],[404.183,197.064],[384.01,187.322],[377.268,207.034],[377.984,208.678],[377.237,211.637],[375.686,212.332],[372.057,209.614],[372.177,190.417],[394.426,180.605],[411.756,196.17],[406.999,214.379],[387.979,217.547]],"c":true},"ix":2},"nm":"Path 1","mn":"ADBE Vector Shape - Group","hd":false},{"ty":"fl","c":{"a":0,"k":[1,1,1,1],"ix":4},"o":{"a":0,"k":100,"ix":5},"r":1,"bm":0,"nm":"Fill 1","mn":"ADBE Vector Graphic - Fill","hd":false},{"ty":"tr","p":{"a":0,"k":[0,0],"ix":2},"a":{"a":0,"k":[0,0],"ix":1},"s":{"a":0,"k":[100,100],"ix":3},"r":{"a":0,"k":0,"ix":6},"o":{"a":0,"k":100,"ix":7},"sk":{"a":0,"k":0,"ix":4},"sa":{"a":0,"k":0,"ix":5},"nm":"Transform"}],"nm":"pppp","np":2,"cix":2,"bm":0,"ix":1,"mn":"ADBE Vector Group","hd":false},{"ty":"gr","it":[{"ind":0,"ty":"sh","ix":1,"ks":{"a":0,"k":{"i":[[0,-25.112],[25.112,0],[0,25.112],[-25.112,0]],"o":[[0,25.112],[-25.112,0],[0,-25.112],[25.112,0]],"v":[[436.042,206.548],[390.572,252.018],[345.102,206.548],[390.572,161.079]],"c":true},"ix":2},"nm":"Path 1","mn":"ADBE Vector Shape - Group","hd":false},{"ty":"gf","o":{"a":0,"k":100,"ix":10},"r":1,"bm":0,"g":{"p":3,"k":{"a":0,"k":[0,1,0.298,0.235,0.513,0.967,0.153,0.239,1,0.933,0.008,0.243],"ix":9}},"s":{"a":0,"k":[422,174],"ix":5},"e":{"a":0,"k":[357.696,238.304],"ix":6},"t":1,"nm":"Gradient Fill 1","mn":"ADBE Vector Graphic - G-Fill","hd":false},{"ty":"tr","p":{"a":0,"k":[0,0],"ix":2},"a":{"a":0,"k":[0,0],"ix":1},"s":{"a":0,"k":[100,100],"ix":3},"r":{"a":0,"k":0,"ix":6},"o":{"a":0,"k":100,"ix":7},"sk":{"a":0,"k":0,"ix":4},"sa":{"a":0,"k":0,"ix":5},"nm":"Transform"}],"nm":"lllll","np":2,"cix":2,"bm":0,"ix":2,"mn":"ADBE Vector Group","hd":false},{"ty":"gr","it":[{"ind":0,"ty":"sh","ix":1,"ks":{"a":0,"k":{"i":[[0,-36.068],[36.068,0],[0,36.068],[-36.068,0]],"o":[[0,36.068],[-36.068,0],[0,-36.068],[36.068,0]],"v":[[475.931,233.123],[410.624,298.429],[345.318,233.123],[410.624,167.817]],"c":true},"ix":2},"nm":"Path 1","mn":"ADBE Vector Shape - Group","hd":false},{"ty":"gf","o":{"a":0,"k":100,"ix":10},"r":1,"bm":0,"g":{"p":3,"k":{"a":0,"k":[0,0,0,0.341,0.43,0.5,0.5,0.671,1,1,1,1,0,1,0.43,0.5,1,0],"ix":9}},"s":{"a":0,"k":[410,233],"ix":5},"e":{"a":0,"k":[475.306,233],"ix":6},"t":2,"h":{"a":0,"k":0,"ix":7},"a":{"a":0,"k":0,"ix":8},"nm":"Gradient Fill 1","mn":"ADBE Vector Graphic - G-Fill","hd":false},{"ty":"tr","p":{"a":0,"k":[0,0],"ix":2},"a":{"a":0,"k":[0,0],"ix":1},"s":{"a":0,"k":[100,100],"ix":3},"r":{"a":0,"k":0,"ix":6},"o":{"a":0,"k":80,"ix":7},"sk":{"a":0,"k":0,"ix":4},"sa":{"a":0,"k":0,"ix":5},"nm":"Transform"}],"nm":"jjjjjj","np":2,"cix":2,"bm":1,"ix":3,"mn":"ADBE Vector Group","hd":false}],"ip":-13,"op":196,"st":-13,"bm":0}]},{"id":"comp_8","layers":[{"ddd":0,"ind":1,"ty":4,"nm":"whats","sr":1,"ks":{"o":{"a":0,"k":100,"ix":11},"r":{"a":0,"k":0,"ix":10},"p":{"a":0,"k":[96,102,0],"ix":2},"a":{"a":0,"k":[279.645,95.02,0],"ix":1},"s":{"a":0,"k":[100,100,100],"ix":6}},"ao":0,"shapes":[{"ty":"gr","it":[{"ind":0,"ty":"sh","ix":1,"ks":{"a":0,"k":{"i":[[1.078,0.645],[1.365,-0.558],[0.678,-0.837],[0.534,0.215],[2.168,3.614],[-0.443,0.521],[-0.177,1.04],[0.43,0.925],[1.184,0.669],[0.97,-0.79],[-0.024,-2.118],[-0.14,-0.581],[-0.727,-1.24],[-0.642,-0.873],[-3.027,-1.854],[-1.687,-0.557],[-2.043,0.388],[-0.849,2.061],[0.141,0.645]],"o":[[-1.158,-0.693],[-1.047,0.428],[-0.348,0.43],[-3.929,-1.565],[-0.367,-0.562],[0.655,-0.771],[0.177,-1.039],[-0.549,-1.183],[-1.09,-0.615],[-1.674,1.364],[0.007,0.602],[0.338,1.397],[0.548,0.935],[2.102,2.855],[1.513,0.926],[1.892,0.625],[2.139,-0.406],[0.251,-0.61],[-0.291,-1.333]],"v":[[272.067,73.277],[268.037,72.369],[265.644,75.272],[264.346,75.553],[255.238,67.751],[255.379,66.226],[257.034,63.54],[256.294,60.36],[253.947,56.822],[250.454,57.342],[247.996,62.959],[248.217,64.742],[249.927,68.683],[251.713,71.398],[259.456,78.588],[264.285,80.885],[269.906,81.773],[275.004,77.981],[275.24,76.046]],"c":true},"ix":2},"nm":"Path 1","mn":"ADBE Vector Shape - Group","hd":false},{"ty":"fl","c":{"a":0,"k":[1,1,1,1],"ix":4},"o":{"a":0,"k":100,"ix":5},"r":1,"bm":0,"nm":"Fill 1","mn":"ADBE Vector Graphic - Fill","hd":false},{"ty":"tr","p":{"a":0,"k":[0,0],"ix":2},"a":{"a":0,"k":[0,0],"ix":1},"s":{"a":0,"k":[100,100],"ix":3},"r":{"a":0,"k":0,"ix":6},"o":{"a":0,"k":100,"ix":7},"sk":{"a":0,"k":0,"ix":4},"sa":{"a":0,"k":0,"ix":5},"nm":"Transform"}],"nm":"Group 1","np":2,"cix":2,"bm":0,"ix":1,"mn":"ADBE Vector Group","hd":false},{"ty":"gr","it":[{"ind":0,"ty":"sh","ix":1,"ks":{"a":0,"k":{"i":[[0,0],[0,0],[-4.079,0],[0,12.583],[12.582,0],[0,-12.583],[-2.183,-3.585],[0,0],[0,0]],"o":[[0,0],[3.541,2.11],[12.582,0],[0,-12.583],[-12.582,0],[0,4.155],[0,0],[0,0],[0,0]],"v":[[248.987,88.381],[249.951,88.956],[261.6,92.182],[284.418,69.364],[261.6,46.545],[238.782,69.364],[242.119,81.194],[242.71,82.166],[240.431,90.674]],"c":true},"ix":2},"nm":"Path 1","mn":"ADBE Vector Shape - Group","hd":false},{"ind":1,"ty":"sh","ix":2,"ks":{"a":0,"k":{"i":[[0,0],[0,0],[0,4.745],[-15.514,0],[0,-15.514],[15.515,0],[4.117,2.233]],"o":[[0,0],[-2.312,-4.172],[0,-15.514],[15.515,0],[0,15.515],[-4.658,0],[0,0]],"v":[[232.908,98.195],[236.993,82.956],[233.463,69.364],[261.6,41.227],[289.737,69.364],[261.6,97.501],[248.225,94.091]],"c":true},"ix":2},"nm":"Path 2","mn":"ADBE Vector Shape - Group","hd":false},{"ty":"fl","c":{"a":0,"k":[1,1,1,1],"ix":4},"o":{"a":0,"k":100,"ix":5},"r":1,"bm":0,"nm":"Fill 1","mn":"ADBE Vector Graphic - Fill","hd":false},{"ty":"tr","p":{"a":0,"k":[0,0],"ix":2},"a":{"a":0,"k":[0,0],"ix":1},"s":{"a":0,"k":[100,100],"ix":3},"r":{"a":0,"k":0,"ix":6},"o":{"a":0,"k":100,"ix":7},"sk":{"a":0,"k":0,"ix":4},"sa":{"a":0,"k":0,"ix":5},"nm":"Transform"}],"nm":"Group 2","np":3,"cix":2,"bm":0,"ix":2,"mn":"ADBE Vector Group","hd":false},{"ty":"gr","it":[{"ind":0,"ty":"sh","ix":1,"ks":{"a":0,"k":{"i":[[0,-27.054],[27.054,0],[0,27.054],[-27.054,0]],"o":[[0,27.054],[-27.054,0],[0,-27.054],[27.054,0]],"v":[[308.36,70.474],[259.374,119.46],[210.389,70.474],[259.374,21.489]],"c":true},"ix":2},"nm":"Path 1","mn":"ADBE Vector Shape - Group","hd":false},{"ty":"gf","o":{"a":0,"k":100,"ix":10},"r":1,"bm":0,"g":{"p":3,"k":{"a":0,"k":[0,0,0.984,0.451,0.5,0,0.841,0.404,1,0,0.698,0.357],"ix":9}},"s":{"a":0,"k":[294,35],"ix":5},"e":{"a":0,"k":[224.724,104.276],"ix":6},"t":1,"nm":"Gradient Fill 1","mn":"ADBE Vector Graphic - G-Fill","hd":false},{"ty":"tr","p":{"a":0,"k":[0,0],"ix":2},"a":{"a":0,"k":[0,0],"ix":1},"s":{"a":0,"k":[100,100],"ix":3},"r":{"a":0,"k":0,"ix":6},"o":{"a":0,"k":100,"ix":7},"sk":{"a":0,"k":0,"ix":4},"sa":{"a":0,"k":0,"ix":5},"nm":"Transform"}],"nm":"Group 3","np":2,"cix":2,"bm":0,"ix":3,"mn":"ADBE Vector Group","hd":false},{"ty":"gr","it":[{"ind":0,"ty":"sh","ix":1,"ks":{"a":0,"k":{"i":[[0,-38.856],[38.856,0],[0,38.856],[-38.856,0]],"o":[[0,38.856],[-38.856,0],[0,-38.856],[38.856,0]],"v":[[350,98.195],[279.645,168.55],[209.289,98.195],[279.645,27.839]],"c":true},"ix":2},"nm":"Path 1","mn":"ADBE Vector Shape - Group","hd":false},{"ty":"gf","o":{"a":0,"k":100,"ix":10},"r":1,"bm":0,"g":{"p":3,"k":{"a":0,"k":[0,0,0,0.341,0.43,0.5,0.5,0.671,1,1,1,1,0,1,0.43,0.5,1,0],"ix":9}},"s":{"a":0,"k":[279,98],"ix":5},"e":{"a":0,"k":[349.355,98],"ix":6},"t":2,"h":{"a":0,"k":0,"ix":7},"a":{"a":0,"k":0,"ix":8},"nm":"Gradient Fill 1","mn":"ADBE Vector Graphic - G-Fill","hd":false},{"ty":"tr","p":{"a":0,"k":[0,0],"ix":2},"a":{"a":0,"k":[0,0],"ix":1},"s":{"a":0,"k":[100,100],"ix":3},"r":{"a":0,"k":0,"ix":6},"o":{"a":0,"k":80,"ix":7},"sk":{"a":0,"k":0,"ix":4},"sa":{"a":0,"k":0,"ix":5},"nm":"Transform"}],"nm":"Group 4","np":2,"cix":2,"bm":1,"ix":4,"mn":"ADBE Vector Group","hd":false}],"ip":12,"op":221,"st":12,"bm":0}]}],"layers":[{"ddd":0,"ind":1,"ty":0,"nm":"all","refId":"comp_0","sr":1.2,"ks":{"o":{"a":0,"k":100,"ix":11},"r":{"a":0,"k":0,"ix":10},"p":{"a":0,"k":[540,540,0],"ix":2},"a":{"a":0,"k":[540,540,0],"ix":1},"s":{"a":0,"k":[100,100,100],"ix":6}},"ao":0,"w":1080,"h":1080,"ip":0,"op":88.8,"st":0,"bm":0}],"markers":[]}