{"nm":"Spee Test","mn":"","layers":[{"ty":4,"nm":"fill/Speed Test - Animation Outlines","mn":"","sr":1,"st":0,"op":300.00001221925,"ip":0,"hd":false,"cl":"","ln":"","ddd":0,"bm":0,"hasMask":false,"ao":0,"ks":{"a":{"a":0,"k":[382.5,254,0],"ix":1},"s":{"a":0,"k":[100,100,100],"ix":6},"sk":{"a":0,"k":0},"p":{"a":0,"k":[300.46,300.48,0],"ix":2},"r":{"a":0,"k":0,"ix":10},"sa":{"a":0,"k":0},"o":{"a":0,"k":100,"ix":11}},"ef":[],"shapes":[{"ty":"gr","bm":0,"cl":"","ln":"","hd":false,"mn":"ADBE Vector Group","nm":"Group 1","ix":1,"cix":2,"np":2,"it":[{"ty":"sh","bm":0,"cl":"","ln":"","hd":false,"mn":"ADBE Vector Shape - Group","nm":"Path 1","ix":1,"d":1,"ks":{"a":0,"k":{"c":false,"i":[[0,0],[-141.962,0],[0,-141.962]],"o":[[0,-141.962],[141.962,0],[0,0]],"v":[[-257.04,128.52],[0,-128.52],[257.04,128.52]]},"ix":2}},{"ty":"gs","bm":0,"cl":"","ln":"","hd":false,"mn":"ADBE Vector Graphic - G-Stroke","nm":"Gradient Stroke 1","e":{"a":0,"k":[100,0],"ix":5},"g":{"p":3,"k":{"a":0,"k":[0,0.054901960784313725,0.792156862745098,0.8313725490196079,0.5,0.5686274509803921,0.43529411764705883,1,1,0.49411764705882355,0.3607843137254902,0.9372549019607843],"ix":8}},"t":1,"a":{"a":0,"k":0},"h":{"a":0,"k":0},"s":{"a":0,"k":[0,0],"ix":4},"lc":2,"lj":1,"ml":10,"o":{"a":0,"k":100,"ix":9},"w":{"a":0,"k":54,"ix":10},"d":[]},{"ty":"tr","a":{"a":0,"k":[0,0],"ix":1},"s":{"a":0,"k":[100,100],"ix":3},"sk":{"a":0,"k":0,"ix":4},"p":{"a":0,"k":[382.04,253.52],"ix":2},"r":{"a":0,"k":0,"ix":6},"sa":{"a":0,"k":0,"ix":5},"o":{"a":0,"k":100,"ix":7}}]},{"ty":"tm","bm":0,"cl":"","ln":"","hd":false,"mn":"ADBE Vector Filter - Trim","nm":"Trim Paths 1","ix":2,"e":{"a":1,"k":[{"o":{"x":0.167,"y":0.167},"i":{"x":0.833,"y":0.833},"s":[0],"t":0},{"o":{"x":0.167,"y":0.167},"i":{"x":0.833,"y":0.833},"s":[63],"t":69},{"o":{"x":0.167,"y":0.167},"i":{"x":0.833,"y":0.833},"s":[59],"t":95},{"o":{"x":0.167,"y":0.167},"i":{"x":0.833,"y":0.833},"s":[69],"t":121},{"o":{"x":0.167,"y":0.167},"i":{"x":0.833,"y":0.833},"s":[50],"t":137},{"o":{"x":0.167,"y":0.167},"i":{"x":0.833,"y":0.833},"s":[89],"t":181},{"o":{"x":0.167,"y":0.167},"i":{"x":0.833,"y":0.833},"s":[83],"t":199},{"o":{"x":0.167,"y":0.167},"i":{"x":0.833,"y":0.833},"s":[88],"t":281},{"o":{"x":0.167,"y":0.167},"i":{"x":0.833,"y":0.833},"s":[0],"t":295.000012015596}],"ix":2},"o":{"a":0,"k":0,"ix":3},"s":{"a":0,"k":0,"ix":1},"m":1}],"ind":1},{"ty":4,"nm":"meter/Speed Test - Animation Outlines","mn":"","sr":1,"st":0,"op":300.00001221925,"ip":0,"hd":false,"cl":"","ln":"","ddd":0,"bm":0,"hasMask":false,"ao":0,"ks":{"a":{"a":0,"k":[25,151.5,0],"ix":1},"s":{"a":0,"k":[100,100,100],"ix":6},"sk":{"a":0,"k":0},"p":{"a":0,"k":[298,429,0],"ix":2},"r":{"a":1,"k":[{"o":{"x":0.167,"y":0.167},"i":{"x":0.833,"y":0.833},"s":[-96],"t":0},{"o":{"x":0.167,"y":0.167},"i":{"x":0.833,"y":0.833},"s":[30],"t":69},{"o":{"x":0.167,"y":0.167},"i":{"x":0.833,"y":0.833},"s":[18],"t":95},{"o":{"x":0.167,"y":0.167},"i":{"x":0.833,"y":0.833},"s":[40],"t":121},{"o":{"x":0.167,"y":0.167},"i":{"x":0.833,"y":0.833},"s":[2],"t":137},{"o":{"x":0.167,"y":0.167},"i":{"x":0.833,"y":0.833},"s":[70],"t":181},{"o":{"x":0.167,"y":0.167},"i":{"x":0.833,"y":0.833},"s":[62],"t":198},{"o":{"x":0.167,"y":0.167},"i":{"x":0.833,"y":0.833},"s":[70],"t":282},{"o":{"x":0.167,"y":0.167},"i":{"x":0.833,"y":0.833},"s":[-96],"t":295.000012015596}],"ix":10},"sa":{"a":0,"k":0},"o":{"a":0,"k":100,"ix":11}},"ef":[],"shapes":[{"ty":"gr","bm":0,"cl":"","ln":"","hd":false,"mn":"ADBE Vector Group","nm":"Group 1","ix":1,"cix":2,"np":2,"it":[{"ty":"sh","bm":0,"cl":"","ln":"","hd":false,"mn":"ADBE Vector Shape - Group","nm":"Path 1","ix":1,"d":1,"ks":{"a":0,"k":{"c":true,"i":[[6.338,4.824],[0,0],[0,0],[0,0],[-0.267,-8.909],[-13.759,-0.379],[0,14.833]],"o":[[0,0],[0,0],[0,0],[-6.536,4.974],[0.412,13.759],[14.925,0.411],[0,-8.579]],"v":[[16.087,40.98],[9.302,-88.793],[-9.048,-88.793],[-15.832,40.98],[-26.268,62.791],[-0.618,88.382],[26.535,61.984]]},"ix":2}},{"ty":"fl","bm":0,"cl":"","ln":"","hd":false,"mn":"ADBE Vector Graphic - Fill","nm":"Fill 1","c":{"a":0,"k":[0.2275,0.3608,0.4706],"ix":4},"r":1,"o":{"a":0,"k":100,"ix":5}},{"ty":"tr","a":{"a":0,"k":[0,0],"ix":1},"s":{"a":0,"k":[100,100],"ix":3},"sk":{"a":0,"k":0,"ix":4},"p":{"a":0,"k":[26.785,89.043],"ix":2},"r":{"a":0,"k":0,"ix":6},"sa":{"a":0,"k":0,"ix":5},"o":{"a":0,"k":100,"ix":7}}]}],"ind":2},{"ty":4,"nm":"speed/Speed Test - Animation Outlines","mn":"","sr":1,"st":0,"op":300.00001221925,"ip":0,"hd":false,"cl":"","ln":"","ddd":0,"bm":0,"hasMask":false,"ao":0,"ks":{"a":{"a":0,"k":[204.5,118,0],"ix":1},"s":{"a":0,"k":[100,100,100],"ix":6},"sk":{"a":0,"k":0},"p":{"a":0,"k":[300,338.5,0],"ix":2},"r":{"a":0,"k":0,"ix":10},"sa":{"a":0,"k":0},"o":{"a":0,"k":100,"ix":11}},"ef":[],"shapes":[{"ty":"gr","bm":0,"cl":"","ln":"","hd":false,"mn":"ADBE Vector Group","nm":"Group 1","ix":1,"cix":2,"np":4,"it":[{"ty":"sh","bm":0,"cl":"","ln":"","hd":false,"mn":"ADBE Vector Shape - Group","nm":"Path 1","ix":1,"d":1,"ks":{"a":0,"k":{"c":true,"i":[[0,2.148],[0,0],[2.148,0],[0,-2.175],[0,0],[-2.149,0]],"o":[[0,0],[0,-2.175],[-2.149,0],[0,0],[0,2.148],[2.148,0]],"v":[[3.866,3.515],[3.866,-3.517],[0,-7.41],[-3.866,-3.517],[-3.866,3.515],[0,7.381]]},"ix":2}},{"ty":"sh","bm":0,"cl":"","ln":"","hd":false,"mn":"ADBE Vector Shape - Group","nm":"Path 2","ix":2,"d":1,"ks":{"a":0,"k":{"c":true,"i":[[0,3.945],[0,0],[-3.945,0],[0,-3.947],[0,0],[3.947,0]],"o":[[0,0],[0,-3.947],[3.947,0],[0,0],[0,3.945],[-3.945,0]],"v":[[-6.738,3.329],[-6.738,-3.329],[0,-10.067],[6.738,-3.329],[6.738,3.329],[0,10.067]]},"ix":2}},{"ty":"mm","bm":0,"cl":"","ln":"","hd":false,"mn":"ADBE Vector Filter - Merge","nm":"Merge Paths 1","mm":1},{"ty":"fl","bm":0,"cl":"","ln":"","hd":false,"mn":"ADBE Vector Graphic - Fill","nm":"Fill 1","c":{"a":0,"k":[0.6314,0.6784,0.7176],"ix":4},"r":1,"o":{"a":0,"k":100,"ix":5}},{"ty":"tr","a":{"a":0,"k":[0,0],"ix":1},"s":{"a":0,"k":[100,100],"ix":3},"sk":{"a":0,"k":0,"ix":4},"p":{"a":0,"k":[401.35,225.637],"ix":2},"r":{"a":0,"k":0,"ix":6},"sa":{"a":0,"k":0,"ix":5},"o":{"a":0,"k":100,"ix":7}}]},{"ty":"gr","bm":0,"cl":"","ln":"","hd":false,"mn":"ADBE Vector Group","nm":"Group 2","ix":2,"cix":2,"np":4,"it":[{"ty":"sh","bm":0,"cl":"","ln":"","hd":false,"mn":"ADBE Vector Shape - Group","nm":"Path 1","ix":1,"d":1,"ks":{"a":0,"k":{"c":true,"i":[[0,2.148],[0,0],[2.148,0],[0,-2.175],[0,0],[-2.149,0]],"o":[[0,0],[0,-2.175],[-2.149,0],[0,0],[0,2.148],[2.148,0]],"v":[[3.867,3.515],[3.867,-3.517],[0.001,-7.41],[-3.866,-3.517],[-3.866,3.515],[0.001,7.381]]},"ix":2}},{"ty":"sh","bm":0,"cl":"","ln":"","hd":false,"mn":"ADBE Vector Shape - Group","nm":"Path 2","ix":2,"d":1,"ks":{"a":0,"k":{"c":true,"i":[[0,3.945],[0,0],[-3.945,0],[0,-3.947],[0,0],[3.947,0]],"o":[[0,0],[0,-3.947],[3.947,0],[0,0],[0,3.945],[-3.945,0]],"v":[[-6.738,3.329],[-6.738,-3.329],[0.001,-10.067],[6.738,-3.329],[6.738,3.329],[0.001,10.067]]},"ix":2}},{"ty":"mm","bm":0,"cl":"","ln":"","hd":false,"mn":"ADBE Vector Filter - Merge","nm":"Merge Paths 1","mm":1},{"ty":"fl","bm":0,"cl":"","ln":"","hd":false,"mn":"ADBE Vector Graphic - Fill","nm":"Fill 1","c":{"a":0,"k":[0.6314,0.6784,0.7176],"ix":4},"r":1,"o":{"a":0,"k":100,"ix":5}},{"ty":"tr","a":{"a":0,"k":[0,0],"ix":1},"s":{"a":0,"k":[100,100],"ix":3},"sk":{"a":0,"k":0,"ix":4},"p":{"a":0,"k":[384.106,225.637],"ix":2},"r":{"a":0,"k":0,"ix":6},"sa":{"a":0,"k":0,"ix":5},"o":{"a":0,"k":100,"ix":7}}]},{"ty":"gr","bm":0,"cl":"","ln":"","hd":false,"mn":"ADBE Vector Group","nm":"Group 3","ix":3,"cix":2,"np":2,"it":[{"ty":"sh","bm":0,"cl":"","ln":"","hd":false,"mn":"ADBE Vector Shape - Group","nm":"Path 1","ix":1,"d":1,"ks":{"a":0,"k":{"c":true,"i":[[0,0],[0,0],[0,0],[0,0],[0,0],[0,0],[0,0]],"o":[[0,0],[0,0],[0,0],[0,0],[0,0],[0,0],[0,0]],"v":[[0.377,-6.577],[-3.248,-4.376],[-3.248,-7.49],[0.377,-9.664],[3.248,-9.664],[3.248,9.665],[0.377,9.665]]},"ix":2}},{"ty":"fl","bm":0,"cl":"","ln":"","hd":false,"mn":"ADBE Vector Graphic - Fill","nm":"Fill 1","c":{"a":0,"k":[0.6314,0.6784,0.7176],"ix":4},"r":1,"o":{"a":0,"k":100,"ix":5}},{"ty":"tr","a":{"a":0,"k":[0,0],"ix":1},"s":{"a":0,"k":[100,100],"ix":3},"sk":{"a":0,"k":0,"ix":4},"p":{"a":0,"k":[369.015,225.636],"ix":2},"r":{"a":0,"k":0,"ix":6},"sa":{"a":0,"k":0,"ix":5},"o":{"a":0,"k":100,"ix":7}}]},{"ty":"gr","bm":0,"cl":"","ln":"","hd":false,"mn":"ADBE Vector Group","nm":"Group 4","ix":4,"cix":2,"np":2,"it":[{"ty":"sh","bm":0,"cl":"","ln":"","hd":false,"mn":"ADBE Vector Shape - Group","nm":"Path 1","ix":1,"d":1,"ks":{"a":0,"k":{"c":true,"i":[[0,-3.599],[3.625,0],[0.779,2.843],[0,0],[-1.637,0],[0,2.067],[2.041,0],[0.619,-0.805],[0,0],[0,0],[0,0],[0,0],[0,0],[0,0],[-1.128,0]],"o":[[0,3.596],[-2.951,0],[0,0],[0.43,1.745],[2.122,0],[0,-2.093],[-1.61,0],[0,0],[0,0],[0,0],[0,0],[0,0],[0,0],[0.968,-0.672],[3.599,0]],"v":[[6.483,3.369],[-0.229,9.867],[-6.483,5.061],[-3.773,4.335],[-0.122,7.154],[3.663,3.369],[-0.122,-0.389],[-3.424,1.139],[-5.866,0.309],[-5.276,-9.867],[5.166,-9.867],[5.166,-7.21],[-2.753,-7.21],[-3.075,-1.919],[0.227,-2.967]]},"ix":2}},{"ty":"fl","bm":0,"cl":"","ln":"","hd":false,"mn":"ADBE Vector Graphic - Fill","nm":"Fill 1","c":{"a":0,"k":[0.6314,0.6784,0.7176],"ix":4},"r":1,"o":{"a":0,"k":100,"ix":5}},{"ty":"tr","a":{"a":0,"k":[0,0],"ix":1},"s":{"a":0,"k":[100,100],"ix":3},"sk":{"a":0,"k":0,"ix":4},"p":{"a":0,"k":[390.298,152.629],"ix":2},"r":{"a":0,"k":0,"ix":6},"sa":{"a":0,"k":0,"ix":5},"o":{"a":0,"k":100,"ix":7}}]},{"ty":"gr","bm":0,"cl":"","ln":"","hd":false,"mn":"ADBE Vector Group","nm":"Group 5","ix":5,"cix":2,"np":2,"it":[{"ty":"sh","bm":0,"cl":"","ln":"","hd":false,"mn":"ADBE Vector Shape - Group","nm":"Path 1","ix":1,"d":1,"ks":{"a":0,"k":{"c":true,"i":[[0,0],[0,0],[0,0],[0,0],[0,0],[0,0],[0,0]],"o":[[0,0],[0,0],[0,0],[0,0],[0,0],[0,0],[0,0]],"v":[[2.807,-6.979],[-5.812,-6.979],[-5.812,-9.665],[5.812,-9.665],[5.812,-6.979],[-0.979,9.664],[-4.013,9.664]]},"ix":2}},{"ty":"fl","bm":0,"cl":"","ln":"","hd":false,"mn":"ADBE Vector Graphic - Fill","nm":"Fill 1","c":{"a":0,"k":[0.6314,0.6784,0.7176],"ix":4},"r":1,"o":{"a":0,"k":100,"ix":5}},{"ty":"tr","a":{"a":0,"k":[0,0],"ix":1},"s":{"a":0,"k":[100,100],"ix":3},"sk":{"a":0,"k":0,"ix":4},"p":{"a":0,"k":[375.312,152.427],"ix":2},"r":{"a":0,"k":0,"ix":6},"sa":{"a":0,"k":0,"ix":5},"o":{"a":0,"k":100,"ix":7}}]},{"ty":"gr","bm":0,"cl":"","ln":"","hd":false,"mn":"ADBE Vector Group","nm":"Group 6","ix":6,"cix":2,"np":4,"it":[{"ty":"sh","bm":0,"cl":"","ln":"","hd":false,"mn":"ADBE Vector Shape - Group","nm":"Path 1","ix":1,"d":1,"ks":{"a":0,"k":{"c":true,"i":[[0,2.148],[0,0],[2.148,0],[0,-2.175],[0,0],[-2.149,0]],"o":[[0,0],[0,-2.175],[-2.149,0],[0,0],[0,2.148],[2.148,0]],"v":[[3.867,3.515],[3.867,-3.517],[0.001,-7.41],[-3.866,-3.517],[-3.866,3.515],[0.001,7.381]]},"ix":2}},{"ty":"sh","bm":0,"cl":"","ln":"","hd":false,"mn":"ADBE Vector Shape - Group","nm":"Path 2","ix":2,"d":1,"ks":{"a":0,"k":{"c":true,"i":[[0,3.945],[0,0],[-3.945,0],[0,-3.947],[0,0],[3.947,0]],"o":[[0,0],[0,-3.947],[3.947,0],[0,0],[0,3.945],[-3.945,0]],"v":[[-6.738,3.329],[-6.738,-3.329],[0.001,-10.067],[6.738,-3.329],[6.738,3.329],[0.001,10.067]]},"ix":2}},{"ty":"mm","bm":0,"cl":"","ln":"","hd":false,"mn":"ADBE Vector Filter - Merge","nm":"Merge Paths 1","mm":1},{"ty":"fl","bm":0,"cl":"","ln":"","hd":false,"mn":"ADBE Vector Graphic - Fill","nm":"Fill 1","c":{"a":0,"k":[0.6314,0.6784,0.7176],"ix":4},"r":1,"o":{"a":0,"k":100,"ix":5}},{"ty":"tr","a":{"a":0,"k":[0,0],"ix":1},"s":{"a":0,"k":[100,100],"ix":3},"sk":{"a":0,"k":0,"ix":4},"p":{"a":0,"k":[360.948,88.038],"ix":2},"r":{"a":0,"k":0,"ix":6},"sa":{"a":0,"k":0,"ix":5},"o":{"a":0,"k":100,"ix":7}}]},{"ty":"gr","bm":0,"cl":"","ln":"","hd":false,"mn":"ADBE Vector Group","nm":"Group 7","ix":7,"cix":2,"np":2,"it":[{"ty":"sh","bm":0,"cl":"","ln":"","hd":false,"mn":"ADBE Vector Shape - Group","nm":"Path 1","ix":1,"d":1,"ks":{"a":0,"k":{"c":true,"i":[[0,-3.599],[3.625,0],[0.779,2.843],[0,0],[-1.637,0],[0,2.067],[2.041,0],[0.619,-0.805],[0,0],[0,0],[0,0],[0,0],[0,0],[0,0],[-1.128,0]],"o":[[0,3.596],[-2.951,0],[0,0],[0.43,1.745],[2.122,0],[0,-2.093],[-1.61,0],[0,0],[0,0],[0,0],[0,0],[0,0],[0,0],[0.968,-0.672],[3.599,0]],"v":[[6.483,3.369],[-0.229,9.867],[-6.483,5.062],[-3.773,4.335],[-0.122,7.154],[3.663,3.369],[-0.122,-0.389],[-3.424,1.14],[-5.866,0.309],[-5.276,-9.867],[5.166,-9.867],[5.166,-7.209],[-2.753,-7.209],[-3.075,-1.919],[0.227,-2.967]]},"ix":2}},{"ty":"fl","bm":0,"cl":"","ln":"","hd":false,"mn":"ADBE Vector Graphic - Fill","nm":"Fill 1","c":{"a":0,"k":[0.6314,0.6784,0.7176],"ix":4},"r":1,"o":{"a":0,"k":100,"ix":5}},{"ty":"tr","a":{"a":0,"k":[0,0],"ix":1},"s":{"a":0,"k":[100,100],"ix":3},"sk":{"a":0,"k":0,"ix":4},"p":{"a":0,"k":[344.497,88.238],"ix":2},"r":{"a":0,"k":0,"ix":6},"sa":{"a":0,"k":0,"ix":5},"o":{"a":0,"k":100,"ix":7}}]},{"ty":"gr","bm":0,"cl":"","ln":"","hd":false,"mn":"ADBE Vector Group","nm":"Group 8","ix":8,"cix":2,"np":4,"it":[{"ty":"sh","bm":0,"cl":"","ln":"","hd":false,"mn":"ADBE Vector Shape - Group","nm":"Path 1","ix":1,"d":1,"ks":{"a":0,"k":{"c":true,"i":[[0,2.148],[0,0],[2.148,0],[0,-2.175],[0,0],[-2.149,0]],"o":[[0,0],[0,-2.175],[-2.149,0],[0,0],[0,2.148],[2.148,0]],"v":[[3.867,3.515],[3.867,-3.517],[0.001,-7.41],[-3.866,-3.517],[-3.866,3.515],[0.001,7.381]]},"ix":2}},{"ty":"sh","bm":0,"cl":"","ln":"","hd":false,"mn":"ADBE Vector Shape - Group","nm":"Path 2","ix":2,"d":1,"ks":{"a":0,"k":{"c":true,"i":[[0,3.945],[0,0],[-3.945,0],[0,-3.947],[0,0],[3.947,0]],"o":[[0,0],[0,-3.947],[3.947,0],[0,0],[0,3.945],[-3.945,0]],"v":[[-6.738,3.329],[-6.738,-3.329],[0.001,-10.067],[6.738,-3.329],[6.738,3.329],[0.001,10.067]]},"ix":2}},{"ty":"mm","bm":0,"cl":"","ln":"","hd":false,"mn":"ADBE Vector Filter - Merge","nm":"Merge Paths 1","mm":1},{"ty":"fl","bm":0,"cl":"","ln":"","hd":false,"mn":"ADBE Vector Graphic - Fill","nm":"Fill 1","c":{"a":0,"k":[0.6314,0.6784,0.7176],"ix":4},"r":1,"o":{"a":0,"k":100,"ix":5}},{"ty":"tr","a":{"a":0,"k":[0,0],"ix":1},"s":{"a":0,"k":[100,100],"ix":3},"sk":{"a":0,"k":0,"ix":4},"p":{"a":0,"k":[296.192,32.442],"ix":2},"r":{"a":0,"k":0,"ix":6},"sa":{"a":0,"k":0,"ix":5},"o":{"a":0,"k":100,"ix":7}}]},{"ty":"gr","bm":0,"cl":"","ln":"","hd":false,"mn":"ADBE Vector Group","nm":"Group 9","ix":9,"cix":2,"np":2,"it":[{"ty":"sh","bm":0,"cl":"","ln":"","hd":false,"mn":"ADBE Vector Shape - Group","nm":"Path 1","ix":1,"d":1,"ks":{"a":0,"k":{"c":true,"i":[[0,-3.169],[3.596,0],[0.834,2.739],[0,0],[-1.559,0.027],[0,2.119],[2.119,0],[0.564,-0.297],[0,0],[0,0],[0,0],[0,0],[0,0],[0,0],[0,0]],"o":[[0,3.677],[-2.901,0],[0,0],[0.509,1.663],[2.119,-0.026],[0,-2.148],[-0.619,0],[0,0],[0,0],[0,0],[0,0],[0,0],[0,0],[0,0],[3.169,0.401]],"v":[[6.336,3.491],[-0.106,9.852],[-6.336,5.369],[-3.624,4.619],[-0.132,7.168],[3.464,3.491],[-0.132,-0.215],[-1.987,0.27],[-3.301,-1.96],[2.658,-7.195],[-5.583,-7.195],[-5.583,-9.852],[6.04,-9.852],[6.04,-7.166],[1.234,-2.576]]},"ix":2}},{"ty":"fl","bm":0,"cl":"","ln":"","hd":false,"mn":"ADBE Vector Graphic - Fill","nm":"Fill 1","c":{"a":0,"k":[0.6314,0.6784,0.7176],"ix":4},"r":1,"o":{"a":0,"k":100,"ix":5}},{"ty":"tr","a":{"a":0,"k":[0,0],"ix":1},"s":{"a":0,"k":[100,100],"ix":3},"sk":{"a":0,"k":0,"ix":4},"p":{"a":0,"k":[279.621,32.629],"ix":2},"r":{"a":0,"k":0,"ix":6},"sa":{"a":0,"k":0,"ix":5},"o":{"a":0,"k":100,"ix":7}}]},{"ty":"gr","bm":0,"cl":"","ln":"","hd":false,"mn":"ADBE Vector Group","nm":"Group 10","ix":10,"cix":2,"np":4,"it":[{"ty":"sh","bm":0,"cl":"","ln":"","hd":false,"mn":"ADBE Vector Shape - Group","nm":"Path 1","ix":1,"d":1,"ks":{"a":0,"k":{"c":true,"i":[[0,2.148],[0,0],[2.148,0],[0,-2.175],[0,0],[-2.149,0]],"o":[[0,0],[0,-2.175],[-2.149,0],[0,0],[0,2.148],[2.148,0]],"v":[[3.867,3.515],[3.867,-3.517],[0,-7.41],[-3.866,-3.517],[-3.866,3.515],[0,7.381]]},"ix":2}},{"ty":"sh","bm":0,"cl":"","ln":"","hd":false,"mn":"ADBE Vector Shape - Group","nm":"Path 2","ix":2,"d":1,"ks":{"a":0,"k":{"c":true,"i":[[0,3.945],[0,0],[-3.945,0],[0,-3.947],[0,0],[3.947,0]],"o":[[0,0],[0,-3.947],[3.947,0],[0,0],[0,3.945],[-3.945,0]],"v":[[-6.738,3.329],[-6.738,-3.329],[0,-10.067],[6.738,-3.329],[6.738,3.329],[0,10.067]]},"ix":2}},{"ty":"mm","bm":0,"cl":"","ln":"","hd":false,"mn":"ADBE Vector Filter - Merge","nm":"Merge Paths 1","mm":1},{"ty":"fl","bm":0,"cl":"","ln":"","hd":false,"mn":"ADBE Vector Graphic - Fill","nm":"Fill 1","c":{"a":0,"k":[0.6314,0.6784,0.7176],"ix":4},"r":1,"o":{"a":0,"k":100,"ix":5}},{"ty":"tr","a":{"a":0,"k":[0,0],"ix":1},"s":{"a":0,"k":[100,100],"ix":3},"sk":{"a":0,"k":0,"ix":4},"p":{"a":0,"k":[212.572,10.317],"ix":2},"r":{"a":0,"k":0,"ix":6},"sa":{"a":0,"k":0,"ix":5},"o":{"a":0,"k":100,"ix":7}}]},{"ty":"gr","bm":0,"cl":"","ln":"","hd":false,"mn":"ADBE Vector Group","nm":"Group 11","ix":11,"cix":2,"np":2,"it":[{"ty":"sh","bm":0,"cl":"","ln":"","hd":false,"mn":"ADBE Vector Shape - Group","nm":"Path 1","ix":1,"d":1,"ks":{"a":0,"k":{"c":true,"i":[[0,0],[0,0],[0,0],[0,0],[0,0],[0,0],[0,1.073],[2.067,0],[-0.053,-1.933],[0,0],[-3.867,0],[0,-3.678],[2.096,-1.852]],"o":[[0,0],[0,0],[0,0],[0,0],[0,0],[1.343,-1.206],[0,-2.093],[-2.174,0],[0,0],[0,-3.759],[3.651,0],[0,2.657],[0,0]],"v":[[-2.187,7.195],[6.537,7.195],[6.537,9.852],[-6.537,9.852],[-6.537,7.381],[1.891,-0.163],[3.665,-3.518],[0.094,-7.195],[-3.585,-3.544],[-6.485,-3.544],[0.148,-9.852],[6.537,-3.491],[3.394,2.201]]},"ix":2}},{"ty":"fl","bm":0,"cl":"","ln":"","hd":false,"mn":"ADBE Vector Graphic - Fill","nm":"Fill 1","c":{"a":0,"k":[0.6314,0.6784,0.7176],"ix":4},"r":1,"o":{"a":0,"k":100,"ix":5}},{"ty":"tr","a":{"a":0,"k":[0,0],"ix":1},"s":{"a":0,"k":[100,100],"ix":3},"sk":{"a":0,"k":0,"ix":4},"p":{"a":0,"k":[196.068,10.102],"ix":2},"r":{"a":0,"k":0,"ix":6},"sa":{"a":0,"k":0,"ix":5},"o":{"a":0,"k":100,"ix":7}}]},{"ty":"gr","bm":0,"cl":"","ln":"","hd":false,"mn":"ADBE Vector Group","nm":"Group 12","ix":12,"cix":2,"np":2,"it":[{"ty":"sh","bm":0,"cl":"","ln":"","hd":false,"mn":"ADBE Vector Shape - Group","nm":"Path 1","ix":1,"d":1,"ks":{"a":0,"k":{"c":true,"i":[[0,-3.599],[3.625,0],[0.779,2.843],[0,0],[-1.637,0],[0,2.067],[2.041,0],[0.619,-0.805],[0,0],[0,0],[0,0],[0,0],[0,0],[0,0],[-1.128,0]],"o":[[0,3.596],[-2.951,0],[0,0],[0.43,1.745],[2.122,0],[0,-2.093],[-1.61,0],[0,0],[0,0],[0,0],[0,0],[0,0],[0,0],[0.968,-0.672],[3.599,0]],"v":[[6.483,3.369],[-0.229,9.867],[-6.483,5.062],[-3.773,4.335],[-0.122,7.154],[3.663,3.369],[-0.122,-0.389],[-3.424,1.14],[-5.866,0.309],[-5.276,-9.867],[5.166,-9.867],[5.166,-7.209],[-2.753,-7.209],[-3.075,-1.919],[0.227,-2.967]]},"ix":2}},{"ty":"fl","bm":0,"cl":"","ln":"","hd":false,"mn":"ADBE Vector Graphic - Fill","nm":"Fill 1","c":{"a":0,"k":[0.6314,0.6784,0.7176],"ix":4},"r":1,"o":{"a":0,"k":100,"ix":5}},{"ty":"tr","a":{"a":0,"k":[0,0],"ix":1},"s":{"a":0,"k":[100,100],"ix":3},"sk":{"a":0,"k":0,"ix":4},"p":{"a":0,"k":[122.202,32.643],"ix":2},"r":{"a":0,"k":0,"ix":6},"sa":{"a":0,"k":0,"ix":5},"o":{"a":0,"k":100,"ix":7}}]},{"ty":"gr","bm":0,"cl":"","ln":"","hd":false,"mn":"ADBE Vector Group","nm":"Group 13","ix":13,"cix":2,"np":2,"it":[{"ty":"sh","bm":0,"cl":"","ln":"","hd":false,"mn":"ADBE Vector Shape - Group","nm":"Path 1","ix":1,"d":1,"ks":{"a":0,"k":{"c":true,"i":[[0,0],[0,0],[0,0],[0,0],[0,0],[0,0],[0,0]],"o":[[0,0],[0,0],[0,0],[0,0],[0,0],[0,0],[0,0]],"v":[[0.376,-6.578],[-3.249,-4.376],[-3.249,-7.491],[0.376,-9.664],[3.249,-9.664],[3.249,9.664],[0.376,9.664]]},"ix":2}},{"ty":"fl","bm":0,"cl":"","ln":"","hd":false,"mn":"ADBE Vector Graphic - Fill","nm":"Fill 1","c":{"a":0,"k":[0.6314,0.6784,0.7176],"ix":4},"r":1,"o":{"a":0,"k":100,"ix":5}},{"ty":"tr","a":{"a":0,"k":[0,0],"ix":1},"s":{"a":0,"k":[100,100],"ix":3},"sk":{"a":0,"k":0,"ix":4},"p":{"a":0,"k":[107.901,32.441],"ix":2},"r":{"a":0,"k":0,"ix":6},"sa":{"a":0,"k":0,"ix":5},"o":{"a":0,"k":100,"ix":7}}]},{"ty":"gr","bm":0,"cl":"","ln":"","hd":false,"mn":"ADBE Vector Group","nm":"Group 14","ix":14,"cix":2,"np":4,"it":[{"ty":"sh","bm":0,"cl":"","ln":"","hd":false,"mn":"ADBE Vector Shape - Group","nm":"Path 1","ix":1,"d":1,"ks":{"a":0,"k":{"c":true,"i":[[0,2.148],[0,0],[2.148,0],[0,-2.175],[0,0],[-2.149,0]],"o":[[0,0],[0,-2.175],[-2.149,0],[0,0],[0,2.148],[2.148,0]],"v":[[3.867,3.515],[3.867,-3.517],[0,-7.41],[-3.867,-3.517],[-3.867,3.515],[0,7.381]]},"ix":2}},{"ty":"sh","bm":0,"cl":"","ln":"","hd":false,"mn":"ADBE Vector Shape - Group","nm":"Path 2","ix":2,"d":1,"ks":{"a":0,"k":{"c":true,"i":[[0,3.945],[0,0],[-3.945,0],[0,-3.947],[0,0],[3.947,0]],"o":[[0,0],[0,-3.947],[3.947,0],[0,0],[0,3.945],[-3.945,0]],"v":[[-6.739,3.329],[-6.739,-3.329],[0,-10.067],[6.739,-3.329],[6.739,3.329],[0,10.067]]},"ix":2}},{"ty":"mm","bm":0,"cl":"","ln":"","hd":false,"mn":"ADBE Vector Filter - Merge","nm":"Merge Paths 1","mm":1},{"ty":"fl","bm":0,"cl":"","ln":"","hd":false,"mn":"ADBE Vector Graphic - Fill","nm":"Fill 1","c":{"a":0,"k":[0.6314,0.6784,0.7176],"ix":4},"r":1,"o":{"a":0,"k":100,"ix":5}},{"ty":"tr","a":{"a":0,"k":[0,0],"ix":1},"s":{"a":0,"k":[100,100],"ix":3},"sk":{"a":0,"k":0,"ix":4},"p":{"a":0,"k":[59.182,88.038],"ix":2},"r":{"a":0,"k":0,"ix":6},"sa":{"a":0,"k":0,"ix":5},"o":{"a":0,"k":100,"ix":7}}]},{"ty":"gr","bm":0,"cl":"","ln":"","hd":false,"mn":"ADBE Vector Group","nm":"Group 15","ix":15,"cix":2,"np":2,"it":[{"ty":"sh","bm":0,"cl":"","ln":"","hd":false,"mn":"ADBE Vector Shape - Group","nm":"Path 1","ix":1,"d":1,"ks":{"a":0,"k":{"c":true,"i":[[0,0],[0,0],[0,0],[0,0],[0,0],[0,0],[0,0]],"o":[[0,0],[0,0],[0,0],[0,0],[0,0],[0,0],[0,0]],"v":[[0.376,-6.578],[-3.249,-4.376],[-3.249,-7.491],[0.376,-9.664],[3.249,-9.664],[3.249,9.664],[0.376,9.664]]},"ix":2}},{"ty":"fl","bm":0,"cl":"","ln":"","hd":false,"mn":"ADBE Vector Graphic - Fill","nm":"Fill 1","c":{"a":0,"k":[0.6314,0.6784,0.7176],"ix":4},"r":1,"o":{"a":0,"k":100,"ix":5}},{"ty":"tr","a":{"a":0,"k":[0,0],"ix":1},"s":{"a":0,"k":[100,100],"ix":3},"sk":{"a":0,"k":0,"ix":4},"p":{"a":0,"k":[44.09,88.037],"ix":2},"r":{"a":0,"k":0,"ix":6},"sa":{"a":0,"k":0,"ix":5},"o":{"a":0,"k":100,"ix":7}}]},{"ty":"gr","bm":0,"cl":"","ln":"","hd":false,"mn":"ADBE Vector Group","nm":"Group 16","ix":16,"cix":2,"np":4,"it":[{"ty":"sh","bm":0,"cl":"","ln":"","hd":false,"mn":"ADBE Vector Shape - Group","nm":"Path 1","ix":1,"d":1,"ks":{"a":0,"k":{"c":true,"i":[[0,2.148],[0,0],[2.148,0],[0,-2.175],[0,0],[-2.149,0]],"o":[[0,0],[0,-2.175],[-2.149,0],[0,0],[0,2.148],[2.148,0]],"v":[[3.867,3.515],[3.867,-3.517],[0.001,-7.41],[-3.867,-3.517],[-3.867,3.515],[0.001,7.381]]},"ix":2}},{"ty":"sh","bm":0,"cl":"","ln":"","hd":false,"mn":"ADBE Vector Shape - Group","nm":"Path 2","ix":2,"d":1,"ks":{"a":0,"k":{"c":true,"i":[[0,3.945],[0,0],[-3.945,0],[0,-3.947],[0,0],[3.947,0]],"o":[[0,0],[0,-3.947],[3.947,0],[0,0],[0,3.945],[-3.945,0]],"v":[[-6.738,3.329],[-6.738,-3.329],[0.001,-10.067],[6.738,-3.329],[6.738,3.329],[0.001,10.067]]},"ix":2}},{"ty":"mm","bm":0,"cl":"","ln":"","hd":false,"mn":"ADBE Vector Filter - Merge","nm":"Merge Paths 1","mm":1},{"ty":"fl","bm":0,"cl":"","ln":"","hd":false,"mn":"ADBE Vector Graphic - Fill","nm":"Fill 1","c":{"a":0,"k":[0.6314,0.6784,0.7176],"ix":4},"r":1,"o":{"a":0,"k":100,"ix":5}},{"ty":"tr","a":{"a":0,"k":[0,0],"ix":1},"s":{"a":0,"k":[100,100],"ix":3},"sk":{"a":0,"k":0,"ix":4},"p":{"a":0,"k":[6.988,223.12],"ix":2},"r":{"a":0,"k":0,"ix":6},"sa":{"a":0,"k":0,"ix":5},"o":{"a":0,"k":100,"ix":7}}]},{"ty":"gr","bm":0,"cl":"","ln":"","hd":false,"mn":"ADBE Vector Group","nm":"Group 17","ix":17,"cix":2,"np":2,"it":[{"ty":"sh","bm":0,"cl":"","ln":"","hd":false,"mn":"ADBE Vector Shape - Group","nm":"Path 1","ix":1,"d":1,"ks":{"a":0,"k":{"c":true,"i":[[0,-3.599],[3.625,0],[0.779,2.843],[0,0],[-1.637,0],[0,2.067],[2.041,0],[0.619,-0.805],[0,0],[0,0],[0,0],[0,0],[0,0],[0,0],[-1.128,0]],"o":[[0,3.596],[-2.951,0],[0,0],[0.43,1.745],[2.122,0],[0,-2.093],[-1.61,0],[0,0],[0,0],[0,0],[0,0],[0,0],[0,0],[0.968,-0.672],[3.599,0]],"v":[[6.483,3.369],[-0.229,9.867],[-6.483,5.061],[-3.773,4.335],[-0.122,7.154],[3.663,3.369],[-0.122,-0.389],[-3.424,1.139],[-5.866,0.309],[-5.276,-9.867],[5.166,-9.867],[5.166,-7.21],[-2.753,-7.21],[-3.075,-1.919],[0.227,-2.967]]},"ix":2}},{"ty":"fl","bm":0,"cl":"","ln":"","hd":false,"mn":"ADBE Vector Graphic - Fill","nm":"Fill 1","c":{"a":0,"k":[0.6314,0.6784,0.7176],"ix":4},"r":1,"o":{"a":0,"k":100,"ix":5}},{"ty":"tr","a":{"a":0,"k":[0,0],"ix":1},"s":{"a":0,"k":[100,100],"ix":3},"sk":{"a":0,"k":0,"ix":4},"p":{"a":0,"k":[16.994,152.629],"ix":2},"r":{"a":0,"k":0,"ix":6},"sa":{"a":0,"k":0,"ix":5},"o":{"a":0,"k":100,"ix":7}}]}],"ind":3},{"ty":4,"nm":"unfill/Speed Test - Animation Outlines","mn":"","sr":1,"st":0,"op":300.00001221925,"ip":0,"hd":false,"cl":"","ln":"","ddd":0,"bm":0,"hasMask":false,"ao":0,"ks":{"a":{"a":0,"k":[286.5,156.5,0],"ix":1},"s":{"a":0,"k":[100,100,100],"ix":6},"sk":{"a":0,"k":0},"p":{"a":0,"k":[301,300,0],"ix":2},"r":{"a":0,"k":0,"ix":10},"sa":{"a":0,"k":0},"o":{"a":0,"k":100,"ix":11}},"ef":[],"shapes":[{"ty":"gr","bm":0,"cl":"","ln":"","hd":false,"mn":"ADBE Vector Group","nm":"Group 1","ix":1,"cix":2,"np":2,"it":[{"ty":"sh","bm":0,"cl":"","ln":"","hd":false,"mn":"ADBE Vector Shape - Group","nm":"Path 1","ix":1,"d":1,"ks":{"a":0,"k":{"c":true,"i":[[0,-157.73],[-14.584,0],[0,14.584],[-128.61,0],[0,-128.61],[-14.584,0],[0,14.584],[157.73,0]],"o":[[0,14.584],[14.583,0],[0,-128.61],[128.611,0],[0,14.584],[14.584,0],[0,-157.73],[-157.731,0]],"v":[[-286.057,129.824],[-259.649,156.232],[-233.241,129.824],[0,-103.417],[233.241,129.824],[259.649,156.232],[286.057,129.824],[0,-156.232]]},"ix":2}},{"ty":"fl","bm":0,"cl":"","ln":"","hd":false,"mn":"ADBE Vector Graphic - Fill","nm":"Fill 1","c":{"a":0,"k":[0.851,0.8784,0.902],"ix":4},"r":1,"o":{"a":0,"k":100,"ix":5}},{"ty":"tr","a":{"a":0,"k":[0,0],"ix":1},"s":{"a":0,"k":[100,100],"ix":3},"sk":{"a":0,"k":0,"ix":4},"p":{"a":0,"k":[286.307,156.482],"ix":2},"r":{"a":0,"k":0,"ix":6},"sa":{"a":0,"k":0,"ix":5},"o":{"a":0,"k":100,"ix":7}}]}],"ind":4}],"ddd":0,"h":600,"w":600,"meta":{"a":"","k":"","d":"","g":"LottieFiles AE ","tc":"#000000"},"v":"4.8.0","fr":29.9700012207031,"op":300.00001221925,"ip":0,"assets":[]}