{"v":"5.7.12","fr":60,"ip":0,"op":180,"w":2000,"h":2000,"nm":"V2_2","ddd":0,"assets":[],"layers":[{"ddd":0,"ind":2,"ty":4,"nm":"Ð¡Ð»Ð¾Ð¹ 17 Outlines","sr":1,"ks":{"o":{"a":0,"k":100,"ix":11},"r":{"a":0,"k":0,"ix":10},"p":{"a":0,"k":[995.914,1027.949,0],"ix":2,"l":2},"a":{"a":0,"k":[29.163,36.613,0],"ix":1,"l":2},"s":{"a":0,"k":[1772,1772,100],"ix":6,"l":2}},"ao":0,"shapes":[{"ty":"gr","it":[{"ind":0,"ty":"sh","ix":1,"ks":{"a":0,"k":{"i":[[-15.682,0],[0,-9.894],[15.682,0],[0,9.891]],"o":[[15.597,0],[0,9.891],[-15.596,0],[0,-9.894]],"v":[[0,-12.41],[28.913,-0.043],[0,12.41],[-28.913,0.047]],"c":true},"ix":2},"nm":"Path 1","mn":"ADBE Vector Shape - Group","hd":false},{"ty":"fl","c":{"a":0,"k":[0.89019613827,0.117647066303,0.188235309077,1],"ix":4},"o":{"a":0,"k":100,"ix":5},"r":1,"bm":0,"nm":"Fill 1","mn":"ADBE Vector Graphic - Fill","hd":false},{"ty":"tr","p":{"a":0,"k":[29.163,60.567],"ix":2},"a":{"a":0,"k":[0,0],"ix":1},"s":{"a":0,"k":[100,100],"ix":3},"r":{"a":0,"k":0,"ix":6},"o":{"a":0,"k":100,"ix":7},"sk":{"a":0,"k":0,"ix":4},"sa":{"a":0,"k":0,"ix":5},"nm":"Transform"}],"nm":"Group 1","np":2,"cix":2,"bm":0,"ix":1,"mn":"ADBE Vector Group","hd":false},{"ty":"gr","it":[{"ind":0,"ty":"sh","ix":1,"ks":{"a":0,"k":{"i":[[0,-10.684],[10.619,0],[0,10.681],[-10.618,0]],"o":[[0,10.681],[-10.618,0],[0,-10.684],[10.619,0]],"v":[[19.133,-0.003],[0,19.243],[-19.133,-0.003],[0,-19.243]],"c":true},"ix":2},"nm":"Path 1","mn":"ADBE Vector Shape - Group","hd":false},{"ty":"fl","c":{"a":0,"k":[0.89019613827,0.117647066303,0.188235309077,1],"ix":4},"o":{"a":0,"k":100,"ix":5},"r":1,"bm":0,"nm":"Fill 1","mn":"ADBE Vector Graphic - Fill","hd":false},{"ty":"tr","p":{"a":0,"k":[29.163,19.493],"ix":2},"a":{"a":0,"k":[0,0],"ix":1},"s":{"a":0,"k":[100,100],"ix":3},"r":{"a":0,"k":0,"ix":6},"o":{"a":0,"k":100,"ix":7},"sk":{"a":0,"k":0,"ix":4},"sa":{"a":0,"k":0,"ix":5},"nm":"Transform"}],"nm":"Group 2","np":2,"cix":2,"bm":0,"ix":2,"mn":"ADBE Vector Group","hd":false}],"ip":0,"op":240,"st":0,"bm":0},{"ddd":0,"ind":3,"ty":4,"nm":"Ð¡Ð»Ð¾Ð¹ 18 Outlines 2","sr":1,"ks":{"o":{"a":0,"k":100,"ix":11},"r":{"a":0,"k":0,"ix":10},"p":{"a":1,"k":[{"i":{"x":0,"y":1},"o":{"x":0.05,"y":0},"t":15,"s":[1190.95,1122.078,0],"to":[-85.95,77.922,0],"ti":[-75,25,0]},{"i":{"x":0.95,"y":0.95},"o":{"x":0.05,"y":0.05},"t":35,"s":[1640.95,972.078,0],"to":[0,0,0],"ti":[0,0,0]},{"i":{"x":0.95,"y":1},"o":{"x":1,"y":0},"t":145,"s":[1640.95,972.078,0],"to":[-75,25,0],"ti":[75,-25,0]},{"t":165,"s":[1190.95,1122.078,0]}],"ix":2,"l":2},"a":{"a":0,"k":[14.369,30.252,0],"ix":1,"l":2},"s":{"a":0,"k":[1772,1772,100],"ix":6,"l":2}},"ao":0,"shapes":[{"ty":"gr","it":[{"ind":0,"ty":"sh","ix":1,"ks":{"a":0,"k":{"i":[[-2.368,-0.581],[-1.367,-2.927],[1.156,-2.399],[2.621,-0.377],[-0.057,0.544],[2.755,1.371],[-0.012,0.057],[-0.09,0.013]],"o":[[5.019,0.987],[1.156,2.403],[-2.092,4.54],[-0.541,0.082],[1.339,-12.58],[-0.118,-0.061],[0.009,-0.041],[5.962,-0.11]],"v":[[2.029,-9.287],[11.715,-3.358],[11.715,4.23],[0.259,10.605],[-0.661,9.671],[-12.728,-10.244],[-12.859,-10.457],[-12.712,-10.577]],"c":true},"ix":2},"nm":"Path 1","mn":"ADBE Vector Shape - Group","hd":false},{"ty":"fl","c":{"a":0,"k":[0.89019613827,0.117647066303,0.188235309077,1],"ix":4},"o":{"a":0,"k":100,"ix":5},"r":1,"bm":0,"nm":"Fill 1","mn":"ADBE Vector Graphic - Fill","hd":false},{"ty":"tr","p":{"a":0,"k":[15.616,49.567],"ix":2},"a":{"a":0,"k":[0,0],"ix":1},"s":{"a":0,"k":[100,100],"ix":3},"r":{"a":0,"k":0,"ix":6},"o":{"a":0,"k":100,"ix":7},"sk":{"a":0,"k":0,"ix":4},"sa":{"a":0,"k":0,"ix":5},"nm":"Transform"}],"nm":"Group 1","np":2,"cix":2,"bm":0,"ix":1,"mn":"ADBE Vector Group","hd":false}],"ip":15,"op":165,"st":5,"bm":0},{"ddd":0,"ind":4,"ty":4,"nm":"Ð¡Ð»Ð¾Ð¹ 18 Outlines","sr":1,"ks":{"o":{"a":0,"k":100,"ix":11},"r":{"a":0,"k":0,"ix":10},"p":{"a":1,"k":[{"i":{"x":0,"y":1},"o":{"x":0.05,"y":0},"t":15,"s":[1190.95,972.078,0],"to":[75,0,0],"ti":[-75,0,0]},{"i":{"x":0.95,"y":0.95},"o":{"x":0.05,"y":0.05},"t":35,"s":[1640.95,972.078,0],"to":[0,0,0],"ti":[0,0,0]},{"i":{"x":0.95,"y":1},"o":{"x":1,"y":0},"t":145,"s":[1640.95,972.078,0],"to":[-75,0,0],"ti":[75,0,0]},{"t":165,"s":[1190.95,972.078,0]}],"ix":2,"l":2},"a":{"a":0,"k":[14.369,30.252,0],"ix":1,"l":2},"s":{"a":0,"k":[1772,1772,100],"ix":6,"l":2}},"ao":0,"shapes":[{"ty":"gr","it":[{"ind":0,"ty":"sh","ix":1,"ks":{"a":0,"k":{"i":[[0,-5.682],[2.849,-4.217],[-0.517,-0.09],[-0.749,-0.021],[-1.852,7.279],[10.256,0],[1.038,-0.213],[0.081,-0.127],[-0.098,-0.135]],"o":[[0,5.445],[-0.293,0.433],[0.712,0.123],[7.468,0.196],[2.743,-10.811],[-1.115,0],[-0.142,0.033],[-0.098,0.156],[3.081,4.343]],"v":[[-5.974,0.063],[-10.447,14.797],[-9.963,15.906],[-7.765,16.119],[8.259,4.202],[-7.309,-16.315],[-10.53,-15.984],[-10.903,-15.759],[-10.83,-15.259]],"c":true},"ix":2},"nm":"Path 1","mn":"ADBE Vector Shape - Group","hd":false},{"ty":"fl","c":{"a":0,"k":[0.89019613827,0.117647066303,0.188235309077,1],"ix":4},"o":{"a":0,"k":100,"ix":5},"r":1,"bm":0,"nm":"Fill 1","mn":"ADBE Vector Graphic - Fill","hd":false},{"ty":"tr","p":{"a":0,"k":[11.251,16.565],"ix":2},"a":{"a":0,"k":[0,0],"ix":1},"s":{"a":0,"k":[100,100],"ix":3},"r":{"a":0,"k":0,"ix":6},"o":{"a":0,"k":100,"ix":7},"sk":{"a":0,"k":0,"ix":4},"sa":{"a":0,"k":0,"ix":5},"nm":"Transform"}],"nm":"Group 2","np":2,"cix":2,"bm":0,"ix":2,"mn":"ADBE Vector Group","hd":false}],"ip":15,"op":165,"st":5,"bm":0},{"ddd":0,"ind":5,"ty":4,"nm":"Ð¡Ð»Ð¾Ð¹ 3 Outlines 2","sr":1,"ks":{"o":{"a":0,"k":100,"ix":11},"r":{"a":0,"k":0,"ix":10},"p":{"a":1,"k":[{"i":{"x":0,"y":1},"o":{"x":0.05,"y":0},"t":15,"s":[809.05,1122.051,0],"to":[86.201,78.074,0],"ti":[75,25,0]},{"i":{"x":0.95,"y":0.95},"o":{"x":0.05,"y":0.05},"t":35,"s":[359.05,972.051,0],"to":[0,0,0],"ti":[0,0,0]},{"i":{"x":0.95,"y":1},"o":{"x":1,"y":0},"t":145,"s":[359.05,972.051,0],"to":[75,25,0],"ti":[-75,-25,0]},{"t":165,"s":[809.05,1122.051,0]}],"ix":2,"l":2},"a":{"a":0,"k":[14.368,30.251,0],"ix":1,"l":2},"s":{"a":0,"k":[1772,1772,100],"ix":6,"l":2}},"ao":0,"shapes":[{"ty":"gr","it":[{"ind":0,"ty":"sh","ix":1,"ks":{"a":0,"k":{"i":[[-0.009,-0.037],[0.114,-0.066],[-1.339,-12.575],[0.541,0.078],[2.092,4.54],[-1.16,2.403],[-5.019,0.99],[-5.966,-0.11]],"o":[[0.012,0.061],[-2.759,1.371],[0.057,0.549],[-2.621,-0.377],[-1.16,-2.403],[1.367,-2.927],[2.372,-0.578],[0.09,0.012]],"v":[[11.613,8.857],[11.486,9.074],[-0.585,28.985],[-1.501,29.923],[-12.958,23.549],[-12.958,15.959],[-3.275,10.028],[11.47,8.742]],"c":true},"ix":2},"nm":"Path 1","mn":"ADBE Vector Shape - Group","hd":false},{"ty":"mm","mm":1,"nm":"Merge Paths 1","mn":"ADBE Vector Filter - Merge","hd":false},{"ty":"fl","c":{"a":0,"k":[0.89019613827,0.117647066303,0.188235309077,1],"ix":4},"o":{"a":0,"k":100,"ix":5},"r":1,"bm":0,"nm":"Fill 1","mn":"ADBE Vector Graphic - Fill","hd":false},{"ty":"tr","p":{"a":0,"k":[14.368,30.251],"ix":2},"a":{"a":0,"k":[0,0],"ix":1},"s":{"a":0,"k":[100,100],"ix":3},"r":{"a":0,"k":0,"ix":6},"o":{"a":0,"k":100,"ix":7},"sk":{"a":0,"k":0,"ix":4},"sa":{"a":0,"k":0,"ix":5},"nm":"Transform"}],"nm":"Group 1","np":4,"cix":2,"bm":0,"ix":1,"mn":"ADBE Vector Group","hd":false}],"ip":15,"op":165,"st":5,"bm":0},{"ddd":0,"ind":6,"ty":4,"nm":"Ð¡Ð»Ð¾Ð¹ 3 Outlines","sr":1,"ks":{"o":{"a":0,"k":100,"ix":11},"r":{"a":0,"k":0,"ix":10},"p":{"a":1,"k":[{"i":{"x":0,"y":1},"o":{"x":0.05,"y":0},"t":15,"s":[809.05,972.051,0],"to":[-75,0,0],"ti":[75,0,0]},{"i":{"x":0.95,"y":0.95},"o":{"x":0.05,"y":0.05},"t":35,"s":[359.05,972.051,0],"to":[0,0,0],"ti":[0,0,0]},{"i":{"x":0.95,"y":1},"o":{"x":1,"y":0},"t":145,"s":[359.05,972.051,0],"to":[75,0,0],"ti":[-75,0,0]},{"t":165,"s":[809.05,972.051,0]}],"ix":2,"l":2},"a":{"a":0,"k":[14.368,30.251,0],"ix":1,"l":2},"s":{"a":0,"k":[1772,1772,100],"ix":6,"l":2}},"ao":0,"shapes":[{"ty":"gr","it":[{"ind":1,"ty":"sh","ix":2,"ks":{"a":0,"k":{"i":[[-7.468,0.197],[-0.716,0.127],[0.293,0.434],[0,5.445],[-3.081,4.344],[0.094,0.156],[0.138,0.033],[1.115,0],[-2.748,-10.812]],"o":[[0.749,-0.02],[0.517,-0.09],[-2.849,-4.216],[0,-5.682],[0.098,-0.135],[-0.081,-0.123],[-1.042,-0.213],[-10.256,0],[1.851,7.278]],"v":[[10.886,2.433],[13.084,2.22],[13.568,1.111],[9.095,-13.622],[13.951,-28.945],[14.024,-29.444],[13.65,-29.669],[10.426,-30.001],[-5.137,-9.483]],"c":true},"ix":2},"nm":"Path 2","mn":"ADBE Vector Shape - Group","hd":false},{"ty":"mm","mm":1,"nm":"Merge Paths 1","mn":"ADBE Vector Filter - Merge","hd":false},{"ty":"fl","c":{"a":0,"k":[0.89019613827,0.117647066303,0.188235309077,1],"ix":4},"o":{"a":0,"k":100,"ix":5},"r":1,"bm":0,"nm":"Fill 1","mn":"ADBE Vector Graphic - Fill","hd":false},{"ty":"tr","p":{"a":0,"k":[14.368,30.251],"ix":2},"a":{"a":0,"k":[0,0],"ix":1},"s":{"a":0,"k":[100,100],"ix":3},"r":{"a":0,"k":0,"ix":6},"o":{"a":0,"k":100,"ix":7},"sk":{"a":0,"k":0,"ix":4},"sa":{"a":0,"k":0,"ix":5},"nm":"Transform"}],"nm":"Group 1","np":4,"cix":2,"bm":0,"ix":1,"mn":"ADBE Vector Group","hd":false}],"ip":15,"op":165,"st":5,"bm":0}],"markers":[]}