{"v":"5.0.0","fr":10,"ip":0,"op":20,"w":50,"h":50,"ddd":0,"assets":[],"layers":[{"ddd":0,"ind":1,"nm":"filled","ks":{"p":{"a":0,"k":[25,25]},"a":{"a":0,"k":[14,9,0]},"s":{"a":0,"k":[100,100,100]},"r":{"a":1,"k":[{"t":15,"s":[0],"i":{"x":[0.58],"y":[1]},"o":{"x":[0],"y":[0]},"e":[8]},{"t":16,"s":[8],"i":{"x":[0.58],"y":[1]},"o":{"x":[0],"y":[0]},"e":[0]},{"t":17}]},"o":{"a":0,"k":100}},"ao":0,"ip":0,"op":20,"st":0,"bm":0,"sr":1,"ty":4,"shapes":[{"ty":"gr","it":[{"ty":"sh","d":1,"ks":{"a":0,"k":{"i":[[0,0],[-1.079,-1.482],[0,0],[0,0],[-1.83,0],[0,4.962],[4.962,0],[0,0],[0,-4.963]],"o":[[0,1.969],[0,0],[0,0],[1.423,0.942],[4.963,0],[0,-4.962],[0,0],[-4.963,0],[0,0]],"v":[[5,9],[6.713,14.275],[5.592,17.619],[9.051,16.513],[14.002,18],[23,9],[14.002,0],[13.998,0],[5,9]],"c":true},"nm":"Name","hd":false}},{"ty":"sh","d":1,"ks":{"a":0,"k":{"i":[[0,0],[0.687,-0.149],[2.068,0.857],[0.133,0.174],[0,1.292],[-0.264,0.27],[-0.344,0],[-0.09,-0.005],[-0.174,-0.417],[-0.063,-0.133],[0.09,-0.174],[0.133,-0.153],[0.133,-0.164],[-0.153,-0.264],[-0.779,-0.693],[-0.291,-0.121],[-0.159,0.169],[-0.253,0.354],[-0.239,-0.09],[-0.264,-0.132],[-0.064,-0.111],[0.217,-0.614]],"o":[[-0.217,0.613],[-0.47,0.1],[-2.645,-1.096],[-0.127,-0.174],[0,-1.292],[0.217,-0.221],[0.111,0],[0.264,0.012],[0.217,0.523],[0.065,0.133],[-0.085,0.18],[-0.132,0.153],[-0.122,0.143],[0.153,0.258],[1.005,0.895],[0.217,0.09],[0.202,-0.217],[0.18,-0.254],[0.243,0.084],[0.265,0.133],[0.063,0.112],[0,0]],"v":[[19.239,12.709],[17.473,13.979],[14.321,13.302],[9.84,9.344],[8.771,6.63],[9.691,4.439],[10.612,4.116],[10.913,4.126],[11.485,4.571],[12.293,6.518],[12.332,7.005],[12.04,7.418],[11.649,7.852],[11.543,8.413],[13.003,10.227],[15.114,11.529],[15.748,11.429],[16.451,10.497],[17.097,10.302],[18.89,11.153],[19.393,11.46],[19.239,12.709]],"c":true},"nm":"Name","hd":false}},{"ty":"st","c":{"a":0,"k":[0.4,0.4,0.4,1]},"nm":"Stroke 1","o":{"a":1,"k":[{"t":10,"s":[100],"i":{"x":[0.833],"y":[0.833]},"o":{"x":[0.167],"y":[0.167]},"e":[0]},{"t":11}]},"w":{"a":0,"k":1},"lc":2,"lj":2,"ml":1,"d":[{"n":"d","nm":"dash","v":{"a":0,"k":94}},{"n":"g","nm":"gap","v":{"a":0,"k":94}},{"n":"o","nm":"offset","v":{"a":1,"k":[{"t":0,"s":[94],"i":{"x":[0.833],"y":[0.833]},"o":{"x":[0.167],"y":[0.167]},"e":[93]},{"t":2,"s":[93],"i":{"x":[0.58],"y":[1]},"o":{"x":[0],"y":[0]},"e":[34]},{"t":10}]}}]},{"ty":"fl","c":{"a":0,"k":[0.145,0.827,0.4,1]},"nm":"Fill 1","hd":false,"o":{"a":1,"k":[{"t":11,"s":[0],"i":{"x":[0.833],"y":[0.833]},"o":{"x":[0.167],"y":[0.167]},"e":[100]},{"t":14}]},"r":2},{"ty":"tr","p":{"a":0,"k":[0,0]},"a":{"a":0,"k":[0,0]},"s":{"a":0,"k":[100,100]},"r":{"a":0,"k":0},"o":{"a":0,"k":100},"sk":{"a":0,"k":0},"sa":{"a":0,"k":0},"nm":"Transform"}],"nm":"Object","hd":false}],"ln":"filled"}]}